txn_id,nameOrig,nameDest,type,amount,txn_datetime,merchant_category,region_name,flag_structuring,flag_outlier,risk_score
10,C877487404,C1753867292,CASH_OUT,4162556.00,2026-01-12 11:09:07.0000000,ATM Withdrawal,Bangalore,0,1,Medium
12,C234957990,C1475995578,CASH_OUT,2607790.50,2026-01-12 11:53:41.0000000,ATM Withdrawal,Pune,0,1,Medium
16,C1825605932,C822066250,CASH_OUT,2246118.50,2026-01-12 12:18:44.0000000,ATM Withdrawal,Mumbai,0,1,Medium
18,C805776817,C52020613,CASH_OUT,2554948.50,2026-01-12 12:14:02.0000000,ATM Withdrawal,Delhi,0,1,Medium
22,C808430979,C1601875596,CASH_OUT,1567591.25,2026-01-12 12:09:34.0000000,ATM Withdrawal,Chennai,0,1,Medium
32,C1970217984,C1229385284,CASH_OUT,2392482.75,2026-01-12 13:21:00.0000000,ATM Withdrawal,Hyderabad,0,1,Medium
73,C454501295,C1258227821,TRANSFER,5393228.00,2026-01-12 17:51:23.0000000,Wire Transfer,Pune,0,1,Medium
74,C651730161,C882871292,CASH_OUT,5393228.00,2026-01-12 17:11:46.0000000,ATM Withdrawal,Hyderabad,0,1,Medium
80,C606408866,C1601170327,CASH_OUT,2554663.00,2026-01-12 17:23:13.0000000,ATM Withdrawal,Kolkata,0,1,Medium
98,C1236734783,C2102471265,CASH_OUT,1564952.50,2026-01-12 18:34:19.0000000,ATM Withdrawal,Mumbai,0,1,Medium
100,C1858035274,C915489737,CASH_OUT,1709224.00,2026-01-12 18:39:31.0000000,ATM Withdrawal,Bangalore,0,1,Medium
127,C1140883229,C428749233,TRANSFER,4452001.00,2026-01-12 21:14:24.0000000,Wire Transfer,Bangalore,0,1,Medium
128,C1510732148,C988553635,CASH_OUT,4452001.00,2026-01-12 21:41:43.0000000,ATM Withdrawal,Chennai,0,1,Medium
131,C855788158,C1260877050,TRANSFER,6249266.00,2026-01-12 21:36:30.0000000,Wire Transfer,Ahmedabad,0,1,Medium
132,C435417424,C1577595866,CASH_OUT,6249266.00,2026-01-12 21:24:26.0000000,Wire Transfer,Bangalore,0,1,Medium
146,C372999326,C2116300479,CASH_OUT,2674794.25,2026-01-12 22:52:24.0000000,ATM Withdrawal,Kolkata,0,1,Medium
156,C1828168671,C133275555,CASH_OUT,1796406.63,2026-01-12 23:01:33.0000000,ATM Withdrawal,Delhi,0,1,Medium
159,C1425726290,C1670108631,TRANSFER,7109454.00,2026-01-12 23:28:27.0000000,Wire Transfer,Hyderabad,0,1,Medium
160,C34310706,C615611865,CASH_OUT,7109454.00,2026-01-12 23:56:16.0000000,ATM Withdrawal,Pune,0,1,Medium
168,C959100931,C377873806,CASH_OUT,1905476.25,2026-01-13 00:16:38.0000000,ATM Withdrawal,Ahmedabad,0,1,Medium
188,C594782618,C921928556,CASH_OUT,1454356.75,2026-01-13 02:05:45.0000000,ATM Withdrawal,Ahmedabad,0,1,Medium
200,C1373829253,C1286348462,CASH_OUT,2324907.00,2026-01-13 03:33:28.0000000,ATM Withdrawal,Bangalore,0,1,Medium
208,C1497963652,C1455938350,CASH_OUT,2582733.50,2026-01-13 04:29:31.0000000,ATM Withdrawal,Kolkata,0,1,Medium
216,C161612692,C338472327,CASH_OUT,3731378.25,2026-01-13 06:53:50.0000000,ATM Withdrawal,Pune,0,1,Medium
217,C2147008654,C722948959,TRANSFER,7809302.00,2026-01-13 06:12:14.0000000,Wire Transfer,Mumbai,0,1,Medium
218,C799015840,C1036604265,CASH_OUT,7809302.00,2026-01-13 06:41:07.0000000,ATM Withdrawal,Ahmedabad,0,1,Medium
232,C1092488663,C670879809,CASH_OUT,1748611.25,2026-01-13 07:00:03.0000000,Wire Transfer,Pune,0,1,Medium
237,C1067203186,C1086076552,TRANSFER,4531343.50,2026-01-13 07:08:36.0000000,Wire Transfer,Ahmedabad,0,1,Medium
238,C1462947577,C1069720,CASH_OUT,4531343.50,2026-01-13 07:48:43.0000000,Wire Transfer,Hyderabad,0,1,Medium
247,C68688915,C1379652013,TRANSFER,5591414.50,2026-01-13 08:23:07.0000000,Wire Transfer,Mumbai,0,1,Medium
248,C1864175867,C556373412,CASH_OUT,5591414.50,2026-01-13 08:52:19.0000000,Cash Deposit,Kolkata,0,1,Medium
256,C2110692683,C1822459038,CASH_OUT,3080973.50,2026-01-13 08:52:25.0000000,Cash Deposit,Hyderabad,0,1,Medium
258,C684191207,C189328986,CASH_OUT,3043141.00,2026-01-13 08:03:06.0000000,ATM Withdrawal,Mumbai,0,1,Medium
264,C2068796286,C1607775090,CASH_OUT,2131624.25,2026-01-13 09:32:32.0000000,ATM Withdrawal,Delhi,0,1,Medium
267,C1237857283,C578388393,TRANSFER,5591648.00,2026-01-13 09:23:23.0000000,Wire Transfer,Mumbai,0,1,Medium
268,C1455120619,C2080178799,CASH_OUT,5591648.00,2026-01-13 09:32:20.0000000,Cash Deposit,Chennai,0,1,Medium
270,C239028627,C836881979,CASH_OUT,3105902.50,2026-01-13 09:23:36.0000000,Cash Deposit,Kolkata,0,1,Medium
275,C811562034,C1606899764,TRANSFER,5166729.00,2026-01-13 11:17:19.0000000,Wire Transfer,Ahmedabad,0,1,Medium
276,C371181257,C1648449094,CASH_OUT,5166729.00,2026-01-13 11:13:22.0000000,Cash Deposit,Ahmedabad,0,1,Medium
300,C446736927,C1581175229,CASH_OUT,1788729.75,2026-01-13 14:16:54.0000000,Cash Deposit,Bangalore,0,1,Medium
317,C771544520,C1545277452,TRANSFER,5614246.00,2026-01-13 15:43:31.0000000,Wire Transfer,Pune,0,1,Medium
318,C1340929577,C1754723066,CASH_OUT,5614246.00,2026-01-13 15:05:27.0000000,Wire Transfer,Hyderabad,0,1,Medium
324,C937470096,C363508140,CASH_OUT,1754597.50,2026-01-13 17:55:13.0000000,ATM Withdrawal,Mumbai,0,1,Medium
328,C31072228,C2043561429,CASH_OUT,2321633.50,2026-01-13 17:02:04.0000000,ATM Withdrawal,Hyderabad,0,1,Medium
337,C261172273,C1673497915,TRANSFER,4262592.50,2026-01-13 18:40:55.0000000,Wire Transfer,Kolkata,0,1,Medium
338,C1909269068,C1758624073,CASH_OUT,4262592.50,2026-01-13 18:58:48.0000000,ATM Withdrawal,Pune,0,1,Medium
346,C2044685006,C1035537848,CASH_OUT,2052851.63,2026-01-13 18:19:43.0000000,ATM Withdrawal,Ahmedabad,0,1,Medium
348,C1652159172,C1212506708,CASH_OUT,2343696.75,2026-01-13 19:08:29.0000000,ATM Withdrawal,Ahmedabad,0,1,Medium
358,C1029257629,C1200877577,CASH_OUT,1749325.13,2026-01-13 19:58:49.0000000,ATM Withdrawal,Hyderabad,0,1,Medium
363,C146567614,C860816450,TRANSFER,6647156.00,2026-01-13 20:07:25.0000000,Wire Transfer,Bangalore,0,1,Medium
364,C2030660606,C1098443300,CASH_OUT,6647156.00,2026-01-13 20:49:08.0000000,ATM Withdrawal,Pune,0,1,Medium
372,C776987005,C960046463,CASH_OUT,2019509.00,2026-01-13 21:45:15.0000000,ATM Withdrawal,Hyderabad,0,1,Medium
374,C1526528147,C138172146,CASH_OUT,3490916.00,2026-01-13 21:18:00.0000000,ATM Withdrawal,Chennai,0,1,Medium
377,C1514931968,C1789156105,TRANSFER,5239429.00,2026-01-13 22:09:07.0000000,Wire Transfer,Ahmedabad,0,1,Medium
378,C1998644906,C658898647,CASH_OUT,5239429.00,2026-01-13 22:45:55.0000000,ATM Withdrawal,Kolkata,0,1,Medium
382,C455106183,C314805116,CASH_OUT,2081051.50,2026-01-13 22:19:39.0000000,ATM Withdrawal,Delhi,0,1,Medium
384,C715029330,C236534502,CASH_OUT,1868438.50,2026-01-13 22:18:22.0000000,ATM Withdrawal,Hyderabad,0,1,Medium
389,C1961162790,C111676219,TRANSFER,8589704.00,2026-01-13 23:30:53.0000000,Wire Transfer,Bangalore,0,1,Medium
390,C495266984,C597537774,CASH_OUT,8589704.00,2026-01-13 23:15:47.0000000,ATM Withdrawal,Bangalore,0,1,Medium
397,C1050618331,C1361886731,TRANSFER,6558088.00,2026-01-13 23:14:54.0000000,Wire Transfer,Bangalore,0,1,Medium
398,C89412579,C733817123,CASH_OUT,6558088.00,2026-01-13 23:07:55.0000000,Cash Deposit,Mumbai,0,1,Medium
400,C1805381656,C1314078496,CASH_OUT,2479691.25,2026-01-13 23:24:17.0000000,Wire Transfer,Kolkata,0,1,Medium
409,C575504528,C1530040429,TRANSFER,6580428.00,2026-01-14 00:32:30.0000000,Wire Transfer,Pune,0,1,Medium
410,C511307813,C377087678,CASH_OUT,6580428.00,2026-01-14 00:59:17.0000000,ATM Withdrawal,Kolkata,0,1,Medium
416,C97658415,C1960732564,CASH_OUT,1467325.00,2026-01-14 01:26:09.0000000,ATM Withdrawal,Mumbai,0,1,Medium
419,C229756338,C1902984290,TRANSFER,5818863.00,2026-01-14 01:37:07.0000000,Wire Transfer,Chennai,0,1,Medium
420,C1520029619,C152631073,CASH_OUT,5818863.00,2026-01-14 01:16:17.0000000,ATM Withdrawal,Hyderabad,0,1,Medium
428,C1499429209,C1399829166,CASH_OUT,2984434.25,2026-01-14 02:21:38.0000000,Wire Transfer,Bangalore,0,1,Medium
434,C602094058,C680273351,CASH_OUT,3972969.00,2026-01-14 03:10:03.0000000,ATM Withdrawal,Ahmedabad,0,1,Medium
435,C1800396600,C68101846,TRANSFER,4713935.50,2026-01-14 03:13:31.0000000,Wire Transfer,Ahmedabad,0,1,Medium
436,C791079404,C62464448,CASH_OUT,4713935.50,2026-01-14 03:26:31.0000000,ATM Withdrawal,Mumbai,0,1,Medium
439,C149785547,C733601841,TRANSFER,7748802.00,2026-01-14 03:38:35.0000000,Wire Transfer,Delhi,0,1,Medium
440,C172044102,C648423233,CASH_OUT,7748802.00,2026-01-14 03:40:59.0000000,ATM Withdrawal,Kolkata,0,1,Medium
444,C1679134628,C1851310686,CASH_OUT,1825908.13,2026-01-14 04:20:46.0000000,ATM Withdrawal,Mumbai,0,1,Medium
479,C1479969874,C327601402,TRANSFER,4895343.50,2026-01-14 07:13:59.0000000,Wire Transfer,Hyderabad,0,1,Medium
480,C2003694835,C1708120011,CASH_OUT,4895343.50,2026-01-14 07:28:03.0000000,ATM Withdrawal,Pune,0,1,Medium
493,C1495344095,C128292751,TRANSFER,8950011.00,2026-01-14 08:21:57.0000000,Wire Transfer,Ahmedabad,0,1,Medium
494,C780587384,C602293403,CASH_OUT,8950011.00,2026-01-14 08:17:16.0000000,Wire Transfer,Mumbai,0,1,Medium
514,C4863930,C581627997,CASH_OUT,2533650.00,2026-01-14 10:40:34.0000000,Wire Transfer,Bangalore,0,1,Medium
520,C2063172145,C835515236,CASH_OUT,2274766.00,2026-01-14 10:21:01.0000000,ATM Withdrawal,Chennai,0,1,Medium
523,C1256410677,C1153188048,TRANSFER,9208369.00,2026-01-14 10:30:09.0000000,Wire Transfer,Chennai,0,1,Medium
524,C1490382663,C601562346,CASH_OUT,9208369.00,2026-01-14 10:31:26.0000000,ATM Withdrawal,Ahmedabad,0,1,Medium
525,C926688459,C1810250799,TRANSFER,7596887.00,2026-01-14 11:47:43.0000000,Wire Transfer,Chennai,0,1,Medium
526,C1942950399,C1781043707,CASH_OUT,7596887.00,2026-01-14 11:09:21.0000000,ATM Withdrawal,Ahmedabad,0,1,Medium
554,C1104869047,C950258202,CASH_OUT,1445166.75,2026-01-14 13:54:49.0000000,ATM Withdrawal,Mumbai,0,1,Medium
555,C1767197728,C1526183462,TRANSFER,6546019.00,2026-01-14 14:17:50.0000000,Wire Transfer,Mumbai,0,1,Medium
556,C1776150191,C562081008,CASH_OUT,6546019.00,2026-01-14 14:54:45.0000000,Cash Deposit,Chennai,0,1,Medium
590,C1269100700,C12644050,CASH_OUT,2299330.50,2026-01-14 16:50:09.0000000,ATM Withdrawal,Kolkata,0,1,Medium
596,C1080618255,C2108426428,CASH_OUT,2137134.25,2026-01-14 16:42:41.0000000,ATM Withdrawal,Bangalore,0,1,Medium
598,C1267379776,C355648963,CASH_OUT,3551022.75,2026-01-14 17:42:22.0000000,ATM Withdrawal,Delhi,0,1,Medium
609,C1938563375,C1187100670,TRANSFER,9198460.00,2026-01-14 18:38:16.0000000,Wire Transfer,Chennai,0,1,Medium
610,C1904629487,C1741955070,CASH_OUT,9198460.00,2026-01-14 18:49:15.0000000,ATM Withdrawal,Hyderabad,0,1,Medium
626,C828265234,C62106011,CASH_OUT,2070939.88,2026-01-14 21:06:11.0000000,Cash Deposit,Hyderabad,0,1,Medium
632,C386318315,C800378513,CASH_OUT,1861928.38,2026-01-14 21:56:57.0000000,ATM Withdrawal,Chennai,0,1,Medium
640,C82999164,C95880754,CASH_OUT,1495203.75,2026-01-14 23:03:22.0000000,ATM Withdrawal,Ahmedabad,0,1,Medium
646,C865094709,C1348689298,CASH_OUT,1950022.88,2026-01-15 00:36:55.0000000,ATM Withdrawal,Ahmedabad,0,1,Medium
649,C139878018,C1395018529,TRANSFER,5903457.50,2026-01-15 00:51:35.0000000,Wire Transfer,Mumbai,0,1,Medium
650,C1826922858,C461663138,CASH_OUT,5903457.50,2026-01-15 00:08:21.0000000,ATM Withdrawal,Mumbai,0,1,Medium
682,C337289783,C976257399,CASH_OUT,1532281.63,2026-01-15 03:28:21.0000000,ATM Withdrawal,Mumbai,0,1,Medium
687,C1482401390,C1010534882,TRANSFER,4896179.50,2026-01-15 04:35:02.0000000,Wire Transfer,Hyderabad,0,1,Medium
688,C1971684490,C497024597,CASH_OUT,4896179.50,2026-01-15 04:38:30.0000000,ATM Withdrawal,Mumbai,0,1,Medium
691,C1888264566,C947826109,TRANSFER,4677359.00,2026-01-15 04:35:50.0000000,Wire Transfer,Chennai,0,1,Medium
692,C171367749,C725544013,CASH_OUT,4677359.00,2026-01-15 04:14:20.0000000,ATM Withdrawal,Kolkata,0,1,Medium
698,C1012799951,C1240944469,CASH_OUT,3011102.25,2026-01-15 05:04:35.0000000,Cash Deposit,Pune,0,1,Medium
732,C1202921665,C1366192319,CASH_OUT,2231580.50,2026-01-15 08:51:51.0000000,Wire Transfer,Ahmedabad,0,1,Medium
739,C76442447,C684493652,TRANSFER,8994287.00,2026-01-15 09:01:37.0000000,Wire Transfer,Bangalore,0,1,Medium
740,C180006321,C1877082345,CASH_OUT,8994287.00,2026-01-15 09:59:45.0000000,ATM Withdrawal,Mumbai,0,1,Medium
748,C3976987,C465144377,CASH_OUT,1504870.38,2026-01-15 10:40:58.0000000,ATM Withdrawal,Delhi,0,1,Medium
755,C1893971699,C520742045,TRANSFER,7445821.00,2026-01-15 12:32:16.0000000,Wire Transfer,Kolkata,0,1,Medium
756,C482730402,C1332693814,CASH_OUT,7445821.00,2026-01-15 12:32:28.0000000,ATM Withdrawal,Ahmedabad,0,1,Medium
766,C294569503,C229133194,CASH_OUT,3309631.00,2026-01-15 13:15:08.0000000,ATM Withdrawal,Mumbai,0,1,Medium
784,C67550882,C58470057,CASH_OUT,2728625.75,2026-01-15 14:35:43.0000000,ATM Withdrawal,Kolkata,0,1,Medium
785,C1131453044,C191560026,TRANSFER,5963850.50,2026-01-15 14:36:34.0000000,Wire Transfer,Chennai,0,1,Medium
786,C1892591356,C1336813990,CASH_OUT,5963850.50,2026-01-15 14:11:42.0000000,ATM Withdrawal,Kolkata,0,1,Medium
799,C355768552,C191674614,TRANSFER,6417789.00,2026-01-15 15:25:00.0000000,Wire Transfer,Chennai,0,1,Medium
800,C14516308,C1104416444,CASH_OUT,6417789.00,2026-01-15 15:20:09.0000000,ATM Withdrawal,Hyderabad,0,1,Medium
802,C353183181,C2040628937,CASH_OUT,4129483.00,2026-01-15 15:19:27.0000000,ATM Withdrawal,Delhi,0,1,Medium
805,C417981063,C1176673721,TRANSFER,9772559.00,2026-01-15 15:45:17.0000000,Wire Transfer,Chennai,0,1,Medium
806,C1597398625,C1830194909,CASH_OUT,9772559.00,2026-01-15 15:05:30.0000000,ATM Withdrawal,Chennai,0,1,Medium
807,C1914099833,C1517275009,TRANSFER,6721321.50,2026-01-15 15:12:32.0000000,Wire Transfer,Delhi,0,1,Medium
808,C276220199,C150133143,CASH_OUT,6721321.50,2026-01-15 15:24:35.0000000,ATM Withdrawal,Kolkata,0,1,Medium
810,C1791470904,C388319905,CASH_OUT,1552664.38,2026-01-15 15:26:19.0000000,ATM Withdrawal,Mumbai,0,1,Medium
814,C433434027,C916183053,CASH_OUT,2111475.75,2026-01-15 16:41:17.0000000,ATM Withdrawal,Ahmedabad,0,1,Medium
819,C1023551084,C257701345,TRANSFER,7454553.00,2026-01-15 16:53:36.0000000,Wire Transfer,Chennai,0,1,Medium
820,C1952070142,C1302887939,CASH_OUT,7454553.00,2026-01-15 16:06:38.0000000,ATM Withdrawal,Kolkata,0,1,Medium
826,C248073362,C840839680,CASH_OUT,1962548.50,2026-01-15 16:28:55.0000000,ATM Withdrawal,Bangalore,0,1,Medium
837,C350993487,C1614280501,TRANSFER,9299230.00,2026-01-15 18:24:14.0000000,Wire Transfer,Kolkata,0,1,Medium
838,C1363018209,C1049795740,CASH_OUT,9299230.00,2026-01-15 18:32:48.0000000,Cash Deposit,Hyderabad,0,1,Medium
847,C622353866,C955190047,TRANSFER,5338163.00,2026-01-15 19:00:17.0000000,Wire Transfer,Pune,0,1,Medium
848,C1742651298,C866531579,CASH_OUT,5338163.00,2026-01-15 19:57:07.0000000,ATM Withdrawal,Pune,0,1,Medium
850,C1645091760,C504240309,CASH_OUT,3592597.00,2026-01-15 19:25:59.0000000,Wire Transfer,Mumbai,0,1,Medium
857,C1569009550,C1429463996,TRANSFER,5952739.50,2026-01-15 20:38:36.0000000,Wire Transfer,Ahmedabad,0,1,Medium
858,C902008507,C1795644557,CASH_OUT,5952739.50,2026-01-15 20:37:02.0000000,ATM Withdrawal,Ahmedabad,0,1,Medium
864,C1918267923,C1297204700,CASH_OUT,2239461.25,2026-01-15 21:05:23.0000000,ATM Withdrawal,Chennai,0,1,Medium
872,C376454889,C1559513408,CASH_OUT,4177467.50,2026-01-15 21:16:08.0000000,ATM Withdrawal,Ahmedabad,0,1,Medium
881,C441240054,C1113984965,TRANSFER,5656417.00,2026-01-15 22:33:41.0000000,Wire Transfer,Mumbai,0,1,Medium
882,C391508712,C447486475,CASH_OUT,5656417.00,2026-01-15 22:26:43.0000000,ATM Withdrawal,Hyderabad,0,1,Medium
888,C498447652,C17820769,CASH_OUT,1438737.75,2026-01-15 22:52:07.0000000,ATM Withdrawal,Pune,0,1,Medium
898,C374971374,C738912638,CASH_OUT,2056779.25,2026-01-15 23:37:20.0000000,ATM Withdrawal,Hyderabad,0,1,Medium
899,C1805149634,C849581392,TRANSFER,7428844.50,2026-01-15 23:09:26.0000000,Wire Transfer,Ahmedabad,0,1,Medium
900,C2052842135,C1331351284,CASH_OUT,7428844.50,2026-01-15 23:58:09.0000000,ATM Withdrawal,Kolkata,0,1,Medium
912,C677566670,C931612164,CASH_OUT,3421212.00,2026-01-16 01:59:02.0000000,ATM Withdrawal,Mumbai,0,1,Medium
918,C1184890724,C140983265,CASH_OUT,1742012.00,2026-01-16 01:00:09.0000000,ATM Withdrawal,Chennai,0,1,Medium
924,C796529058,C338861738,CASH_OUT,1936403.63,2026-01-16 02:51:52.0000000,ATM Withdrawal,Hyderabad,0,1,Medium
939,C2068656014,C1266729216,TRANSFER,7677120.50,2026-01-16 02:59:42.0000000,Wire Transfer,Chennai,0,1,Medium
940,C2030295854,C383839277,CASH_OUT,7677120.50,2026-01-16 02:14:49.0000000,Wire Transfer,Mumbai,0,1,Medium
942,C34007989,C1902245575,CASH_OUT,1891922.00,2026-01-16 02:37:57.0000000,ATM Withdrawal,Bangalore,0,1,Medium
943,C875187668,C1712764754,TRANSFER,6513531.50,2026-01-16 03:14:16.0000000,Wire Transfer,Kolkata,0,1,Medium
944,C537091000,C1919442037,CASH_OUT,6513531.50,2026-01-16 03:21:39.0000000,ATM Withdrawal,Ahmedabad,0,1,Medium
946,C429080055,C1734499928,CASH_OUT,2115504.00,2026-01-16 03:14:50.0000000,ATM Withdrawal,Chennai,0,1,Medium
949,C219294261,C1925673449,TRANSFER,7703574.50,2026-01-16 03:28:36.0000000,Wire Transfer,Mumbai,0,1,Medium
950,C233751269,C300915892,CASH_OUT,7703574.50,2026-01-16 03:01:49.0000000,ATM Withdrawal,Kolkata,0,1,Medium
952,C356781229,C159373411,CASH_OUT,1715635.38,2026-01-16 03:55:59.0000000,ATM Withdrawal,Delhi,0,1,Medium
962,C1369312276,C584026670,CASH_OUT,3116889.50,2026-01-16 04:49:28.0000000,ATM Withdrawal,Ahmedabad,0,1,Medium
965,C794947414,C1309662059,TRANSFER,4841332.50,2026-01-16 05:20:49.0000000,Wire Transfer,Mumbai,0,1,Medium
966,C238987266,C1373089977,CASH_OUT,4841332.50,2026-01-16 05:48:00.0000000,ATM Withdrawal,Ahmedabad,0,1,Medium
974,C1149220913,C771492028,CASH_OUT,3244067.25,2026-01-16 05:37:05.0000000,ATM Withdrawal,Bangalore,0,1,Medium
978,C1233106691,C1805423931,CASH_OUT,1846748.75,2026-01-16 06:42:25.0000000,ATM Withdrawal,Mumbai,0,1,Medium
982,C399282086,C1910008940,CASH_OUT,2701644.25,2026-01-16 06:43:28.0000000,ATM Withdrawal,Chennai,0,1,Medium
985,C957078136,C819604043,TRANSFER,5807352.00,2026-01-16 06:21:30.0000000,Wire Transfer,Ahmedabad,0,1,Medium
986,C1254740800,C258745277,CASH_OUT,5807352.00,2026-01-16 06:18:33.0000000,ATM Withdrawal,Kolkata,0,1,Medium
1008,C128613711,C1898150915,CASH_OUT,1674146.00,2026-01-16 09:31:05.0000000,ATM Withdrawal,Chennai,0,1,Medium
1016,C628490839,C107223532,CASH_OUT,1822772.75,2026-01-16 10:16:02.0000000,ATM Withdrawal,Mumbai,0,1,Medium
1024,C2122707559,C737740255,CASH_OUT,1634184.00,2026-01-16 10:15:22.0000000,Retail Debit,Mumbai,0,1,Medium
1028,C395458530,C1340837967,CASH_OUT,1653144.13,2026-01-16 10:16:01.0000000,ATM Withdrawal,Delhi,0,1,Medium
1039,C1861461304,C618348006,TRANSFER,5464727.00,2026-01-16 12:24:18.0000000,Wire Transfer,Chennai,0,1,Medium
1040,C250061568,C1463443911,CASH_OUT,5464727.00,2026-01-16 12:56:18.0000000,ATM Withdrawal,Hyderabad,0,1,Medium
1044,C1763502384,C2027686342,CASH_OUT,2923356.25,2026-01-16 12:37:49.0000000,ATM Withdrawal,Mumbai,0,1,Medium
1047,C975117365,C1981314185,TRANSFER,4294676.00,2026-01-16 13:56:15.0000000,Wire Transfer,Hyderabad,0,1,Medium
1048,C525104705,C1490211524,CASH_OUT,4294676.00,2026-01-16 13:03:04.0000000,ATM Withdrawal,Chennai,0,1,Medium
1058,C1202085584,C1424764203,CASH_OUT,1968431.00,2026-01-16 14:31:09.0000000,ATM Withdrawal,Bangalore,0,1,Medium
1086,C843030857,C130896876,CASH_OUT,2344540.25,2026-01-16 17:31:46.0000000,ATM Withdrawal,Chennai,0,1,Medium
1109,C2084166173,C1399946131,TRANSFER,8317724.50,2026-01-16 19:35:14.0000000,Wire Transfer,Bangalore,0,1,Medium
1110,C2079730259,C684635804,CASH_OUT,8317724.50,2026-01-16 19:01:56.0000000,ATM Withdrawal,Hyderabad,0,1,Medium
1112,C588956129,C1673836428,CASH_OUT,2983996.50,2026-01-16 19:51:45.0000000,ATM Withdrawal,Pune,0,1,Medium
1113,C1149729385,C246500623,TRANSFER,4445514.00,2026-01-16 19:22:55.0000000,Wire Transfer,Chennai,0,1,Medium
1114,C812001868,C126759793,CASH_OUT,4445514.00,2026-01-16 19:13:50.0000000,ATM Withdrawal,Delhi,0,1,Medium
1118,C1489638562,C1524302218,CASH_OUT,3070710.00,2026-01-16 20:11:21.0000000,ATM Withdrawal,Bangalore,0,1,Medium
1134,C1834145577,C2086301492,CASH_OUT,1465173.75,2026-01-16 22:55:45.0000000,ATM Withdrawal,Bangalore,0,1,Medium
1138,C1681145385,C1060758741,CASH_OUT,1595587.50,2026-01-16 22:32:04.0000000,Cash Deposit,Mumbai,0,1,Medium
1142,C2019434914,C1700021809,CASH_OUT,4104942.75,2026-01-16 23:07:28.0000000,ATM Withdrawal,Bangalore,0,1,Medium
1143,C170364634,C128372734,TRANSFER,4961093.00,2026-01-16 23:34:50.0000000,Wire Transfer,Hyderabad,0,1,Medium
1144,C1283767836,C1198859415,CASH_OUT,4961093.00,2026-01-16 23:52:01.0000000,ATM Withdrawal,Bangalore,0,1,Medium
1151,C1497139417,C1561724492,TRANSFER,4731372.00,2026-01-16 23:14:00.0000000,Wire Transfer,Bangalore,0,1,Medium
1152,C1671601365,C66224368,CASH_OUT,4731372.00,2026-01-16 23:56:53.0000000,ATM Withdrawal,Ahmedabad,0,1,Medium
1158,C1418786836,C222850866,CASH_OUT,2374412.50,2026-01-17 00:31:07.0000000,ATM Withdrawal,Mumbai,0,1,Medium
1170,C869621048,C1722207907,CASH_OUT,1500582.13,2026-01-17 02:06:52.0000000,ATM Withdrawal,Mumbai,0,1,Medium
1173,C1769504839,C326851918,TRANSFER,6063657.00,2026-01-17 02:20:32.0000000,Wire Transfer,Kolkata,0,1,Medium
1174,C944295490,C925862909,CASH_OUT,6063657.00,2026-01-17 02:39:57.0000000,ATM Withdrawal,Kolkata,0,1,Medium
1184,C1391941558,C1943513449,CASH_OUT,1975271.75,2026-01-17 02:47:17.0000000,ATM Withdrawal,Chennai,0,1,Medium
1195,C908544136,C891140444,TRANSFER,4892193.00,2026-01-17 03:36:20.0000000,Wire Transfer,Delhi,0,1,Medium
1207,C1402670582,C1633747285,TRANSFER,9110884.00,2026-01-17 03:27:16.0000000,Wire Transfer,Kolkata,0,1,Medium
1208,C400087132,C413319813,CASH_OUT,9110884.00,2026-01-17 03:50:59.0000000,ATM Withdrawal,Kolkata,0,1,Medium
1216,C1787722017,C837578141,CASH_OUT,2641674.50,2026-01-17 04:40:06.0000000,Wire Transfer,Mumbai,0,1,Medium
1217,C1227628504,C1056406503,TRANSFER,6703831.50,2026-01-17 04:24:53.0000000,Wire Transfer,Bangalore,0,1,Medium
1218,C76062067,C1968350430,CASH_OUT,6703831.50,2026-01-17 04:51:46.0000000,Wire Transfer,Delhi,0,1,Medium
1223,C1537861219,C127451235,TRANSFER,5658123.50,2026-01-17 04:43:33.0000000,Wire Transfer,Ahmedabad,0,1,Medium
1224,C1969327890,C1613929073,CASH_OUT,5658123.50,2026-01-17 04:57:37.0000000,ATM Withdrawal,Mumbai,0,1,Medium
1237,C1360689528,C1674473954,TRANSFER,9060955.00,2026-01-17 05:18:19.0000000,Wire Transfer,Mumbai,0,1,Medium
1238,C896720879,C779650292,CASH_OUT,9060955.00,2026-01-17 05:03:57.0000000,ATM Withdrawal,Delhi,0,1,Medium
1243,C220187177,C1783675813,TRANSFER,4525901.00,2026-01-17 06:31:33.0000000,Wire Transfer,Pune,0,1,Medium
1244,C1633782,C1970845004,CASH_OUT,4525901.00,2026-01-17 06:06:32.0000000,ATM Withdrawal,Kolkata,0,1,Medium
1257,C785953522,C1331350711,TRANSFER,4559921.50,2026-01-17 07:50:23.0000000,Wire Transfer,Delhi,0,1,Medium
1258,C1705309294,C560881857,CASH_OUT,4559921.50,2026-01-17 07:18:40.0000000,ATM Withdrawal,Pune,0,1,Medium
1266,C1770745234,C805918938,CASH_OUT,2887744.25,2026-01-17 08:19:41.0000000,ATM Withdrawal,Kolkata,0,1,Medium
1288,C15998384,C1911997323,CASH_OUT,3354215.50,2026-01-17 10:48:02.0000000,ATM Withdrawal,Bangalore,0,1,Medium
1298,C1878609534,C1300753775,CASH_OUT,1547878.00,2026-01-17 12:31:57.0000000,ATM Withdrawal,Ahmedabad,0,1,Medium
1300,C156998155,C337441820,CASH_OUT,2189170.50,2026-01-17 12:08:16.0000000,ATM Withdrawal,Hyderabad,0,1,Medium
1306,C1471805107,C719805094,CASH_OUT,2107997.25,2026-01-17 13:59:40.0000000,ATM Withdrawal,Bangalore,0,1,Medium
1319,C2078773097,C775810552,TRANSFER,9725837.00,2026-01-17 14:34:56.0000000,Wire Transfer,Delhi,0,1,Medium
1320,C792281006,C416165291,CASH_OUT,9725837.00,2026-01-17 14:04:48.0000000,ATM Withdrawal,Bangalore,0,1,Medium
1326,C533314653,C890750407,CASH_OUT,1498296.50,2026-01-17 14:30:48.0000000,ATM Withdrawal,Kolkata,0,1,Medium
1331,C1730928931,C1461831726,TRANSFER,5618180.00,2026-01-17 14:00:29.0000000,Wire Transfer,Bangalore,0,1,Medium
1332,C770353571,C1829458210,CASH_OUT,5618180.00,2026-01-17 14:25:51.0000000,ATM Withdrawal,Kolkata,0,1,Medium
1337,C668700925,C1360905880,TRANSFER,4309298.50,2026-01-17 14:44:25.0000000,Wire Transfer,Kolkata,0,1,Medium
1338,C1906469429,C1015754309,CASH_OUT,4309298.50,2026-01-17 14:50:21.0000000,ATM Withdrawal,Hyderabad,0,1,Medium
1340,C181971032,C296076520,CASH_OUT,3580542.00,2026-01-17 14:26:09.0000000,ATM Withdrawal,Hyderabad,0,1,Medium
1342,C2135299801,C266594026,CASH_OUT,1442075.88,2026-01-17 15:20:22.0000000,ATM Withdrawal,Ahmedabad,0,1,Medium
1353,C429020184,C639339113,TRANSFER,5096946.50,2026-01-17 16:34:43.0000000,Wire Transfer,Delhi,0,1,Medium
1354,C417066150,C408849314,CASH_OUT,5096946.50,2026-01-17 16:02:29.0000000,ATM Withdrawal,Hyderabad,0,1,Medium
1359,C1508043591,C99418495,TRANSFER,4598090.00,2026-01-17 16:32:19.0000000,Wire Transfer,Bangalore,0,1,Medium
1360,C1115133775,C1079679103,CASH_OUT,4598090.00,2026-01-17 16:45:46.0000000,ATM Withdrawal,Chennai,0,1,Medium
1372,C1142691202,C1363990077,CASH_OUT,1806516.38,2026-01-17 17:28:42.0000000,ATM Withdrawal,Ahmedabad,0,1,Medium
1373,C2074526030,C1133721990,TRANSFER,4481768.50,2026-01-17 17:35:52.0000000,Wire Transfer,Hyderabad,0,1,Medium
1374,C1705612559,C1077224856,CASH_OUT,4481768.50,2026-01-17 17:16:20.0000000,Cash Deposit,Hyderabad,0,1,Medium
1379,C1915645992,C932447324,TRANSFER,5838803.00,2026-01-17 17:18:33.0000000,Wire Transfer,Chennai,0,1,Medium
1380,C388640141,C964377943,CASH_OUT,5838803.00,2026-01-17 17:20:19.0000000,ATM Withdrawal,Delhi,0,1,Medium
1382,C1346753121,C531695406,CASH_OUT,1672570.75,2026-01-17 17:37:32.0000000,ATM Withdrawal,Ahmedabad,0,1,Medium
1391,C2086367958,C1701205427,TRANSFER,4257337.50,2026-01-17 18:38:57.0000000,Wire Transfer,Hyderabad,0,1,Medium
1392,C1677738676,C1017016927,CASH_OUT,4257337.50,2026-01-17 18:26:54.0000000,ATM Withdrawal,Pune,0,1,Medium
1400,C392198260,C1091956539,CASH_OUT,2371324.75,2026-01-17 19:31:44.0000000,ATM Withdrawal,Hyderabad,0,1,Medium
1412,C694832431,C1264552873,CASH_OUT,2178303.50,2026-01-17 19:34:37.0000000,ATM Withdrawal,Delhi,0,1,Medium
1418,C711547506,C679271363,CASH_OUT,2754759.00,2026-01-17 20:16:04.0000000,Cash Deposit,Pune,0,1,Medium
1436,C1459823327,C1835896559,CASH_OUT,2740879.25,2026-01-17 21:17:01.0000000,ATM Withdrawal,Hyderabad,0,1,Medium
1450,C1407865578,C94243065,CASH_OUT,4160888.00,2026-01-17 22:50:29.0000000,ATM Withdrawal,Chennai,0,1,Medium
1454,C1262578601,C1211515404,CASH_OUT,2426077.00,2026-01-17 22:39:32.0000000,ATM Withdrawal,Kolkata,0,1,Medium
1459,C1353278775,C547279990,TRANSFER,4737833.50,2026-01-17 22:57:56.0000000,Wire Transfer,Chennai,0,1,Medium
1460,C450630495,C1565281210,CASH_OUT,4737833.50,2026-01-17 22:34:17.0000000,ATM Withdrawal,Ahmedabad,0,1,Medium
1468,C1812276359,C2107562172,CASH_OUT,2085274.38,2026-01-17 23:27:52.0000000,Wire Transfer,Bangalore,0,1,Medium
1472,C1656748822,C1457063167,CASH_OUT,2567602.00,2026-01-18 00:33:45.0000000,ATM Withdrawal,Pune,0,1,Medium
1486,C175222097,C335340729,CASH_OUT,2284476.00,2026-01-18 01:03:59.0000000,ATM Withdrawal,Chennai,0,1,Medium
1496,C1978325769,C297774281,CASH_OUT,3260215.75,2026-01-18 01:08:46.0000000,ATM Withdrawal,Ahmedabad,0,1,Medium
1499,C798979222,C1708698454,TRANSFER,9033761.00,2026-01-18 01:50:15.0000000,Wire Transfer,Pune,0,1,Medium
1500,C1698261280,C1997459124,CASH_OUT,9033761.00,2026-01-18 01:35:40.0000000,ATM Withdrawal,Ahmedabad,0,1,Medium
1502,C384267839,C225882502,CASH_OUT,2876010.50,2026-01-18 02:00:22.0000000,ATM Withdrawal,Hyderabad,0,1,Medium
1507,C688119342,C1773365552,TRANSFER,4900487.00,2026-01-18 02:58:26.0000000,Wire Transfer,Hyderabad,0,1,Medium
1508,C1615320222,C1322611502,CASH_OUT,4900487.00,2026-01-18 02:12:03.0000000,ATM Withdrawal,Ahmedabad,0,1,Medium
1520,C2090299993,C1327141186,CASH_OUT,2406332.75,2026-01-18 02:56:05.0000000,ATM Withdrawal,Kolkata,0,1,Medium
1526,C338311472,C1131834798,CASH_OUT,2068314.00,2026-01-18 03:06:21.0000000,ATM Withdrawal,Bangalore,0,1,Medium
1528,C1187974748,C1271941656,CASH_OUT,1464008.13,2026-01-18 03:21:55.0000000,ATM Withdrawal,Hyderabad,0,1,Medium
1535,C303116308,C1806524190,TRANSFER,6370727.00,2026-01-18 03:58:55.0000000,Wire Transfer,Bangalore,0,1,Medium
1536,C523292689,C1072409344,CASH_OUT,6370727.00,2026-01-18 03:08:29.0000000,ATM Withdrawal,Bangalore,0,1,Medium
1540,C136293883,C1901947774,CASH_OUT,2425164.50,2026-01-18 04:20:16.0000000,ATM Withdrawal,Bangalore,0,1,Medium
1547,C2060464348,C2079215936,TRANSFER,8536151.00,2026-01-18 05:46:59.0000000,Wire Transfer,Hyderabad,0,1,Medium
1548,C1712280078,C865601051,CASH_OUT,8536151.00,2026-01-18 05:46:59.0000000,ATM Withdrawal,Bangalore,0,1,Medium
1567,C635388534,C1846115729,TRANSFER,4602636.50,2026-01-18 06:50:50.0000000,Wire Transfer,Kolkata,0,1,Medium
1568,C684110102,C1700286607,CASH_OUT,4602636.50,2026-01-18 06:38:48.0000000,ATM Withdrawal,Kolkata,0,1,Medium
1570,C959785140,C473805746,CASH_OUT,3285475.50,2026-01-18 06:15:27.0000000,ATM Withdrawal,Pune,0,1,Medium
1586,C1457562899,C507441404,CASH_OUT,3242183.75,2026-01-18 07:21:09.0000000,ATM Withdrawal,Ahmedabad,0,1,Medium
1588,C2137951962,C309573869,CASH_OUT,1675153.25,2026-01-18 07:11:33.0000000,ATM Withdrawal,Mumbai,0,1,Medium
1598,C2110305720,C225008798,CASH_OUT,3019699.75,2026-01-18 08:20:59.0000000,ATM Withdrawal,Pune,0,1,Medium
1604,C1126334701,C18335029,CASH_OUT,2028897.13,2026-01-18 09:08:49.0000000,ATM Withdrawal,Ahmedabad,0,1,Medium
1612,C907941485,C1511253622,CASH_OUT,3118811.75,2026-01-18 11:22:19.0000000,ATM Withdrawal,Pune,0,1,Medium
1632,C2024056212,C1653697681,CASH_OUT,1464160.50,2026-01-18 12:17:08.0000000,ATM Withdrawal,Delhi,0,1,Medium
1637,C529879129,C423625625,TRANSFER,5455966.00,2026-01-18 13:25:37.0000000,Wire Transfer,Delhi,0,1,Medium
1638,C925348777,C1734033789,CASH_OUT,5455966.00,2026-01-18 13:09:36.0000000,ATM Withdrawal,Hyderabad,0,1,Medium
1640,C466100700,C552512951,CASH_OUT,1501341.88,2026-01-18 13:38:59.0000000,ATM Withdrawal,Hyderabad,0,1,Medium
1652,C35276012,C824786916,CASH_OUT,2897907.75,2026-01-18 14:41:29.0000000,ATM Withdrawal,Delhi,0,1,Medium
1654,C1117447229,C916997939,CASH_OUT,1857935.63,2026-01-18 14:50:36.0000000,ATM Withdrawal,Hyderabad,0,1,Medium
1658,C1622193267,C1576120612,CASH_OUT,3588175.00,2026-01-18 15:12:29.0000000,ATM Withdrawal,Kolkata,0,1,Medium
1663,C889342614,C542998030,TRANSFER,5475018.50,2026-01-18 16:25:23.0000000,Wire Transfer,Delhi,0,1,Medium
1664,C145448061,C1034609594,CASH_OUT,5475018.50,2026-01-18 16:57:21.0000000,ATM Withdrawal,Bangalore,0,1,Medium
1674,C323857001,C1982168080,CASH_OUT,2772748.25,2026-01-18 16:21:14.0000000,ATM Withdrawal,Bangalore,0,1,Medium
1682,C655470435,C1211152705,CASH_OUT,3401641.00,2026-01-18 17:03:10.0000000,ATM Withdrawal,Hyderabad,0,1,Medium
1697,C452586515,C1109166882,TRANSFER,9585040.00,2026-01-18 17:29:19.0000000,Wire Transfer,Delhi,0,1,Medium
1707,C800259537,C1893385934,TRANSFER,4892226.00,2026-01-18 19:16:45.0000000,Wire Transfer,Pune,0,1,Medium
1708,C505947737,C1438698807,CASH_OUT,4892226.00,2026-01-18 19:50:51.0000000,ATM Withdrawal,Hyderabad,0,1,Medium
1716,C901257542,C1688196964,CASH_OUT,3890628.00,2026-01-18 19:42:01.0000000,ATM Withdrawal,Ahmedabad,0,1,Medium
1724,C188968777,C1189187545,CASH_OUT,3028421.00,2026-01-18 20:38:43.0000000,ATM Withdrawal,Pune,0,1,Medium
1736,C265373063,C628493905,CASH_OUT,3302493.00,2026-01-18 22:38:54.0000000,ATM Withdrawal,Chennai,0,1,Medium
1738,C1776748909,C382300309,CASH_OUT,2828068.75,2026-01-18 22:48:48.0000000,ATM Withdrawal,Mumbai,0,1,Medium
1742,C1652874527,C1330039975,CASH_OUT,3718503.25,2026-01-18 23:21:32.0000000,ATM Withdrawal,Bangalore,0,1,Medium
1758,C1606056333,C2110335244,CASH_OUT,2040374.50,2026-01-19 02:14:00.0000000,ATM Withdrawal,Kolkata,0,1,Medium
1762,C1200746478,C1248241557,CASH_OUT,4152987.00,2026-01-19 02:06:58.0000000,ATM Withdrawal,Hyderabad,0,1,Medium
1768,C685396140,C961098321,CASH_OUT,1532229.75,2026-01-19 04:29:37.0000000,ATM Withdrawal,Chennai,0,1,Medium
1778,C1937566319,C2079293375,CASH_OUT,2388542.00,2026-01-19 04:30:31.0000000,ATM Withdrawal,Mumbai,0,1,Medium
1782,C1649836304,C14138104,CASH_OUT,4135944.25,2026-01-19 04:33:29.0000000,Wire Transfer,Chennai,0,1,Medium
1785,C1764648235,C894097120,TRANSFER,8006429.00,2026-01-19 05:07:22.0000000,Wire Transfer,Delhi,0,1,Medium
1786,C761504463,C1857128616,CASH_OUT,8006429.00,2026-01-19 05:00:09.0000000,ATM Withdrawal,Chennai,0,1,Medium
1798,C199337547,C915485442,CASH_OUT,3200270.25,2026-01-19 05:27:43.0000000,ATM Withdrawal,Bangalore,0,1,Medium
1801,C1985447713,C1824172019,TRANSFER,4626269.50,2026-01-19 06:55:23.0000000,Wire Transfer,Mumbai,0,1,Medium
1802,C1879221342,C280556441,CASH_OUT,4626269.50,2026-01-19 06:04:25.0000000,ATM Withdrawal,Ahmedabad,0,1,Medium
1804,C114220496,C1447772866,CASH_OUT,1648547.75,2026-01-19 06:56:08.0000000,ATM Withdrawal,Hyderabad,0,1,Medium
1820,C1052486086,C437308793,CASH_OUT,3653274.25,2026-01-19 07:49:55.0000000,ATM Withdrawal,Delhi,0,1,Medium
1822,C2144474125,C1652358920,CASH_OUT,3947541.25,2026-01-19 07:14:06.0000000,ATM Withdrawal,Mumbai,0,1,Medium
1827,C46140680,C1767092108,TRANSFER,4339822.00,2026-01-19 08:40:48.0000000,Wire Transfer,Bangalore,0,1,Medium
1828,C1536280530,C150352911,CASH_OUT,4339822.00,2026-01-19 08:50:42.0000000,ATM Withdrawal,Bangalore,0,1,Medium
1835,C2134666226,C1039951237,TRANSFER,5049594.50,2026-01-19 08:51:27.0000000,Wire Transfer,Pune,0,1,Medium
1836,C315872853,C1139193095,CASH_OUT,5049594.50,2026-01-19 08:47:45.0000000,ATM Withdrawal,Ahmedabad,0,1,Medium
1840,C1229304317,C1540888387,CASH_OUT,1912961.13,2026-01-19 08:10:21.0000000,ATM Withdrawal,Bangalore,0,1,Medium
1841,C2027207246,C1388180627,TRANSFER,5429154.00,2026-01-19 09:19:20.0000000,Wire Transfer,Kolkata,0,1,Medium
1842,C415854001,C655461013,CASH_OUT,5429154.00,2026-01-19 09:30:33.0000000,ATM Withdrawal,Bangalore,0,1,Medium
1854,C767286102,C1674131234,CASH_OUT,1487505.13,2026-01-19 10:26:19.0000000,ATM Withdrawal,Pune,0,1,Medium
1858,C868212192,C678830967,CASH_OUT,2758096.00,2026-01-19 10:52:55.0000000,ATM Withdrawal,Ahmedabad,0,1,Medium
1866,C142314551,C1793840709,CASH_OUT,1795622.75,2026-01-19 11:01:06.0000000,ATM Withdrawal,Ahmedabad,0,1,Medium
1868,C1863182512,C2126274036,CASH_OUT,1591263.38,2026-01-19 11:57:14.0000000,ATM Withdrawal,Pune,0,1,Medium
1882,C1674281831,C590901753,CASH_OUT,3752520.50,2026-01-19 12:08:49.0000000,ATM Withdrawal,Chennai,0,1,Medium
1896,C130301961,C338862629,CASH_OUT,2277862.75,2026-01-19 13:38:06.0000000,ATM Withdrawal,Delhi,0,1,Medium
1899,C1751529795,C1669818195,TRANSFER,7782452.00,2026-01-19 14:37:46.0000000,Wire Transfer,Ahmedabad,0,1,Medium
1900,C1601590561,C970433237,CASH_OUT,7782452.00,2026-01-19 14:41:37.0000000,ATM Withdrawal,Bangalore,0,1,Medium
1906,C398909840,C1072954107,CASH_OUT,2720647.75,2026-01-19 14:27:44.0000000,ATM Withdrawal,Pune,0,1,Medium
1916,C1897864068,C1441419882,CASH_OUT,3339489.50,2026-01-19 15:01:28.0000000,ATM Withdrawal,Pune,0,1,Medium
1918,C1072591824,C2109925830,CASH_OUT,3965182.75,2026-01-19 15:16:56.0000000,ATM Withdrawal,Mumbai,0,1,Medium
1932,C1721232424,C895676218,CASH_OUT,1965786.13,2026-01-19 17:52:51.0000000,ATM Withdrawal,Ahmedabad,0,1,Medium
1943,C920327149,C118210084,TRANSFER,9228514.00,2026-01-19 18:27:11.0000000,Wire Transfer,Delhi,0,1,Medium
1944,C616477106,C1405637035,CASH_OUT,9228514.00,2026-01-19 18:52:29.0000000,ATM Withdrawal,Pune,0,1,Medium
1948,C2142422300,C1173885211,CASH_OUT,1463764.38,2026-01-19 18:01:50.0000000,ATM Withdrawal,Kolkata,0,1,Medium
1961,C1538555812,C1230453143,TRANSFER,7578130.50,2026-01-19 20:05:58.0000000,Wire Transfer,Ahmedabad,0,1,Medium
1962,C1390409394,C1709267320,CASH_OUT,7578130.50,2026-01-19 20:53:08.0000000,Wire Transfer,Pune,0,1,Medium
1966,C1015856166,C1424612838,CASH_OUT,2600970.25,2026-01-19 21:42:49.0000000,ATM Withdrawal,Bangalore,0,1,Medium
1982,C759307305,C611078934,CASH_OUT,2108589.50,2026-01-19 23:13:00.0000000,ATM Withdrawal,Hyderabad,0,1,Medium
1990,C826677509,C1483869567,CASH_OUT,4017973.00,2026-01-20 00:36:52.0000000,ATM Withdrawal,Delhi,0,1,Medium
2034,C617173071,C706638819,CASH_OUT,2059980.13,2026-01-20 04:17:06.0000000,ATM Withdrawal,Mumbai,0,1,Medium
2046,C1138281794,C1873232780,CASH_OUT,1464614.75,2026-01-20 05:33:40.0000000,ATM Withdrawal,Ahmedabad,0,1,Medium
2047,C1269763321,C7990337,TRANSFER,6273660.50,2026-01-20 05:24:35.0000000,Wire Transfer,Ahmedabad,0,1,Medium
2048,C107395739,C133285167,CASH_OUT,6273660.50,2026-01-20 05:59:24.0000000,ATM Withdrawal,Kolkata,0,1,Medium
2063,C1976332867,C1903233179,TRANSFER,4342582.50,2026-01-20 06:46:27.0000000,Wire Transfer,Mumbai,0,1,Medium
2064,C978314426,C1219260366,CASH_OUT,4342582.50,2026-01-20 06:41:43.0000000,ATM Withdrawal,Bangalore,0,1,Medium
2078,C869608189,C1391783413,CASH_OUT,4152436.00,2026-01-20 07:41:41.0000000,ATM Withdrawal,Kolkata,0,1,Medium
2084,C1471437030,C765536045,CASH_OUT,1968008.50,2026-01-20 07:57:07.0000000,ATM Withdrawal,Chennai,0,1,Medium
2087,C180932654,C1673286866,TRANSFER,4640633.50,2026-01-20 08:57:53.0000000,Wire Transfer,Mumbai,0,1,Medium
2088,C2144262905,C1372520966,CASH_OUT,4640633.50,2026-01-20 08:31:40.0000000,ATM Withdrawal,Bangalore,0,1,Medium
2098,C1504023425,C538717920,CASH_OUT,1506795.13,2026-01-20 08:14:14.0000000,ATM Withdrawal,Chennai,0,1,Medium
2104,C1475261726,C1054474053,CASH_OUT,2577489.00,2026-01-20 09:26:34.0000000,ATM Withdrawal,Pune,0,1,Medium
2111,C43271707,C2144586539,TRANSFER,4690770.00,2026-01-20 09:40:13.0000000,Wire Transfer,Chennai,0,1,Medium
2112,C1265105517,C1603347069,CASH_OUT,4690770.00,2026-01-20 09:48:25.0000000,ATM Withdrawal,Hyderabad,0,1,Medium
2114,C1907027988,C1368065448,CASH_OUT,1760061.63,2026-01-20 09:19:27.0000000,ATM Withdrawal,Chennai,0,1,Medium
2117,C1197632627,C736141903,TRANSFER,4364760.50,2026-01-20 10:02:45.0000000,Wire Transfer,Chennai,0,1,Medium
2118,C821777202,C1421637972,CASH_OUT,4364760.50,2026-01-20 10:42:15.0000000,ATM Withdrawal,Kolkata,0,1,Medium
2126,C858034086,C233159904,CASH_OUT,2108441.00,2026-01-20 11:01:10.0000000,ATM Withdrawal,Delhi,0,1,Medium
2142,C1519723202,C2047987740,CASH_OUT,1455382.00,2026-01-20 12:17:54.0000000,ATM Withdrawal,Delhi,0,1,Medium
2145,C2061241585,C558432551,TRANSFER,4417192.00,2026-01-20 13:31:26.0000000,Wire Transfer,Hyderabad,0,1,Medium
2146,C790582807,C690378183,CASH_OUT,4417192.00,2026-01-20 13:42:44.0000000,ATM Withdrawal,Delhi,0,1,Medium
2151,C2041942844,C1100722756,TRANSFER,6484527.00,2026-01-20 13:15:53.0000000,Wire Transfer,Bangalore,0,1,Medium
2152,C370286354,C1781740019,CASH_OUT,6484527.00,2026-01-20 13:41:49.0000000,ATM Withdrawal,Mumbai,0,1,Medium
2158,C733220553,C362029597,CASH_OUT,2198221.00,2026-01-20 14:22:07.0000000,ATM Withdrawal,Ahmedabad,0,1,Medium
2160,C1981956148,C289828816,CASH_OUT,2859010.50,2026-01-20 14:22:36.0000000,ATM Withdrawal,Mumbai,0,1,Medium
2170,C342873826,C1459518542,CASH_OUT,2739869.50,2026-01-20 16:54:06.0000000,ATM Withdrawal,Delhi,0,1,Medium
2190,C285314242,C345891541,CASH_OUT,1499869.50,2026-01-20 18:55:49.0000000,ATM Withdrawal,Delhi,0,1,Medium
2217,C2023738276,C1104022737,TRANSFER,6646879.50,2026-01-20 21:47:28.0000000,Wire Transfer,Pune,0,1,Medium
2218,C356905617,C1736990542,CASH_OUT,6646879.50,2026-01-20 21:37:34.0000000,ATM Withdrawal,Pune,0,1,Medium
2219,C1490771263,C486822956,TRANSFER,9639525.00,2026-01-20 21:57:28.0000000,Wire Transfer,Kolkata,0,1,Medium
2220,C560583390,C1975522590,CASH_OUT,9639525.00,2026-01-20 21:17:59.0000000,ATM Withdrawal,Mumbai,0,1,Medium
2222,C1928293922,C2120663616,CASH_OUT,1720600.88,2026-01-20 21:19:45.0000000,Cash Deposit,Pune,0,1,Medium
2226,C1472018335,C1247462330,CASH_OUT,2254718.25,2026-01-20 22:09:56.0000000,ATM Withdrawal,Delhi,0,1,Medium
2231,C1780532253,C2065569880,TRANSFER,6669495.50,2026-01-20 23:26:45.0000000,Wire Transfer,Chennai,0,1,Medium
2232,C155884105,C52395788,CASH_OUT,6669495.50,2026-01-20 23:18:07.0000000,ATM Withdrawal,Delhi,0,1,Medium
2250,C670354135,C577804571,CASH_OUT,1710180.38,2026-01-21 01:11:38.0000000,ATM Withdrawal,Delhi,0,1,Medium
2266,C727140107,C1279293168,CASH_OUT,1451083.13,2026-01-21 02:02:10.0000000,Wire Transfer,Kolkata,0,1,Medium
2272,C1658688393,C2021292359,CASH_OUT,3488355.75,2026-01-21 03:30:04.0000000,ATM Withdrawal,Ahmedabad,0,1,Medium
2273,C149249593,C210740885,TRANSFER,7576324.50,2026-01-21 03:20:08.0000000,Wire Transfer,Ahmedabad,0,1,Medium
2274,C195861117,C1350236324,CASH_OUT,7576324.50,2026-01-21 03:58:23.0000000,ATM Withdrawal,Hyderabad,0,1,Medium
2286,C1558861751,C939990653,CASH_OUT,3351304.75,2026-01-21 05:25:57.0000000,ATM Withdrawal,Ahmedabad,0,1,Medium
2292,C164780972,C380842084,CASH_OUT,2755588.00,2026-01-21 05:18:05.0000000,Cash Deposit,Ahmedabad,0,1,Medium
2299,C1899244815,C1848485369,TRANSFER,4505012.50,2026-01-21 06:28:55.0000000,Wire Transfer,Chennai,0,1,Medium
2300,C1075946907,C1978376659,CASH_OUT,4505012.50,2026-01-21 06:19:10.0000000,ATM Withdrawal,Chennai,0,1,Medium
2308,C626221636,C1866292696,CASH_OUT,1610110.63,2026-01-21 07:46:30.0000000,ATM Withdrawal,Ahmedabad,0,1,Medium
2325,C46940943,C1142866922,TRANSFER,5363795.50,2026-01-21 08:03:13.0000000,Wire Transfer,Mumbai,0,1,Medium
2326,C1085308330,C403495240,CASH_OUT,5363795.50,2026-01-21 08:53:41.0000000,ATM Withdrawal,Mumbai,0,1,Medium
2331,C1144230283,C1501063702,TRANSFER,7515624.50,2026-01-21 09:40:59.0000000,Wire Transfer,Hyderabad,0,1,Medium
2332,C319141085,C1942668370,CASH_OUT,7515624.50,2026-01-21 09:25:02.0000000,ATM Withdrawal,Hyderabad,0,1,Medium
2344,C630013429,C1658435128,CASH_OUT,1927403.88,2026-01-21 10:26:31.0000000,ATM Withdrawal,Mumbai,0,1,Medium
2348,C520336445,C1651162496,CASH_OUT,3641525.75,2026-01-21 10:22:47.0000000,ATM Withdrawal,Ahmedabad,0,1,Medium
2364,C738609409,C1728230521,CASH_OUT,2985840.50,2026-01-21 12:52:49.0000000,ATM Withdrawal,Bangalore,0,1,Medium
2377,C973279667,C2055520993,TRANSFER,7078157.00,2026-01-21 14:25:45.0000000,Wire Transfer,Delhi,0,1,Medium
2378,C151517061,C51144678,CASH_OUT,7078157.00,2026-01-21 14:38:44.0000000,ATM Withdrawal,Bangalore,0,1,Medium
2382,C1013288403,C581415324,CASH_OUT,3642569.25,2026-01-21 14:14:46.0000000,ATM Withdrawal,Chennai,0,1,Medium
2408,C1062431728,C1354064635,CASH_OUT,2123610.50,2026-01-21 17:46:28.0000000,ATM Withdrawal,Bangalore,0,1,Medium
2410,C1454351572,C93303375,CASH_OUT,1939519.50,2026-01-21 17:27:11.0000000,ATM Withdrawal,Pune,0,1,Medium
2416,C1797769206,C676671018,CASH_OUT,3695430.00,2026-01-21 17:03:25.0000000,ATM Withdrawal,Kolkata,0,1,Medium
2437,C1050497545,C457890781,TRANSFER,9593839.00,2026-01-21 18:29:08.0000000,Wire Transfer,Hyderabad,0,1,Medium
2438,C1463520187,C1508969508,CASH_OUT,9593839.00,2026-01-21 18:00:16.0000000,ATM Withdrawal,Mumbai,0,1,Medium
2463,C1985220781,C1058239852,TRANSFER,6183238.50,2026-01-21 21:10:23.0000000,Wire Transfer,Delhi,0,1,Medium
2464,C1949843837,C392599315,CASH_OUT,6183238.50,2026-01-21 21:01:19.0000000,ATM Withdrawal,Kolkata,0,1,Medium
2465,C149938639,C1918368485,TRANSFER,9301213.00,2026-01-21 21:59:25.0000000,Wire Transfer,Hyderabad,0,1,Medium
2466,C2143419144,C754497050,CASH_OUT,9301213.00,2026-01-21 21:59:07.0000000,ATM Withdrawal,Mumbai,0,1,Medium
2473,C1191681942,C916997353,TRANSFER,8020192.00,2026-01-21 21:34:40.0000000,Wire Transfer,Ahmedabad,0,1,Medium
2474,C1073081182,C797209152,CASH_OUT,8020192.00,2026-01-21 21:52:38.0000000,Cash Deposit,Ahmedabad,0,1,Medium
2488,C386160700,C1099214627,CASH_OUT,1673066.13,2026-01-21 22:22:23.0000000,Cash Deposit,Pune,0,1,Medium
2489,C1927843897,C1253561836,TRANSFER,4758181.00,2026-01-21 22:13:04.0000000,Wire Transfer,Delhi,0,1,Medium
2490,C1958197086,C350442116,CASH_OUT,4758181.00,2026-01-21 22:03:02.0000000,ATM Withdrawal,Kolkata,0,1,Medium
2508,C1000484178,C895750711,CASH_OUT,3018810.75,2026-01-22 00:30:38.0000000,ATM Withdrawal,Mumbai,0,1,Medium
2514,C811947733,C216058028,CASH_OUT,2251225.50,2026-01-22 01:31:14.0000000,ATM Withdrawal,Chennai,0,1,Medium
2515,C1987026797,C1139368675,TRANSFER,4553004.50,2026-01-22 01:05:09.0000000,Wire Transfer,Bangalore,0,1,Medium
2516,C485487495,C49397017,CASH_OUT,4553004.50,2026-01-22 01:03:26.0000000,ATM Withdrawal,Hyderabad,0,1,Medium
2520,C1670945356,C788738425,CASH_OUT,2979972.75,2026-01-22 01:01:30.0000000,ATM Withdrawal,Pune,0,1,Medium
2527,C295695808,C1634584019,TRANSFER,7041719.50,2026-01-22 02:43:45.0000000,Wire Transfer,Mumbai,0,1,Medium
2528,C321971640,C2084611108,CASH_OUT,7041719.50,2026-01-22 02:00:01.0000000,ATM Withdrawal,Delhi,0,1,Medium
2534,C1981839007,C2021932305,CASH_OUT,2291498.75,2026-01-22 03:34:28.0000000,ATM Withdrawal,Hyderabad,0,1,Medium
2541,C1855522502,C2122742965,TRANSFER,7239987.00,2026-01-22 03:14:36.0000000,Wire Transfer,Kolkata,0,1,Medium
2542,C116882584,C2083647720,CASH_OUT,7239987.00,2026-01-22 03:00:34.0000000,ATM Withdrawal,Pune,0,1,Medium
2556,C759396393,C899155690,CASH_OUT,2656973.00,2026-01-22 05:06:46.0000000,ATM Withdrawal,Pune,0,1,Medium
2558,C2059919874,C1227773063,CASH_OUT,1994525.00,2026-01-22 05:38:43.0000000,Cash Deposit,Hyderabad,0,1,Medium
2566,C288197113,C793143843,CASH_OUT,3425386.75,2026-01-22 06:16:44.0000000,ATM Withdrawal,Chennai,0,1,Medium
2572,C1729291850,C900441286,CASH_OUT,3178881.75,2026-01-22 06:44:02.0000000,ATM Withdrawal,Pune,0,1,Medium
2583,C1466563113,C1693955122,TRANSFER,8991626.00,2026-01-22 08:16:28.0000000,Wire Transfer,Chennai,0,1,Medium
2584,C549493431,C1727929401,CASH_OUT,8991626.00,2026-01-22 08:52:47.0000000,Cash Deposit,Kolkata,0,1,Medium
2598,C678293431,C1229558199,CASH_OUT,1530378.50,2026-01-22 09:33:36.0000000,ATM Withdrawal,Ahmedabad,0,1,Medium
2609,C1709845779,C1035435015,TRANSFER,5912204.00,2026-01-22 10:24:45.0000000,Wire Transfer,Hyderabad,0,1,Medium
2610,C863943949,C2070535347,CASH_OUT,5912204.00,2026-01-22 10:01:57.0000000,ATM Withdrawal,Pune,0,1,Medium
2612,C724176081,C1715461224,CASH_OUT,3551771.25,2026-01-22 10:05:53.0000000,ATM Withdrawal,Mumbai,0,1,Medium
2634,C31108995,C1373418055,CASH_OUT,2625132.50,2026-01-22 12:34:20.0000000,ATM Withdrawal,Kolkata,0,1,Medium
2635,C86350927,C1577873680,TRANSFER,4993939.00,2026-01-22 13:54:20.0000000,Wire Transfer,Chennai,0,1,Medium
2636,C1437493877,C489326905,CASH_OUT,4993939.00,2026-01-22 13:02:14.0000000,ATM Withdrawal,Bangalore,0,1,Medium
2656,C499231161,C1478004882,CASH_OUT,1644253.63,2026-01-22 15:01:56.0000000,ATM Withdrawal,Chennai,0,1,Medium
2662,C547834649,C1618701019,CASH_OUT,3283696.00,2026-01-22 16:35:38.0000000,ATM Withdrawal,Hyderabad,0,1,Medium
2664,C381354324,C825395175,CASH_OUT,2871898.50,2026-01-22 16:44:08.0000000,Wire Transfer,Hyderabad,0,1,Medium
2666,C1825598858,C1736623686,CASH_OUT,1459180.13,2026-01-22 16:14:01.0000000,ATM Withdrawal,Bangalore,0,1,Medium
2667,C1540627735,C1584956712,TRANSFER,5469911.00,2026-01-22 16:08:07.0000000,Wire Transfer,Pune,0,1,Medium
2668,C1741031215,C1048619563,CASH_OUT,5469911.00,2026-01-22 16:59:46.0000000,ATM Withdrawal,Bangalore,0,1,Medium
2675,C1720256828,C1859977645,TRANSFER,5087422.00,2026-01-22 17:54:33.0000000,Wire Transfer,Bangalore,0,1,Medium
2676,C1987097058,C1995541082,CASH_OUT,5087422.00,2026-01-22 17:27:21.0000000,ATM Withdrawal,Hyderabad,0,1,Medium
2688,C1351380996,C1325425132,CASH_OUT,1752606.13,2026-01-22 18:53:32.0000000,ATM Withdrawal,Mumbai,0,1,Medium
2690,C1183754268,C2139688742,CASH_OUT,1543975.75,2026-01-22 18:43:27.0000000,ATM Withdrawal,Pune,0,1,Medium
2701,C1672263305,C1495920841,TRANSFER,7603589.50,2026-01-22 19:05:07.0000000,Wire Transfer,Mumbai,0,1,Medium
2702,C1668909596,C1668215397,CASH_OUT,7603589.50,2026-01-22 19:51:55.0000000,ATM Withdrawal,Bangalore,0,1,Medium
2708,C439658405,C1436830952,CASH_OUT,2135320.25,2026-01-22 19:23:46.0000000,ATM Withdrawal,Chennai,0,1,Medium
2717,C538300910,C158509882,TRANSFER,4623764.50,2026-01-22 19:26:59.0000000,Wire Transfer,Kolkata,0,1,Medium
2718,C201692865,C1546968291,CASH_OUT,4623764.50,2026-01-22 19:01:39.0000000,ATM Withdrawal,Bangalore,0,1,Medium
2727,C1206710867,C2020321619,TRANSFER,5999377.00,2026-01-22 19:25:18.0000000,Wire Transfer,Delhi,0,1,Medium
2728,C2134635077,C1893331060,CASH_OUT,5999377.00,2026-01-22 19:12:59.0000000,ATM Withdrawal,Bangalore,0,1,Medium
2758,C662152824,C1412203460,CASH_OUT,2173367.25,2026-01-23 00:10:13.0000000,ATM Withdrawal,Delhi,0,1,Medium
2770,C1093594459,C50284383,CASH_OUT,1773151.38,2026-01-23 01:22:07.0000000,Cash Deposit,Mumbai,0,1,Medium
2774,C355424107,C318965454,CASH_OUT,1679154.50,2026-01-23 01:28:08.0000000,ATM Withdrawal,Kolkata,0,1,Medium
2786,C1192862458,C1255659415,CASH_OUT,3547485.50,2026-01-23 03:39:40.0000000,ATM Withdrawal,Mumbai,0,1,Medium
2795,C1354536718,C927202154,TRANSFER,6392801.00,2026-01-23 03:24:16.0000000,Wire Transfer,Bangalore,0,1,Medium
2796,C1642321508,C2125497646,CASH_OUT,6392801.00,2026-01-23 03:55:28.0000000,ATM Withdrawal,Hyderabad,0,1,Medium
2808,C1650955113,C2091086284,CASH_OUT,3439121.25,2026-01-23 05:23:27.0000000,ATM Withdrawal,Chennai,0,1,Medium
2840,C2036496646,C38219456,CASH_OUT,1567550.00,2026-01-23 08:58:33.0000000,ATM Withdrawal,Delhi,0,1,Medium
2850,C201662264,C995043220,CASH_OUT,2463191.00,2026-01-23 09:52:56.0000000,ATM Withdrawal,Mumbai,0,1,Medium
2866,C615843583,C634573611,CASH_OUT,2136099.50,2026-01-23 10:11:46.0000000,Cash Deposit,Kolkata,0,1,Medium
2878,C633635438,C1640217168,CASH_OUT,3707342.50,2026-01-23 12:52:48.0000000,ATM Withdrawal,Kolkata,0,1,Medium
2882,C393149689,C928608101,CASH_OUT,1989311.25,2026-01-23 12:54:43.0000000,Cash Deposit,Kolkata,0,1,Medium
2884,C1395197193,C1975481357,CASH_OUT,3297243.50,2026-01-23 13:00:15.0000000,ATM Withdrawal,Kolkata,0,1,Medium
2888,C903487655,C1853529603,CASH_OUT,2629417.50,2026-01-23 13:27:52.0000000,ATM Withdrawal,Pune,0,1,Medium
2893,C866940482,C439777309,TRANSFER,5512595.00,2026-01-23 13:17:57.0000000,Wire Transfer,Bangalore,0,1,Medium
2894,C1173792039,C1068264990,CASH_OUT,5512595.00,2026-01-23 13:31:09.0000000,ATM Withdrawal,Pune,0,1,Medium
2897,C88290164,C161940442,TRANSFER,7469051.00,2026-01-23 14:01:51.0000000,Wire Transfer,Delhi,0,1,Medium
2898,C1841900359,C1129100193,CASH_OUT,7469051.00,2026-01-23 14:32:49.0000000,ATM Withdrawal,Hyderabad,0,1,Medium
2903,C1707763066,C190447545,TRANSFER,5166393.50,2026-01-23 14:05:34.0000000,Wire Transfer,Mumbai,0,1,Medium
2904,C1354111086,C1655452584,CASH_OUT,5166393.50,2026-01-23 14:55:47.0000000,ATM Withdrawal,Delhi,0,1,Medium
2910,C2020129633,C1104272087,CASH_OUT,2558618.25,2026-01-23 15:30:28.0000000,ATM Withdrawal,Delhi,0,1,Medium
2924,C1728886980,C544429933,CASH_OUT,1634229.00,2026-01-23 18:37:00.0000000,ATM Withdrawal,Ahmedabad,0,1,Medium
2938,C823289261,C651125124,CASH_OUT,1571565.50,2026-01-23 21:57:35.0000000,ATM Withdrawal,Ahmedabad,0,1,Medium
2954,C1712762290,C382134181,CASH_OUT,1613281.88,2026-01-23 22:46:21.0000000,ATM Withdrawal,Bangalore,0,1,Medium
2962,C1440842391,C1163108586,CASH_OUT,3774777.75,2026-01-23 23:47:04.0000000,ATM Withdrawal,Hyderabad,0,1,Medium
2972,C101677237,C1078128267,CASH_OUT,1669143.63,2026-01-23 23:20:42.0000000,ATM Withdrawal,Pune,0,1,Medium
2986,C2095328996,C1800908612,CASH_OUT,1688761.13,2026-01-24 01:09:55.0000000,ATM Withdrawal,Hyderabad,0,1,Medium
3003,C476581036,C919579772,TRANSFER,9421857.00,2026-01-24 02:47:35.0000000,Wire Transfer,Hyderabad,0,1,Medium
3004,C644898293,C714177004,CASH_OUT,9421857.00,2026-01-24 02:18:56.0000000,ATM Withdrawal,Mumbai,0,1,Medium
3014,C255263291,C1076282619,CASH_OUT,2100951.50,2026-01-24 03:09:28.0000000,ATM Withdrawal,Hyderabad,0,1,Medium
3034,C916840500,C1563604269,CASH_OUT,3332748.25,2026-01-24 05:53:22.0000000,ATM Withdrawal,Pune,0,1,Medium
3042,C458467003,C837210602,CASH_OUT,3571807.75,2026-01-24 05:34:40.0000000,ATM Withdrawal,Delhi,0,1,Medium
3044,C1784567244,C730906537,CASH_OUT,2190762.25,2026-01-24 06:35:06.0000000,ATM Withdrawal,Mumbai,0,1,Medium
3058,C1610441162,C781288209,CASH_OUT,2517188.00,2026-01-24 07:08:01.0000000,ATM Withdrawal,Mumbai,0,1,Medium
3082,C1978450840,C1939942308,CASH_OUT,2763025.25,2026-01-24 09:20:50.0000000,ATM Withdrawal,Kolkata,0,1,Medium
3092,C2098207513,C1426455605,CASH_OUT,2329379.75,2026-01-24 09:55:18.0000000,ATM Withdrawal,Mumbai,0,1,Medium
3094,C2131356877,C1797345744,CASH_OUT,2305939.50,2026-01-24 10:58:13.0000000,ATM Withdrawal,Mumbai,0,1,Medium
3095,C1187969526,C962858341,TRANSFER,6324300.00,2026-01-24 10:16:46.0000000,Wire Transfer,Ahmedabad,0,1,Medium
3096,C1554473398,C653645882,CASH_OUT,6324300.00,2026-01-24 10:24:33.0000000,ATM Withdrawal,Kolkata,0,1,Medium
3097,C364617026,C1664077486,TRANSFER,8208916.00,2026-01-24 10:37:49.0000000,Wire Transfer,Chennai,0,1,Medium
3098,C135981249,C1929001854,CASH_OUT,8208916.00,2026-01-24 10:50:38.0000000,ATM Withdrawal,Delhi,0,1,Medium
3108,C1237943319,C1864215289,CASH_OUT,1676936.75,2026-01-24 11:05:03.0000000,ATM Withdrawal,Bangalore,0,1,Medium
3112,C490326282,C1291474697,CASH_OUT,1565621.38,2026-01-24 11:30:00.0000000,Cash Deposit,Delhi,0,1,Medium
3114,C934227113,C422970659,CASH_OUT,3200818.75,2026-01-24 11:17:47.0000000,ATM Withdrawal,Delhi,0,1,Medium
3118,C1661216334,C1814835688,CASH_OUT,2905831.50,2026-01-24 11:37:06.0000000,ATM Withdrawal,Pune,0,1,Medium
3124,C1806442473,C576597272,CASH_OUT,2472250.50,2026-01-24 12:26:56.0000000,ATM Withdrawal,Hyderabad,0,1,Medium
3128,C658453874,C1045906528,CASH_OUT,3370781.75,2026-01-24 12:21:17.0000000,ATM Withdrawal,Ahmedabad,0,1,Medium
3134,C138899312,C603288664,CASH_OUT,1650856.25,2026-01-24 12:16:15.0000000,ATM Withdrawal,Delhi,0,1,Medium
3136,C1383952651,C1068730301,CASH_OUT,3968964.50,2026-01-24 12:00:02.0000000,ATM Withdrawal,Kolkata,0,1,Medium
3150,C863963078,C679578786,CASH_OUT,2202575.00,2026-01-24 14:54:48.0000000,ATM Withdrawal,Ahmedabad,0,1,Medium
3160,C1062517629,C1434665173,CASH_OUT,1893451.75,2026-01-24 15:43:54.0000000,ATM Withdrawal,Hyderabad,0,1,Medium
3164,C111188799,C493262477,CASH_OUT,1839972.38,2026-01-24 15:44:24.0000000,ATM Withdrawal,Bangalore,0,1,Medium
3165,C22695246,C750661088,TRANSFER,7365107.00,2026-01-24 16:49:03.0000000,Wire Transfer,Ahmedabad,0,1,Medium
3166,C1043293861,C231660660,CASH_OUT,7365107.00,2026-01-24 16:34:29.0000000,ATM Withdrawal,Chennai,0,1,Medium
3176,C287337523,C857187005,CASH_OUT,2895955.00,2026-01-24 16:37:41.0000000,ATM Withdrawal,Hyderabad,0,1,Medium
3184,C694643897,C210678404,CASH_OUT,2561698.00,2026-01-24 17:11:46.0000000,ATM Withdrawal,Ahmedabad,0,1,Medium
3196,C1546564200,C1313698236,CASH_OUT,2925859.50,2026-01-24 18:24:16.0000000,ATM Withdrawal,Pune,0,1,Medium
3208,C27748996,C575547051,CASH_OUT,1889351.63,2026-01-24 19:02:22.0000000,ATM Withdrawal,Hyderabad,0,1,Medium
3216,C1426906570,C154319946,CASH_OUT,2000718.25,2026-01-24 20:31:03.0000000,ATM Withdrawal,Pune,0,1,Medium
3244,C1424077218,C684555437,CASH_OUT,1489916.25,2026-01-24 23:45:47.0000000,ATM Withdrawal,Chennai,0,1,Medium
3281,C740943100,C1093087411,TRANSFER,4961014.00,2026-01-25 02:15:18.0000000,Wire Transfer,Kolkata,0,1,Medium
3282,C1742941865,C1310890311,CASH_OUT,4961014.00,2026-01-25 02:42:01.0000000,ATM Withdrawal,Ahmedabad,0,1,Medium
3293,C1756348910,C1746536582,TRANSFER,6274752.50,2026-01-25 02:40:48.0000000,Wire Transfer,Ahmedabad,0,1,Medium
3294,C789526780,C1905238884,CASH_OUT,6274752.50,2026-01-25 02:44:39.0000000,ATM Withdrawal,Chennai,0,1,Medium
3298,C113225350,C884857756,CASH_OUT,3085336.75,2026-01-25 03:25:53.0000000,ATM Withdrawal,Hyderabad,0,1,Medium
3302,C1163510414,C1781841279,CASH_OUT,1632500.25,2026-01-25 03:08:07.0000000,ATM Withdrawal,Mumbai,0,1,Medium
3306,C1904414737,C2037994906,CASH_OUT,1540624.75,2026-01-25 03:36:32.0000000,ATM Withdrawal,Ahmedabad,0,1,Medium
3316,C1291634123,C229406556,CASH_OUT,2925111.75,2026-01-25 04:06:53.0000000,ATM Withdrawal,Chennai,0,1,Medium
3328,C1439743203,C1986745369,CASH_OUT,2562459.50,2026-01-25 05:20:11.0000000,ATM Withdrawal,Chennai,0,1,Medium
3335,C2033700175,C655923955,TRANSFER,6106149.50,2026-01-25 06:45:08.0000000,Wire Transfer,Bangalore,0,1,Medium
3336,C62391457,C1290160681,CASH_OUT,6106149.50,2026-01-25 06:29:19.0000000,ATM Withdrawal,Hyderabad,0,1,Medium
3350,C1297057320,C2133001459,CASH_OUT,1764389.13,2026-01-25 07:09:36.0000000,ATM Withdrawal,Delhi,0,1,Medium
3358,C538317086,C1665512792,CASH_OUT,2149658.50,2026-01-25 07:01:16.0000000,ATM Withdrawal,Mumbai,0,1,Medium
3369,C1448634544,C2054992748,TRANSFER,8286342.50,2026-01-25 09:28:13.0000000,Wire Transfer,Mumbai,0,1,Medium
3370,C1320375746,C2056964049,CASH_OUT,8286342.50,2026-01-25 09:40:37.0000000,Cash Deposit,Ahmedabad,0,1,Medium
3384,C648614053,C213455810,CASH_OUT,2581550.00,2026-01-25 10:12:59.0000000,ATM Withdrawal,Mumbai,0,1,Medium
3402,C628191436,C1265889707,CASH_OUT,2709729.25,2026-01-25 12:18:58.0000000,ATM Withdrawal,Ahmedabad,0,1,Medium
3412,C1817837968,C925171074,CASH_OUT,2117503.50,2026-01-25 14:50:12.0000000,ATM Withdrawal,Pune,0,1,Medium
3415,C355787543,C2072616549,TRANSFER,4863106.50,2026-01-25 15:38:09.0000000,Wire Transfer,Kolkata,0,1,Medium
3416,C819607740,C346707940,CASH_OUT,4863106.50,2026-01-25 15:46:51.0000000,ATM Withdrawal,Mumbai,0,1,Medium
3426,C2084263514,C1480456939,CASH_OUT,1777758.63,2026-01-25 15:07:41.0000000,ATM Withdrawal,Hyderabad,0,1,Medium
3434,C1392925972,C163506875,CASH_OUT,1798215.75,2026-01-25 16:20:02.0000000,ATM Withdrawal,Kolkata,0,1,Medium
3444,C1309793082,C1658727792,CASH_OUT,1592602.25,2026-01-25 18:31:52.0000000,Cash Deposit,Delhi,0,1,Medium
3456,C1720700967,C126465799,CASH_OUT,2209035.25,2026-01-25 19:01:42.0000000,ATM Withdrawal,Delhi,0,1,Medium
3479,C94269091,C2096924215,TRANSFER,5566368.00,2026-01-25 22:31:33.0000000,Wire Transfer,Hyderabad,0,1,Medium
3480,C1308416939,C291757564,CASH_OUT,5566368.00,2026-01-25 22:29:13.0000000,ATM Withdrawal,Delhi,0,1,Medium
3488,C2035809060,C1375290514,CASH_OUT,3455440.25,2026-01-26 00:23:23.0000000,ATM Withdrawal,Hyderabad,0,1,Medium
3494,C1198999595,C1703277739,CASH_OUT,2095699.88,2026-01-26 00:44:02.0000000,ATM Withdrawal,Ahmedabad,0,1,Medium
3499,C551820728,C2069632802,TRANSFER,7363709.00,2026-01-26 00:11:09.0000000,Wire Transfer,Hyderabad,0,1,Medium
3500,C1402128249,C734547406,CASH_OUT,7363709.00,2026-01-26 00:57:09.0000000,Cash Deposit,Mumbai,0,1,Medium
3504,C1136602497,C1436350970,CASH_OUT,1649039.63,2026-01-26 00:38:26.0000000,ATM Withdrawal,Kolkata,0,1,Medium
3516,C286962871,C1066958378,CASH_OUT,1976666.50,2026-01-26 02:51:58.0000000,ATM Withdrawal,Chennai,0,1,Medium
3526,C72958099,C1226050355,CASH_OUT,1778520.75,2026-01-26 03:06:13.0000000,ATM Withdrawal,Pune,0,1,Medium
3530,C1629072698,C1470265305,CASH_OUT,2319926.00,2026-01-26 03:22:17.0000000,ATM Withdrawal,Delhi,0,1,Medium
3532,C934857177,C358568461,CASH_OUT,4099382.25,2026-01-26 03:02:59.0000000,ATM Withdrawal,Delhi,0,1,Medium
3539,C801580496,C1917884973,TRANSFER,4672401.00,2026-01-26 04:29:06.0000000,Wire Transfer,Chennai,0,1,Medium
3540,C387122223,C378592593,CASH_OUT,4672401.00,2026-01-26 04:34:09.0000000,ATM Withdrawal,Ahmedabad,0,1,Medium
3546,C610159138,C1751345870,CASH_OUT,1555182.38,2026-01-26 05:15:18.0000000,ATM Withdrawal,Ahmedabad,0,1,Medium
3558,C374108453,C2068002709,CASH_OUT,2011285.38,2026-01-26 05:40:35.0000000,ATM Withdrawal,Pune,0,1,Medium
3560,C2016119090,C784710502,CASH_OUT,3973479.50,2026-01-26 06:06:47.0000000,ATM Withdrawal,Mumbai,0,1,Medium
3562,C989697555,C294901618,CASH_OUT,2582642.25,2026-01-26 06:22:03.0000000,ATM Withdrawal,Hyderabad,0,1,Medium
3569,C2128461532,C792804461,TRANSFER,6575903.00,2026-01-26 06:03:07.0000000,Wire Transfer,Hyderabad,0,1,Medium
3570,C178762168,C1955341893,CASH_OUT,6575903.00,2026-01-26 06:58:58.0000000,ATM Withdrawal,Hyderabad,0,1,Medium
3587,C941946048,C34938557,TRANSFER,4716307.50,2026-01-26 08:32:23.0000000,Wire Transfer,Mumbai,0,1,Medium
3588,C672433047,C1424729422,CASH_OUT,4716307.50,2026-01-26 08:53:02.0000000,ATM Withdrawal,Pune,0,1,Medium
3636,C735225531,C19320432,CASH_OUT,2082884.50,2026-01-26 12:12:17.0000000,Cash Deposit,Ahmedabad,0,1,Medium
3652,C491775554,C901067372,CASH_OUT,1892137.63,2026-01-26 13:56:16.0000000,ATM Withdrawal,Ahmedabad,0,1,Medium
3656,C2118037553,C1084525983,CASH_OUT,2155570.00,2026-01-26 13:23:40.0000000,ATM Withdrawal,Bangalore,0,1,Medium
3666,C2038452856,C1576408634,CASH_OUT,2739248.25,2026-01-26 14:13:06.0000000,Cash Deposit,Ahmedabad,0,1,Medium
3670,C183358116,C790128788,CASH_OUT,1760546.38,2026-01-26 14:15:33.0000000,ATM Withdrawal,Kolkata,0,1,Medium
3674,C1612893678,C1786445505,CASH_OUT,4212683.00,2026-01-26 14:34:39.0000000,ATM Withdrawal,Chennai,0,1,Medium
3685,C1634206825,C977366743,TRANSFER,8931551.00,2026-01-26 15:21:25.0000000,Wire Transfer,Bangalore,0,1,Medium
3686,C1123250480,C109294647,CASH_OUT,8931551.00,2026-01-26 15:44:02.0000000,ATM Withdrawal,Kolkata,0,1,Medium
3689,C1568587963,C362987320,TRANSFER,7240966.00,2026-01-26 16:14:35.0000000,Wire Transfer,Delhi,0,1,Medium
3690,C686995087,C893411806,CASH_OUT,7240966.00,2026-01-26 16:38:10.0000000,ATM Withdrawal,Kolkata,0,1,Medium
3716,C1063377815,C674523745,CASH_OUT,1743864.13,2026-01-26 18:37:51.0000000,ATM Withdrawal,Chennai,0,1,Medium
3728,C1090006952,C264963065,CASH_OUT,2341474.50,2026-01-26 19:58:50.0000000,ATM Withdrawal,Pune,0,1,Medium
3741,C1508375494,C1926498951,TRANSFER,6961359.00,2026-01-26 21:05:36.0000000,Wire Transfer,Delhi,0,1,Medium
3742,C1493356883,C1018094825,CASH_OUT,6961359.00,2026-01-26 21:51:55.0000000,ATM Withdrawal,Bangalore,0,1,Medium
3746,C373547831,C674126577,CASH_OUT,2060748.50,2026-01-26 21:58:35.0000000,ATM Withdrawal,Pune,0,1,Medium
3750,C2138261012,C1201359775,CASH_OUT,3582885.50,2026-01-26 21:37:54.0000000,ATM Withdrawal,Ahmedabad,0,1,Medium
3752,C1436575323,C832267581,CASH_OUT,3054359.50,2026-01-26 21:36:29.0000000,ATM Withdrawal,Mumbai,0,1,Medium
3753,C1986822150,C432052755,TRANSFER,6038051.00,2026-01-26 21:39:53.0000000,Wire Transfer,Delhi,0,1,Medium
3754,C435031066,C110885488,CASH_OUT,6038051.00,2026-01-26 21:13:13.0000000,Cash Deposit,Delhi,0,1,Medium
3770,C1966432997,C966982427,CASH_OUT,2626957.75,2026-01-27 00:41:05.0000000,ATM Withdrawal,Kolkata,0,1,Medium
3777,C1056784519,C489344681,TRANSFER,6870369.50,2026-01-27 01:49:08.0000000,Wire Transfer,Hyderabad,0,1,Medium
3778,C962232328,C1481177013,CASH_OUT,6870369.50,2026-01-27 01:09:01.0000000,ATM Withdrawal,Hyderabad,0,1,Medium
3780,C1159822355,C402103077,CASH_OUT,2480321.75,2026-01-27 01:55:15.0000000,ATM Withdrawal,Mumbai,0,1,Medium
3782,C2084273569,C1817408357,CASH_OUT,2654302.50,2026-01-27 01:18:23.0000000,Retail Debit,Ahmedabad,0,1,Medium
3786,C1499479163,C1579821297,CASH_OUT,3020974.50,2026-01-27 01:14:39.0000000,ATM Withdrawal,Delhi,0,1,Medium
3800,C780905436,C1532638647,CASH_OUT,2571605.00,2026-01-27 01:29:41.0000000,Wire Transfer,Mumbai,0,1,Medium
3810,C1736184082,C1711138117,CASH_OUT,2756011.75,2026-01-27 03:30:18.0000000,ATM Withdrawal,Pune,0,1,Medium
3817,C2072377567,C816064707,TRANSFER,8488866.00,2026-01-27 05:15:01.0000000,Wire Transfer,Ahmedabad,0,1,Medium
3818,C1770565614,C863370612,CASH_OUT,8488866.00,2026-01-27 05:29:27.0000000,ATM Withdrawal,Hyderabad,0,1,Medium
3834,C1384976980,C1778202045,CASH_OUT,2433009.25,2026-01-27 05:27:56.0000000,ATM Withdrawal,Ahmedabad,0,1,Medium
3846,C2115055382,C1884304223,CASH_OUT,2391612.25,2026-01-27 07:18:32.0000000,ATM Withdrawal,Delhi,0,1,Medium
3852,C384250623,C2002380893,CASH_OUT,3120691.00,2026-01-27 07:38:31.0000000,ATM Withdrawal,Kolkata,0,1,Medium
3864,C2094498681,C72348796,CASH_OUT,4128853.75,2026-01-27 09:21:35.0000000,Wire Transfer,Kolkata,0,1,Medium
3875,C183711980,C987041812,TRANSFER,9168748.00,2026-01-27 10:37:46.0000000,Wire Transfer,Pune,0,1,Medium
3876,C2104655508,C1149132986,CASH_OUT,9168748.00,2026-01-27 10:58:17.0000000,ATM Withdrawal,Mumbai,0,1,Medium
3896,C487085645,C576388440,CASH_OUT,1455839.50,2026-01-27 12:12:29.0000000,ATM Withdrawal,Delhi,0,1,Medium
3916,C2141919864,C1371101627,CASH_OUT,3845765.25,2026-01-27 13:34:41.0000000,ATM Withdrawal,Ahmedabad,0,1,Medium
3923,C1474481275,C955662088,TRANSFER,7788725.00,2026-01-27 14:44:17.0000000,Wire Transfer,Hyderabad,0,1,Medium
3924,C1897380922,C966109219,CASH_OUT,7788725.00,2026-01-27 14:22:36.0000000,Cash Deposit,Ahmedabad,0,1,Medium
3926,C1776782746,C915520756,CASH_OUT,1559540.63,2026-01-27 14:36:02.0000000,ATM Withdrawal,Pune,0,1,Medium
3929,C918684226,C1674571647,TRANSFER,5101856.00,2026-01-27 14:57:05.0000000,Wire Transfer,Ahmedabad,0,1,Medium
3930,C2134692608,C775400277,CASH_OUT,5101856.00,2026-01-27 14:09:19.0000000,ATM Withdrawal,Bangalore,0,1,Medium
3950,C1842845711,C2019281736,CASH_OUT,1732090.25,2026-01-27 16:13:16.0000000,Wire Transfer,Pune,0,1,Medium
3962,C821430696,C187106136,CASH_OUT,2938833.25,2026-01-27 17:30:44.0000000,ATM Withdrawal,Chennai,0,1,Medium
3968,C1114344238,C1868182822,CASH_OUT,2666139.50,2026-01-27 17:10:59.0000000,ATM Withdrawal,Pune,0,1,Medium
3980,C331136549,C447175296,CASH_OUT,3092085.50,2026-01-27 19:18:18.0000000,ATM Withdrawal,Chennai,0,1,Medium
3991,C796012531,C848830970,TRANSFER,4222595.00,2026-01-27 19:09:32.0000000,Wire Transfer,Kolkata,0,1,Medium
3992,C4856718,C488060391,CASH_OUT,4222595.00,2026-01-27 19:36:09.0000000,ATM Withdrawal,Hyderabad,0,1,Medium
3999,C594373709,C2071706455,TRANSFER,4438932.00,2026-01-27 20:26:57.0000000,Wire Transfer,Chennai,0,1,Medium
4000,C694579714,C672316377,CASH_OUT,4438932.00,2026-01-27 20:52:22.0000000,Cash Deposit,Chennai,0,1,Medium
4008,C1029506944,C1873712086,CASH_OUT,1576874.00,2026-01-27 21:16:30.0000000,ATM Withdrawal,Hyderabad,0,1,Medium
4019,C192639055,C63453823,TRANSFER,6468916.50,2026-01-27 22:22:04.0000000,Wire Transfer,Kolkata,0,1,Medium
4020,C1530429651,C188203281,CASH_OUT,6468916.50,2026-01-27 22:47:32.0000000,ATM Withdrawal,Pune,0,1,Medium
4038,C375476201,C1907987459,CASH_OUT,1517771.50,2026-01-27 23:07:47.0000000,ATM Withdrawal,Pune,0,1,Medium
4040,C1631859649,C526945673,CASH_OUT,2253811.25,2026-01-27 23:58:28.0000000,ATM Withdrawal,Chennai,0,1,Medium
4067,C1190439284,C916277817,TRANSFER,4480592.00,2026-01-28 02:21:44.0000000,Wire Transfer,Hyderabad,0,1,Medium
4068,C631132881,C354729462,CASH_OUT,4480592.00,2026-01-28 02:40:28.0000000,ATM Withdrawal,Bangalore,0,1,Medium
4086,C1884318665,C687662145,CASH_OUT,2935952.75,2026-01-28 03:51:37.0000000,ATM Withdrawal,Delhi,0,1,Medium
4087,C429282035,C1318460385,TRANSFER,9996887.00,2026-01-28 03:20:12.0000000,Wire Transfer,Chennai,0,1,Medium
4088,C887830623,C1319987164,CASH_OUT,9996887.00,2026-01-28 03:53:02.0000000,ATM Withdrawal,Bangalore,0,1,Medium
4096,C1312139303,C1072804612,CASH_OUT,2911505.25,2026-01-28 04:12:49.0000000,Cash Deposit,Mumbai,0,1,Medium
4104,C1916867562,C499193602,CASH_OUT,2054631.50,2026-01-28 04:21:02.0000000,ATM Withdrawal,Hyderabad,0,1,Medium
4133,C554608123,C532377290,TRANSFER,9468064.00,2026-01-28 08:46:03.0000000,Wire Transfer,Pune,0,1,Medium
4134,C1372628002,C1058427074,CASH_OUT,9468064.00,2026-01-28 08:00:47.0000000,ATM Withdrawal,Delhi,0,1,Medium
4144,C765888387,C1289554700,CASH_OUT,2429711.00,2026-01-28 09:27:09.0000000,Cash Deposit,Hyderabad,0,1,Medium
4150,C1995017402,C1613053666,CASH_OUT,2333930.00,2026-01-28 09:15:38.0000000,ATM Withdrawal,Pune,0,1,Medium
4152,C1999663359,C944268161,CASH_OUT,1619313.50,2026-01-28 09:17:04.0000000,ATM Withdrawal,Chennai,0,1,Medium
4153,C1419011226,C150488099,TRANSFER,8730601.00,2026-01-28 10:05:53.0000000,Wire Transfer,Pune,0,1,Medium
4154,C1590395791,C1505080875,CASH_OUT,8730601.00,2026-01-28 10:26:57.0000000,ATM Withdrawal,Bangalore,0,1,Medium
4166,C140720435,C993905449,CASH_OUT,1641792.75,2026-01-28 10:38:09.0000000,ATM Withdrawal,Chennai,0,1,Medium
4170,C1217465014,C1474379579,CASH_OUT,1467987.63,2026-01-28 11:16:41.0000000,ATM Withdrawal,Hyderabad,0,1,Medium
4189,C1895081516,C849791185,TRANSFER,6695071.00,2026-01-28 13:12:20.0000000,Wire Transfer,Ahmedabad,0,1,Medium
4190,C1967421709,C1677888085,CASH_OUT,6695071.00,2026-01-28 13:21:43.0000000,Wire Transfer,Mumbai,0,1,Medium
4196,C1698317518,C1796866708,CASH_OUT,2140888.25,2026-01-28 13:51:55.0000000,ATM Withdrawal,Chennai,0,1,Medium
4198,C1130194242,C1082598322,CASH_OUT,1468304.38,2026-01-28 14:38:41.0000000,ATM Withdrawal,Pune,0,1,Medium
4209,C843174735,C1348278201,TRANSFER,7807640.00,2026-01-28 16:09:42.0000000,Wire Transfer,Mumbai,0,1,Medium
4210,C501884984,C181617125,CASH_OUT,7807640.00,2026-01-28 16:18:16.0000000,ATM Withdrawal,Pune,0,1,Medium
4219,C1605555935,C348655001,TRANSFER,5652739.50,2026-01-28 16:45:48.0000000,Wire Transfer,Delhi,0,1,Medium
4220,C90885996,C477262059,CASH_OUT,5652739.50,2026-01-28 16:55:03.0000000,ATM Withdrawal,Hyderabad,0,1,Medium
4234,C780357987,C953537068,CASH_OUT,2799902.50,2026-01-28 17:38:59.0000000,ATM Withdrawal,Pune,0,1,Medium
4253,C64015154,C1744865437,TRANSFER,7539166.00,2026-01-28 20:46:23.0000000,Wire Transfer,Mumbai,0,1,Medium
4254,C937983122,C2117385631,CASH_OUT,7539166.00,2026-01-28 20:44:08.0000000,ATM Withdrawal,Pune,0,1,Medium
4256,C2000069930,C1345448010,CASH_OUT,1576531.50,2026-01-28 20:11:20.0000000,ATM Withdrawal,Chennai,0,1,Medium
4258,C105027468,C303839764,CASH_OUT,4022098.75,2026-01-28 20:53:00.0000000,ATM Withdrawal,Hyderabad,0,1,Medium
4261,C2045535389,C1440223571,TRANSFER,5388834.50,2026-01-28 21:09:38.0000000,Wire Transfer,Hyderabad,0,1,Medium
4262,C1888149669,C1774338708,CASH_OUT,5388834.50,2026-01-28 21:19:43.0000000,ATM Withdrawal,Pune,0,1,Medium
4268,C106058139,C1218665261,CASH_OUT,1938347.13,2026-01-28 22:56:17.0000000,ATM Withdrawal,Kolkata,0,1,Medium
4276,C1131491121,C1812574697,CASH_OUT,2113272.00,2026-01-28 22:38:28.0000000,ATM Withdrawal,Delhi,0,1,Medium
4297,C426878281,C1596412871,TRANSFER,7218629.00,2026-01-29 00:41:24.0000000,Wire Transfer,Kolkata,0,1,Medium
4298,C578564110,C903355474,CASH_OUT,7218629.00,2026-01-29 00:39:03.0000000,ATM Withdrawal,Bangalore,0,1,Medium
4322,C1509113687,C579531437,CASH_OUT,3288377.50,2026-01-29 02:14:02.0000000,ATM Withdrawal,Bangalore,0,1,Medium
4325,C2029976755,C693212579,TRANSFER,6250439.00,2026-01-29 02:55:49.0000000,Wire Transfer,Chennai,0,1,Medium
4326,C951549308,C1717545219,CASH_OUT,6250439.00,2026-01-29 02:44:25.0000000,ATM Withdrawal,Bangalore,0,1,Medium
4336,C1162550194,C27397338,CASH_OUT,2772044.00,2026-01-29 03:54:49.0000000,Cash Deposit,Kolkata,0,1,Medium
4343,C60690342,C1327214337,TRANSFER,5016884.50,2026-01-29 04:50:31.0000000,Wire Transfer,Kolkata,0,1,Medium
4344,C1525254623,C1911342883,CASH_OUT,5016884.50,2026-01-29 04:20:13.0000000,Cash Deposit,Chennai,0,1,Medium
4346,C488587409,C1867928839,CASH_OUT,3542716.00,2026-01-29 04:11:42.0000000,ATM Withdrawal,Bangalore,0,1,Medium
4351,C1216463302,C1920599052,TRANSFER,9295454.00,2026-01-29 05:00:27.0000000,Wire Transfer,Delhi,0,1,Medium
4352,C918631268,C1985219083,CASH_OUT,9295454.00,2026-01-29 05:07:36.0000000,ATM Withdrawal,Mumbai,0,1,Medium
4354,C2142600203,C1363796559,CASH_OUT,1600721.38,2026-01-29 05:04:37.0000000,ATM Withdrawal,Hyderabad,0,1,Medium
4358,C1159622311,C175494293,CASH_OUT,1536733.50,2026-01-29 06:46:27.0000000,ATM Withdrawal,Ahmedabad,0,1,Medium
4368,C1100799459,C314198067,CASH_OUT,3150438.25,2026-01-29 07:33:03.0000000,ATM Withdrawal,Mumbai,0,1,Medium
4380,C960377084,C524632299,CASH_OUT,1819405.75,2026-01-29 08:21:22.0000000,Cash Deposit,Bangalore,0,1,Medium
4382,C1016616731,C1739928353,CASH_OUT,1685692.13,2026-01-29 08:27:08.0000000,Wire Transfer,Chennai,0,1,Medium
4386,C1037004570,C2017288249,CASH_OUT,2254417.00,2026-01-29 08:50:46.0000000,ATM Withdrawal,Ahmedabad,0,1,Medium
4390,C1963804586,C621396903,CASH_OUT,2651994.00,2026-01-29 08:54:28.0000000,ATM Withdrawal,Kolkata,0,1,Medium
4393,C2106211047,C1629558772,TRANSFER,8104558.00,2026-01-29 09:32:43.0000000,Wire Transfer,Hyderabad,0,1,Medium
4394,C397420710,C1434531714,CASH_OUT,8104558.00,2026-01-29 09:09:04.0000000,ATM Withdrawal,Chennai,0,1,Medium
4401,C2078436803,C653053938,TRANSFER,6545346.00,2026-01-29 11:06:01.0000000,Wire Transfer,Bangalore,0,1,Medium
4402,C1540810051,C123543768,CASH_OUT,6545346.00,2026-01-29 11:44:04.0000000,ATM Withdrawal,Kolkata,0,1,Medium
4425,C557894266,C1725513942,TRANSFER,4886423.00,2026-01-29 13:52:08.0000000,Wire Transfer,Mumbai,0,1,Medium
4426,C1572906420,C288685482,CASH_OUT,4886423.00,2026-01-29 13:33:40.0000000,ATM Withdrawal,Kolkata,0,1,Medium
4427,C1070365668,C874365535,TRANSFER,6295010.50,2026-01-29 13:01:43.0000000,Wire Transfer,Delhi,0,1,Medium
4428,C1227906023,C1846430620,CASH_OUT,6295010.50,2026-01-29 13:40:37.0000000,ATM Withdrawal,Hyderabad,0,1,Medium
4430,C917618384,C235519584,CASH_OUT,1933121.38,2026-01-29 13:07:39.0000000,ATM Withdrawal,Bangalore,0,1,Medium
4432,C1616830000,C682431891,CASH_OUT,1637875.38,2026-01-29 14:08:59.0000000,ATM Withdrawal,Kolkata,0,1,Medium
4434,C1032013375,C293921513,CASH_OUT,1467968.75,2026-01-29 14:26:46.0000000,ATM Withdrawal,Chennai,0,1,Medium
4450,C1336183748,C1701261765,CASH_OUT,3009125.50,2026-01-29 15:00:26.0000000,ATM Withdrawal,Bangalore,0,1,Medium
4455,C1517198206,C1743049474,TRANSFER,7442005.00,2026-01-29 16:31:07.0000000,Wire Transfer,Ahmedabad,0,1,Medium
4456,C507311282,C381971403,CASH_OUT,7442005.00,2026-01-29 16:45:51.0000000,ATM Withdrawal,Pune,0,1,Medium
4463,C1025625307,C1773172922,TRANSFER,6174385.50,2026-01-29 17:23:31.0000000,Wire Transfer,Bangalore,0,1,Medium
4464,C1092840661,C672136064,CASH_OUT,6174385.50,2026-01-29 17:49:27.0000000,ATM Withdrawal,Bangalore,0,1,Medium
4468,C1593930308,C1515597867,CASH_OUT,2163012.75,2026-01-29 17:24:11.0000000,Retail Debit,Bangalore,0,1,Medium
4480,C594531860,C1303439903,CASH_OUT,3887853.25,2026-01-29 18:00:23.0000000,ATM Withdrawal,Mumbai,0,1,Medium
4482,C438537495,C2102646541,CASH_OUT,3574316.00,2026-01-29 18:59:55.0000000,ATM Withdrawal,Pune,0,1,Medium
4500,C444193211,C2126573735,CASH_OUT,1518718.00,2026-01-29 19:21:57.0000000,ATM Withdrawal,Mumbai,0,1,Medium
4515,C528343888,C737162592,TRANSFER,6856104.00,2026-01-29 20:02:27.0000000,Wire Transfer,Kolkata,0,1,Medium
4516,C359146196,C948690681,CASH_OUT,6856104.00,2026-01-29 20:02:11.0000000,ATM Withdrawal,Pune,0,1,Medium
4520,C407268332,C1376298788,CASH_OUT,2109967.50,2026-01-29 20:51:47.0000000,ATM Withdrawal,Ahmedabad,0,1,Medium
4537,C741504749,C1185320057,TRANSFER,8980854.00,2026-01-29 22:56:17.0000000,Wire Transfer,Bangalore,0,1,Medium
4538,C822799769,C2068912679,CASH_OUT,8980854.00,2026-01-29 22:55:33.0000000,ATM Withdrawal,Pune,0,1,Medium
4541,C599212256,C480756474,TRANSFER,5175876.50,2026-01-29 22:34:17.0000000,Wire Transfer,Pune,0,1,Medium
4542,C731901376,C1761260133,CASH_OUT,5175876.50,2026-01-29 22:52:19.0000000,ATM Withdrawal,Chennai,0,1,Medium
4549,C1466030331,C1541661515,TRANSFER,7435751.50,2026-01-29 23:57:50.0000000,Wire Transfer,Mumbai,0,1,Medium
4550,C211065329,C1594525511,CASH_OUT,7435751.50,2026-01-29 23:07:22.0000000,ATM Withdrawal,Kolkata,0,1,Medium
4582,C679742636,C1476073685,CASH_OUT,2184556.75,2026-01-30 02:28:32.0000000,Cash Deposit,Delhi,0,1,Medium
4588,C87347257,C2045743358,CASH_OUT,2479767.75,2026-01-30 02:36:52.0000000,ATM Withdrawal,Chennai,0,1,Medium
4590,C1859539319,C599318565,CASH_OUT,2360965.75,2026-01-30 02:56:30.0000000,ATM Withdrawal,Hyderabad,0,1,Medium
4591,C413853456,C949247454,TRANSFER,9097680.00,2026-01-30 02:32:24.0000000,Wire Transfer,Mumbai,0,1,Medium
4592,C622303175,C1544056522,CASH_OUT,9097680.00,2026-01-30 02:25:33.0000000,ATM Withdrawal,Kolkata,0,1,Medium
4608,C1491503658,C454424230,CASH_OUT,2763398.25,2026-01-30 03:44:47.0000000,ATM Withdrawal,Bangalore,0,1,Medium
4619,C601921404,C1092111599,TRANSFER,8537861.00,2026-01-30 05:10:28.0000000,Wire Transfer,Mumbai,0,1,Medium
4620,C985677650,C1454524635,CASH_OUT,8537861.00,2026-01-30 05:49:39.0000000,ATM Withdrawal,Ahmedabad,0,1,Medium
4630,C948133316,C1195105937,CASH_OUT,1947832.00,2026-01-30 05:15:34.0000000,ATM Withdrawal,Kolkata,0,1,Medium
4651,C1720178910,C322380690,TRANSFER,6498297.50,2026-01-30 07:46:01.0000000,Wire Transfer,Ahmedabad,0,1,Medium
4652,C357275895,C185710964,CASH_OUT,6498297.50,2026-01-30 07:02:38.0000000,ATM Withdrawal,Kolkata,0,1,Medium
4655,C1044721452,C61841056,TRANSFER,8813323.00,2026-01-30 08:27:20.0000000,Wire Transfer,Pune,0,1,Medium
4656,C748275134,C118248248,CASH_OUT,8813323.00,2026-01-30 08:32:16.0000000,ATM Withdrawal,Kolkata,0,1,Medium
4658,C664688196,C14014864,CASH_OUT,1722892.88,2026-01-30 08:28:41.0000000,ATM Withdrawal,Pune,0,1,Medium
4662,C708222638,C106425191,CASH_OUT,1820864.63,2026-01-30 08:08:57.0000000,Cash Deposit,Ahmedabad,0,1,Medium
4668,C1071076699,C1913721465,CASH_OUT,1593189.25,2026-01-30 08:16:53.0000000,ATM Withdrawal,Kolkata,0,1,Medium
4686,C91165547,C29787245,CASH_OUT,3049753.75,2026-01-30 11:16:28.0000000,ATM Withdrawal,Chennai,0,1,Medium
4688,C981538757,C1704168344,CASH_OUT,2331778.00,2026-01-30 11:21:31.0000000,ATM Withdrawal,Kolkata,0,1,Medium
4696,C171779643,C808534536,CASH_OUT,1494146.88,2026-01-30 12:31:48.0000000,ATM Withdrawal,Delhi,0,1,Medium
4698,C1181245591,C1457459211,CASH_OUT,1735525.50,2026-01-30 12:06:38.0000000,ATM Withdrawal,Bangalore,0,1,Medium
4717,C1908904298,C646426738,TRANSFER,7418265.50,2026-01-30 14:44:01.0000000,Wire Transfer,Ahmedabad,0,1,Medium
4718,C2071540456,C1519402359,CASH_OUT,7418265.50,2026-01-30 14:17:23.0000000,ATM Withdrawal,Ahmedabad,0,1,Medium
4722,C1666144703,C1347394914,CASH_OUT,3399576.00,2026-01-30 15:13:17.0000000,ATM Withdrawal,Mumbai,0,1,Medium
4728,C1554550313,C848131266,CASH_OUT,2580055.25,2026-01-30 15:00:48.0000000,ATM Withdrawal,Bangalore,0,1,Medium
4742,C1821420641,C1611647330,CASH_OUT,2046684.63,2026-01-30 17:17:43.0000000,ATM Withdrawal,Delhi,0,1,Medium
4744,C1678282233,C1429996969,CASH_OUT,4130371.75,2026-01-30 17:06:19.0000000,ATM Withdrawal,Ahmedabad,0,1,Medium
4763,C1776089845,C870079370,TRANSFER,8443529.00,2026-01-30 19:44:40.0000000,Wire Transfer,Hyderabad,0,1,Medium
4764,C1824693572,C1970401163,CASH_OUT,8443529.00,2026-01-30 19:05:51.0000000,ATM Withdrawal,Kolkata,0,1,Medium
4774,C400680114,C613935961,CASH_OUT,1897921.75,2026-01-30 20:28:04.0000000,ATM Withdrawal,Kolkata,0,1,Medium
4775,C1681613660,C1588106551,TRANSFER,6426126.50,2026-01-30 20:13:04.0000000,Wire Transfer,Bangalore,0,1,Medium
4776,C596249960,C1418025588,CASH_OUT,6426126.50,2026-01-30 20:11:05.0000000,ATM Withdrawal,Pune,0,1,Medium
4785,C796312778,C1064867457,TRANSFER,6512846.50,2026-01-30 21:28:32.0000000,Wire Transfer,Hyderabad,0,1,Medium
4786,C1850890702,C944966910,CASH_OUT,6512846.50,2026-01-30 21:53:18.0000000,ATM Withdrawal,Kolkata,0,1,Medium
4788,C690196835,C2075566592,CASH_OUT,2624422.50,2026-01-30 21:30:25.0000000,Cash Deposit,Hyderabad,0,1,Medium
4801,C1040320190,C598263954,TRANSFER,9749043.00,2026-01-30 22:56:11.0000000,Wire Transfer,Bangalore,0,1,Medium
4802,C1139926828,C1698433621,CASH_OUT,9749043.00,2026-01-30 22:21:48.0000000,ATM Withdrawal,Bangalore,0,1,Medium
4815,C1254000350,C432911682,TRANSFER,6219566.50,2026-01-30 23:13:52.0000000,Wire Transfer,Delhi,0,1,Medium
4816,C334882914,C878792867,CASH_OUT,6219566.50,2026-01-30 23:58:09.0000000,ATM Withdrawal,Ahmedabad,0,1,Medium
4818,C1605541894,C2135177124,CASH_OUT,1842163.63,2026-01-30 23:25:02.0000000,ATM Withdrawal,Ahmedabad,0,1,Medium
4846,C1272560847,C116742531,CASH_OUT,3071270.75,2026-01-31 02:06:14.0000000,ATM Withdrawal,Bangalore,0,1,Medium
4849,C838658203,C539837230,TRANSFER,6199009.00,2026-01-31 03:48:34.0000000,Wire Transfer,Pune,0,1,Medium
4850,C935658927,C1938522935,CASH_OUT,6199009.00,2026-01-31 03:32:04.0000000,ATM Withdrawal,Ahmedabad,0,1,Medium
4854,C684925403,C855824878,CASH_OUT,2232257.75,2026-01-31 03:34:04.0000000,ATM Withdrawal,Hyderabad,0,1,Medium
4880,C1860220594,C1149224320,CASH_OUT,2216437.25,2026-01-31 06:30:33.0000000,ATM Withdrawal,Kolkata,0,1,Medium
4894,C929950007,C1800726477,CASH_OUT,1539474.63,2026-01-31 06:39:45.0000000,ATM Withdrawal,Bangalore,0,1,Medium
4896,C456762120,C1618899924,CASH_OUT,3547010.50,2026-01-31 06:46:08.0000000,ATM Withdrawal,Mumbai,0,1,Medium
4903,C1366321878,C1565876576,TRANSFER,6377401.00,2026-01-31 07:16:35.0000000,Wire Transfer,Hyderabad,0,1,Medium
4904,C413383017,C1128848871,CASH_OUT,6377401.00,2026-01-31 07:31:26.0000000,ATM Withdrawal,Mumbai,0,1,Medium
4917,C1838430036,C432858723,TRANSFER,6322400.00,2026-01-31 08:48:15.0000000,Wire Transfer,Chennai,0,1,Medium
4918,C1305559146,C2086292862,CASH_OUT,6322400.00,2026-01-31 08:28:37.0000000,ATM Withdrawal,Kolkata,0,1,Medium
4922,C2109752289,C154510923,CASH_OUT,3846781.00,2026-01-31 08:46:26.0000000,ATM Withdrawal,Chennai,0,1,Medium
4930,C1772832096,C703136937,CASH_OUT,1665334.63,2026-01-31 10:44:38.0000000,ATM Withdrawal,Mumbai,0,1,Medium
4936,C1514500854,C1368085881,CASH_OUT,2154005.75,2026-01-31 10:15:18.0000000,ATM Withdrawal,Bangalore,0,1,Medium
4947,C1869569059,C1861208726,TRANSFER,7316255.00,2026-01-31 10:50:29.0000000,Wire Transfer,Mumbai,0,1,Medium
4950,C1185153589,C978277137,CASH_OUT,3191058.25,2026-01-31 10:48:43.0000000,ATM Withdrawal,Hyderabad,0,1,Medium
4986,C1168267667,C2079585143,CASH_OUT,1548376.50,2026-01-31 13:38:45.0000000,ATM Withdrawal,Ahmedabad,0,1,Medium
4994,C491326843,C1833702412,CASH_OUT,1810044.88,2026-01-31 14:48:29.0000000,ATM Withdrawal,Ahmedabad,0,1,Medium
4996,C1063299871,C884992368,CASH_OUT,2079746.13,2026-01-31 14:07:07.0000000,ATM Withdrawal,Pune,0,1,Medium
5024,C2015532834,C1094245797,CASH_OUT,3912252.75,2026-01-31 16:27:11.0000000,ATM Withdrawal,Delhi,0,1,Medium
5030,C1907033447,C1163998762,CASH_OUT,2194533.75,2026-01-31 17:39:27.0000000,ATM Withdrawal,Chennai,0,1,Medium
5047,C365237849,C332427023,TRANSFER,7758036.50,2026-01-31 19:54:21.0000000,Wire Transfer,Chennai,0,1,Medium
5048,C459813446,C294714363,CASH_OUT,7758036.50,2026-01-31 19:17:18.0000000,ATM Withdrawal,Hyderabad,0,1,Medium
5060,C1724432558,C22170584,CASH_OUT,1755647.75,2026-01-31 20:21:42.0000000,Cash Deposit,Mumbai,0,1,Medium
5069,C992223106,C1366804249,TRANSFER,5674548.00,2026-01-31 21:47:23.0000000,Wire Transfer,Ahmedabad,0,1,Medium
5084,C1970706589,C637394241,CASH_OUT,4009058.50,2026-01-31 22:25:30.0000000,ATM Withdrawal,Mumbai,0,1,Medium
5088,C1039979813,C2078394828,CASH_OUT,1819543.75,2026-01-31 22:30:33.0000000,ATM Withdrawal,Mumbai,0,1,Medium
5101,C1529008245,C1881841831,TRANSFER,6311409.50,2026-01-31 23:45:55.0000000,Wire Transfer,Bangalore,0,1,Medium
5102,C1162922333,C1365125890,CASH_OUT,6311409.50,2026-01-31 23:02:41.0000000,ATM Withdrawal,Ahmedabad,0,1,Medium
5136,C2044690596,C932583850,CASH_OUT,2930418.50,2026-01-01 04:45:04.0000000,Wire Transfer,Mumbai,0,1,Medium
5175,C666654362,C1726301214,TRANSFER,5460003.00,2026-01-01 07:59:27.0000000,Wire Transfer,Hyderabad,0,1,Medium
5176,C1588880909,C1570256460,CASH_OUT,5460003.00,2026-01-01 07:52:41.0000000,ATM Withdrawal,Chennai,0,1,Medium
5202,C728718059,C1013511446,CASH_OUT,2539898.00,2026-01-01 09:07:00.0000000,ATM Withdrawal,Mumbai,0,1,Medium
5222,C813115168,C401825929,CASH_OUT,2662734.50,2026-01-01 10:06:06.0000000,ATM Withdrawal,Delhi,0,1,Medium
5235,C1098250442,C1140712423,CASH_OUT,3964130.00,2026-01-01 12:00:38.0000000,Wire Transfer,Kolkata,0,1,Medium
5239,C684252268,C2027569559,CASH_OUT,2066467.63,2026-01-01 12:45:22.0000000,Wire Transfer,Ahmedabad,0,1,Medium
5251,C79951219,C1499489682,CASH_OUT,4022667.50,2026-01-01 13:15:07.0000000,Wire Transfer,Mumbai,0,1,Medium
5256,C901331326,C1662761228,CASH_OUT,2686564.00,2026-01-01 13:08:56.0000000,Retail Debit,Pune,0,1,Medium
5257,C135832352,C2009346140,TRANSFER,6188515.00,2026-01-01 13:18:07.0000000,Wire Transfer,Kolkata,0,1,Medium
5258,C686187434,C1562904239,CASH_OUT,6188515.00,2026-01-01 13:37:08.0000000,Cash Deposit,Chennai,0,1,Medium
5261,C1440901488,C166839225,CASH_OUT,2093951.50,2026-01-01 14:31:41.0000000,ATM Withdrawal,Hyderabad,0,1,Medium
5265,C2010427735,C1887744176,CASH_OUT,2927005.25,2026-01-01 14:32:17.0000000,Cash Deposit,Pune,0,1,Medium
5267,C803703656,C858007309,CASH_OUT,1832319.38,2026-01-01 14:01:18.0000000,Cash Deposit,Pune,0,1,Medium
5269,C15204463,C1255502452,CASH_OUT,1561891.63,2026-01-01 14:44:18.0000000,Cash Deposit,Delhi,0,1,Medium
5293,C705981026,C697783649,CASH_OUT,2198224.75,2026-01-01 16:35:46.0000000,Cash Deposit,Mumbai,0,1,Medium
5297,C2140905252,C970796050,CASH_OUT,2701905.25,2026-01-01 16:26:56.0000000,ATM Withdrawal,Kolkata,0,1,Medium
5303,C967691562,C2093967426,CASH_OUT,1639676.25,2026-01-01 17:46:16.0000000,ATM Withdrawal,Hyderabad,0,1,Medium
5319,C365968372,C579837876,CASH_OUT,1974352.25,2026-01-01 18:12:23.0000000,Wire Transfer,Kolkata,0,1,Medium
5328,C841995363,C1314676285,CASH_OUT,3477438.50,2026-01-01 19:25:35.0000000,Wire Transfer,Ahmedabad,0,1,Medium
5335,C1718961034,C714051433,CASH_OUT,1861008.38,2026-01-01 19:56:04.0000000,ATM Withdrawal,Pune,0,1,Medium
5354,C1672125863,C559485820,CASH_OUT,2068118.38,2026-01-01 22:31:50.0000000,ATM Withdrawal,Pune,0,1,Medium
5391,C902520408,C1047966944,CASH_OUT,1698263.75,2026-01-02 01:19:18.0000000,ATM Withdrawal,Chennai,0,1,Medium
5401,C441238852,C2059240998,CASH_OUT,1646181.13,2026-01-02 02:55:59.0000000,Cash Deposit,Bangalore,0,1,Medium
5415,C426880249,C1566081912,CASH_OUT,3832058.25,2026-01-02 04:40:03.0000000,ATM Withdrawal,Ahmedabad,0,1,Medium
5438,C1848562108,C1803198527,TRANSFER,5021186.50,2026-01-02 07:14:05.0000000,Wire Transfer,Bangalore,0,1,Medium
5439,C1520365660,C1308026520,CASH_OUT,5021186.50,2026-01-02 07:29:45.0000000,ATM Withdrawal,Bangalore,0,1,Medium
5445,C706467919,C338077337,CASH_OUT,2023920.13,2026-01-02 08:01:29.0000000,Cash Deposit,Chennai,0,1,Medium
5455,C1587398978,C1560573396,CASH_OUT,3295227.75,2026-01-02 09:37:16.0000000,Cash Deposit,Chennai,0,1,Medium
5460,C1548903046,C2065423383,TRANSFER,9887819.00,2026-01-02 09:46:44.0000000,Wire Transfer,Ahmedabad,0,1,Medium
5461,C1071702423,C28783325,CASH_OUT,9887819.00,2026-01-02 09:24:12.0000000,ATM Withdrawal,Bangalore,0,1,Medium
5463,C942063884,C1317594509,CASH_OUT,1448630.38,2026-01-02 09:50:59.0000000,Cash Deposit,Mumbai,0,1,Medium
5464,C67311634,C674603923,TRANSFER,6648390.00,2026-01-02 09:23:09.0000000,Wire Transfer,Pune,0,1,Medium
5465,C1612816859,C836514715,CASH_OUT,6648390.00,2026-01-02 09:37:27.0000000,Cash Deposit,Bangalore,0,1,Medium
5473,C1049482889,C373339841,CASH_OUT,1462355.50,2026-01-02 10:25:33.0000000,Cash Deposit,Chennai,0,1,Medium
5493,C1011490419,C1919783086,CASH_OUT,3606943.25,2026-01-02 11:09:27.0000000,ATM Withdrawal,Chennai,0,1,Medium
5497,C851016578,C1650562969,TRANSFER,9465989.00,2026-01-02 11:10:56.0000000,Wire Transfer,Pune,0,1,Medium
5498,C91276418,C1220805115,CASH_OUT,9465989.00,2026-01-02 11:52:45.0000000,Wire Transfer,Bangalore,0,1,Medium
5506,C914179351,C413966770,CASH_OUT,2352524.25,2026-01-02 12:20:53.0000000,Cash Deposit,Hyderabad,0,1,Medium
5521,C168686866,C803116137,CASH_OUT,1684039.13,2026-01-02 12:32:18.0000000,Wire Transfer,Pune,0,1,Medium
5528,C899260948,C1414206737,TRANSFER,5979556.00,2026-01-02 13:25:08.0000000,Wire Transfer,Bangalore,0,1,Medium
5529,C1240594546,C579897687,CASH_OUT,5979556.00,2026-01-02 13:32:47.0000000,ATM Withdrawal,Kolkata,0,1,Medium
5544,C1215509660,C96222488,TRANSFER,7567170.50,2026-01-02 14:58:21.0000000,Wire Transfer,Hyderabad,0,1,Medium
5545,C1891733615,C1599314459,CASH_OUT,7567170.50,2026-01-02 14:59:02.0000000,ATM Withdrawal,Mumbai,0,1,Medium
5552,C1115361466,C521252518,CASH_OUT,2070814.25,2026-01-02 15:57:43.0000000,Cash Deposit,Bangalore,0,1,Medium
5557,C2057200986,C1124319645,TRANSFER,7937954.00,2026-01-02 15:42:25.0000000,Wire Transfer,Pune,0,1,Medium
5558,C1581001485,C2012612648,CASH_OUT,7937954.00,2026-01-02 15:25:29.0000000,ATM Withdrawal,Hyderabad,0,1,Medium
5567,C979937832,C1787596520,TRANSFER,6188772.50,2026-01-02 16:22:08.0000000,Wire Transfer,Hyderabad,0,1,Medium
5568,C1440649048,C1477641326,CASH_OUT,6188772.50,2026-01-02 16:35:46.0000000,Cash Deposit,Hyderabad,0,1,Medium
5570,C82669876,C1462250062,CASH_OUT,2757431.50,2026-01-02 16:27:36.0000000,Wire Transfer,Kolkata,0,1,Medium
5580,C229433868,C978822470,CASH_OUT,1783144.38,2026-01-02 17:50:45.0000000,ATM Withdrawal,Mumbai,0,1,Medium
5588,C866414395,C315595990,CASH_OUT,2885467.00,2026-01-02 17:43:07.0000000,ATM Withdrawal,Chennai,0,1,Medium
5592,C2012983997,C365271329,CASH_OUT,3569720.50,2026-01-02 18:02:02.0000000,ATM Withdrawal,Delhi,0,1,Medium
5594,C1496808239,C737489499,CASH_OUT,1566057.25,2026-01-02 18:02:50.0000000,ATM Withdrawal,Ahmedabad,0,1,Medium
5595,C1883768704,C1982874632,TRANSFER,5032484.50,2026-01-02 18:45:21.0000000,Wire Transfer,Bangalore,0,1,Medium
5596,C253446049,C57938337,CASH_OUT,5032484.50,2026-01-02 18:11:10.0000000,Cash Deposit,Hyderabad,0,1,Medium
5602,C1510964909,C580102695,CASH_OUT,1917497.63,2026-01-02 18:53:13.0000000,Cash Deposit,Bangalore,0,1,Medium
5617,C2052172437,C1401780750,CASH_OUT,1649819.00,2026-01-02 20:43:16.0000000,ATM Withdrawal,Delhi,0,1,Medium
5630,C1556710652,C1264872013,TRANSFER,5188875.50,2026-01-02 21:03:51.0000000,Wire Transfer,Delhi,0,1,Medium
5631,C1564479230,C203959811,CASH_OUT,5188875.50,2026-01-02 21:25:58.0000000,ATM Withdrawal,Chennai,0,1,Medium
5632,C1457431353,C203170379,TRANSFER,4919642.50,2026-01-02 21:45:30.0000000,Wire Transfer,Mumbai,0,1,Medium
5633,C693406382,C1514738968,CASH_OUT,4919642.50,2026-01-02 21:04:47.0000000,Wire Transfer,Bangalore,0,1,Medium
5638,C1102672587,C735323689,TRANSFER,7335355.50,2026-01-02 21:30:00.0000000,Wire Transfer,Mumbai,0,1,Medium
5639,C1223916377,C542934513,CASH_OUT,7335355.50,2026-01-02 21:41:52.0000000,ATM Withdrawal,Mumbai,0,1,Medium
5640,C154757729,C1895716929,TRANSFER,9977761.00,2026-01-02 22:02:11.0000000,Wire Transfer,Bangalore,0,1,Medium
5641,C840795008,C1214752539,CASH_OUT,9977761.00,2026-01-02 22:59:24.0000000,ATM Withdrawal,Ahmedabad,0,1,Medium
5659,C758510706,C1011054162,CASH_OUT,2249574.00,2026-01-02 23:31:54.0000000,Cash Deposit,Chennai,0,1,Medium
5683,C806769154,C519182481,TRANSFER,5489302.00,2026-01-03 00:38:07.0000000,Wire Transfer,Mumbai,0,1,Medium
5684,C123757418,C346649476,CASH_OUT,5489302.00,2026-01-03 00:34:49.0000000,ATM Withdrawal,Mumbai,0,1,Medium
5709,C1486116303,C398541118,TRANSFER,7484125.00,2026-01-03 04:01:44.0000000,Wire Transfer,Bangalore,0,1,Medium
5710,C99129129,C1179262893,CASH_OUT,7484125.00,2026-01-03 04:38:29.0000000,Wire Transfer,Hyderabad,0,1,Medium
5718,C1732115289,C262978946,CASH_OUT,1631640.00,2026-01-03 05:08:55.0000000,ATM Withdrawal,Hyderabad,0,1,Medium
5724,C108318597,C1038092429,CASH_OUT,3640271.25,2026-01-03 05:14:56.0000000,ATM Withdrawal,Kolkata,0,1,Medium
5744,C1900295340,C2032646914,CASH_OUT,1932200.63,2026-01-03 08:29:57.0000000,ATM Withdrawal,Delhi,0,1,Medium
5754,C718213394,C1307403006,CASH_OUT,2776135.25,2026-01-03 08:42:17.0000000,ATM Withdrawal,Hyderabad,0,1,Medium
5755,C244956323,C1079262309,TRANSFER,4243468.00,2026-01-03 08:19:43.0000000,Wire Transfer,Chennai,0,1,Medium
5756,C175411270,C1082242132,CASH_OUT,4243468.00,2026-01-03 08:21:41.0000000,Wire Transfer,Delhi,0,1,Medium
5773,C2083819202,C1581398768,TRANSFER,6501303.00,2026-01-03 10:48:12.0000000,Wire Transfer,Pune,0,1,Medium
5774,C1033290326,C1721246847,CASH_OUT,6501303.00,2026-01-03 10:47:14.0000000,Wire Transfer,Delhi,0,1,Medium
5776,C597790533,C1365109989,CASH_OUT,3156421.50,2026-01-03 10:54:28.0000000,ATM Withdrawal,Hyderabad,0,1,Medium
5778,C853148295,C439525493,CASH_OUT,1789155.75,2026-01-03 10:52:37.0000000,ATM Withdrawal,Ahmedabad,0,1,Medium
5781,C1494760088,C1835087777,TRANSFER,7108914.00,2026-01-03 10:33:04.0000000,Wire Transfer,Bangalore,0,1,Medium
5782,C993318150,C73690456,CASH_OUT,7108914.00,2026-01-03 10:32:32.0000000,ATM Withdrawal,Ahmedabad,0,1,Medium
5790,C280132554,C858291954,CASH_OUT,3904257.50,2026-01-03 11:08:39.0000000,Wire Transfer,Mumbai,0,1,Medium
5792,C1585480308,C78663667,CASH_OUT,3857176.75,2026-01-03 11:25:22.0000000,ATM Withdrawal,Bangalore,0,1,Medium
5800,C992917413,C104038589,CASH_OUT,2050727.75,2026-01-03 11:45:12.0000000,Wire Transfer,Mumbai,0,1,Medium
5822,C319563760,C2133088178,CASH_OUT,1735466.50,2026-01-03 13:50:08.0000000,ATM Withdrawal,Ahmedabad,0,1,Medium
5844,C1268276273,C959205237,CASH_OUT,1693962.00,2026-01-03 15:37:16.0000000,Cash Deposit,Bangalore,0,1,Medium
5858,C1563094045,C1677375515,CASH_OUT,3097121.75,2026-01-03 16:07:41.0000000,Wire Transfer,Hyderabad,0,1,Medium
5866,C1694539503,C1906797318,CASH_OUT,1814484.00,2026-01-03 16:09:32.0000000,ATM Withdrawal,Mumbai,0,1,Medium
5874,C1824157901,C675598051,CASH_OUT,3760068.00,2026-01-03 17:25:03.0000000,Cash Deposit,Ahmedabad,0,1,Medium
5894,C65342125,C282355647,CASH_OUT,2096634.38,2026-01-03 18:08:13.0000000,Cash Deposit,Hyderabad,0,1,Medium
5897,C1016521533,C475877892,TRANSFER,7169130.00,2026-01-03 18:56:05.0000000,Wire Transfer,Kolkata,0,1,Medium
5898,C877157675,C357180483,CASH_OUT,7169130.00,2026-01-03 18:59:25.0000000,Cash Deposit,Kolkata,0,1,Medium
5902,C127639062,C1426710143,CASH_OUT,3444943.50,2026-01-03 18:06:29.0000000,Cash Deposit,Pune,0,1,Medium
5905,C658423698,C329899379,TRANSFER,4631432.00,2026-01-03 18:20:21.0000000,Wire Transfer,Ahmedabad,0,1,Medium
5906,C2089741901,C434503423,CASH_OUT,4631432.00,2026-01-03 18:01:11.0000000,ATM Withdrawal,Pune,0,1,Medium
5908,C548911578,C1075176822,CASH_OUT,2322909.75,2026-01-03 18:50:03.0000000,ATM Withdrawal,Kolkata,0,1,Medium
5919,C1770441952,C1228502814,TRANSFER,5800988.00,2026-01-03 20:47:46.0000000,Wire Transfer,Pune,0,1,Medium
5920,C1232837961,C1664538299,CASH_OUT,5800988.00,2026-01-03 20:30:39.0000000,ATM Withdrawal,Mumbai,0,1,Medium
5922,C355594712,C1163824069,CASH_OUT,1858515.63,2026-01-03 20:14:26.0000000,ATM Withdrawal,Delhi,0,1,Medium
5924,C451243683,C958253769,CASH_OUT,3512572.75,2026-01-03 20:29:52.0000000,ATM Withdrawal,Kolkata,0,1,Medium
5928,C354227932,C467042735,CASH_OUT,2026529.50,2026-01-03 20:48:36.0000000,ATM Withdrawal,Kolkata,0,1,Medium
5939,C139632487,C1966690861,TRANSFER,7728992.50,2026-01-03 21:05:47.0000000,Wire Transfer,Ahmedabad,0,1,Medium
5940,C403242634,C61990291,CASH_OUT,7728992.50,2026-01-03 21:43:23.0000000,ATM Withdrawal,Pune,0,1,Medium
5948,C262990065,C1242379975,CASH_OUT,2960254.25,2026-01-03 21:42:15.0000000,Wire Transfer,Delhi,0,1,Medium
5949,C505397169,C599233021,TRANSFER,5521483.50,2026-01-03 21:02:23.0000000,Wire Transfer,Chennai,0,1,Medium
5950,C1786386487,C1454031203,CASH_OUT,5521483.50,2026-01-03 21:19:29.0000000,Cash Deposit,Chennai,0,1,Medium
5952,C515510845,C415699959,CASH_OUT,2147778.25,2026-01-03 21:18:18.0000000,ATM Withdrawal,Kolkata,0,1,Medium
5966,C92154963,C1037207091,CASH_OUT,1871553.75,2026-01-03 23:18:20.0000000,ATM Withdrawal,Delhi,0,1,Medium
5968,C874465366,C1545590429,CASH_OUT,2949339.00,2026-01-03 23:06:36.0000000,ATM Withdrawal,Ahmedabad,0,1,Medium
5982,C1092143469,C528593406,CASH_OUT,2947783.75,2026-01-04 00:15:33.0000000,Cash Deposit,Ahmedabad,0,1,Medium
5986,C1706727269,C98727471,CASH_OUT,3786438.00,2026-01-04 00:25:10.0000000,ATM Withdrawal,Kolkata,0,1,Medium
5990,C78395024,C1981613973,CASH_OUT,3243093.00,2026-01-04 00:22:45.0000000,ATM Withdrawal,Hyderabad,0,1,Medium
5993,C1801750044,C1420708952,TRANSFER,8594065.00,2026-01-04 00:48:03.0000000,Wire Transfer,Bangalore,0,1,Medium
5994,C1456711816,C1231373551,CASH_OUT,8594065.00,2026-01-04 00:06:40.0000000,Cash Deposit,Ahmedabad,0,1,Medium
6003,C775816840,C1539861914,TRANSFER,4375931.50,2026-01-04 02:22:54.0000000,Wire Transfer,Kolkata,0,1,Medium
6004,C367894534,C397644656,CASH_OUT,4375931.50,2026-01-04 02:53:54.0000000,ATM Withdrawal,Hyderabad,0,1,Medium
6010,C1267904754,C858620596,CASH_OUT,2451423.50,2026-01-04 02:10:34.0000000,ATM Withdrawal,Chennai,0,1,Medium
6019,C1151172465,C2088124795,TRANSFER,4582074.50,2026-01-04 02:14:31.0000000,Wire Transfer,Kolkata,0,1,Medium
6020,C1507497077,C910594371,CASH_OUT,4582074.50,2026-01-04 02:49:57.0000000,Wire Transfer,Hyderabad,0,1,Medium
6024,C198379281,C857746237,CASH_OUT,3284198.00,2026-01-04 02:15:45.0000000,Cash Deposit,Pune,0,1,Medium
6036,C725597637,C157857444,CASH_OUT,2066446.25,2026-01-04 04:22:55.0000000,Cash Deposit,Bangalore,0,1,Medium
6039,C1074348771,C306278286,TRANSFER,9039247.00,2026-01-04 05:24:57.0000000,Wire Transfer,Delhi,0,1,Medium
6040,C378412722,C802151575,CASH_OUT,9039247.00,2026-01-04 05:54:20.0000000,Cash Deposit,Chennai,0,1,Medium
6043,C958168241,C1700925232,TRANSFER,5715004.50,2026-01-04 05:52:25.0000000,Wire Transfer,Hyderabad,0,1,Medium
6044,C1519833841,C1856760155,CASH_OUT,5715004.50,2026-01-04 05:08:10.0000000,ATM Withdrawal,Kolkata,0,1,Medium
6046,C1519673706,C1396705699,CASH_OUT,2149976.75,2026-01-04 05:02:46.0000000,Wire Transfer,Ahmedabad,0,1,Medium
6054,C1347258113,C169356853,CASH_OUT,1735647.50,2026-01-04 06:32:16.0000000,Wire Transfer,Chennai,0,1,Medium
6056,C706933703,C273430415,CASH_OUT,2254934.25,2026-01-04 06:35:30.0000000,ATM Withdrawal,Pune,0,1,Medium
6060,C1899697178,C553920581,CASH_OUT,1619331.50,2026-01-04 07:29:55.0000000,ATM Withdrawal,Mumbai,0,1,Medium
6082,C1419156412,C31490801,CASH_OUT,2737766.75,2026-01-04 09:57:11.0000000,ATM Withdrawal,Delhi,0,1,Medium
6084,C1774788670,C824562042,CASH_OUT,1980800.00,2026-01-04 09:50:41.0000000,ATM Withdrawal,Kolkata,0,1,Medium
6087,C194251863,C280536388,TRANSFER,5338583.50,2026-01-04 10:28:23.0000000,Wire Transfer,Kolkata,0,1,Medium
6088,C1913306809,C343563320,CASH_OUT,5338583.50,2026-01-04 10:41:19.0000000,Cash Deposit,Mumbai,0,1,Medium
6090,C911734420,C1953014312,CASH_OUT,1534985.13,2026-01-04 10:04:24.0000000,Wire Transfer,Kolkata,0,1,Medium
6098,C341046619,C1149435896,CASH_OUT,1534927.00,2026-01-04 11:45:44.0000000,ATM Withdrawal,Pune,0,1,Medium
6108,C1275891732,C989926584,CASH_OUT,2498370.00,2026-01-04 11:24:14.0000000,Cash Deposit,Hyderabad,0,1,Medium
6112,C771703338,C1350764838,CASH_OUT,2627070.50,2026-01-04 12:49:58.0000000,Cash Deposit,Chennai,0,1,Medium
6121,C58626602,C1366192319,TRANSFER,4830219.00,2026-01-04 12:57:22.0000000,Wire Transfer,Ahmedabad,0,1,Medium
6122,C610088962,C1925322228,CASH_OUT,4830219.00,2026-01-04 12:41:36.0000000,Cash Deposit,Delhi,0,1,Medium
6134,C955071434,C865727492,CASH_OUT,1529614.75,2026-01-04 13:02:02.0000000,ATM Withdrawal,Hyderabad,0,1,Medium
6136,C1733056191,C1061971573,CASH_OUT,1440705.63,2026-01-04 13:56:12.0000000,Wire Transfer,Mumbai,0,1,Medium
6137,C406938681,C579440834,TRANSFER,8924972.00,2026-01-04 13:12:47.0000000,Wire Transfer,Chennai,0,1,Medium
6138,C1227042704,C585705042,CASH_OUT,8924972.00,2026-01-04 13:03:17.0000000,Wire Transfer,Mumbai,0,1,Medium
6143,C1230337572,C720836200,TRANSFER,8931608.00,2026-01-04 14:38:56.0000000,Wire Transfer,Ahmedabad,0,1,Medium
6144,C849209216,C754619416,CASH_OUT,8931608.00,2026-01-04 14:01:53.0000000,ATM Withdrawal,Kolkata,0,1,Medium
6147,C384245570,C898480186,TRANSFER,6972165.00,2026-01-04 14:40:15.0000000,Wire Transfer,Ahmedabad,0,1,Medium
6148,C1268472825,C2126149202,CASH_OUT,6972165.00,2026-01-04 14:27:53.0000000,ATM Withdrawal,Hyderabad,0,1,Medium
6163,C1453976647,C1454683123,TRANSFER,9345700.00,2026-01-04 16:25:27.0000000,Wire Transfer,Hyderabad,0,1,Medium
6164,C399518124,C2125071302,CASH_OUT,9345700.00,2026-01-04 16:02:41.0000000,Cash Deposit,Kolkata,0,1,Medium
6168,C987446721,C1981613973,CASH_OUT,4022408.75,2026-01-04 16:01:27.0000000,ATM Withdrawal,Hyderabad,0,1,Medium
6170,C1513663831,C1935735129,CASH_OUT,3607917.75,2026-01-04 16:25:11.0000000,Wire Transfer,Bangalore,0,1,Medium
6187,C1641731466,C290559240,TRANSFER,7696836.50,2026-01-04 18:02:43.0000000,Wire Transfer,Bangalore,0,1,Medium
6188,C1784092244,C646123724,CASH_OUT,7696836.50,2026-01-04 18:42:37.0000000,ATM Withdrawal,Bangalore,0,1,Medium
6202,C1928781788,C1636281428,CASH_OUT,1461930.00,2026-01-04 20:53:29.0000000,Cash Deposit,Hyderabad,0,1,Medium
6218,C1011158272,C1883340818,CASH_OUT,3206623.50,2026-01-04 21:58:05.0000000,Wire Transfer,Kolkata,0,1,Medium
6224,C1143980021,C1219235880,CASH_OUT,3723738.00,2026-01-04 21:05:14.0000000,Wire Transfer,Pune,0,1,Medium
6228,C395839623,C925758982,CASH_OUT,2169680.00,2026-01-04 22:19:12.0000000,Wire Transfer,Hyderabad,0,1,Medium
6230,C824268591,C819390198,CASH_OUT,1454592.63,2026-01-04 22:48:45.0000000,Wire Transfer,Mumbai,0,1,Medium
6234,C1767333284,C610460069,CASH_OUT,2393539.75,2026-01-04 22:24:47.0000000,Retail Debit,Bangalore,0,1,Medium
6249,C1917836086,C1694421805,TRANSFER,8775594.00,2026-01-04 23:42:59.0000000,Wire Transfer,Delhi,0,1,Medium
6250,C131527035,C897416477,CASH_OUT,8775594.00,2026-01-04 23:09:42.0000000,ATM Withdrawal,Bangalore,0,1,Medium
6252,C477303142,C779119558,CASH_OUT,3492057.00,2026-01-04 23:18:34.0000000,Wire Transfer,Pune,0,1,Medium
6255,C997276166,C1246358574,TRANSFER,8267760.50,2026-01-05 00:49:55.0000000,Wire Transfer,Ahmedabad,0,1,Medium
6256,C1847166254,C1601872168,CASH_OUT,8267760.50,2026-01-05 00:46:27.0000000,Wire Transfer,Kolkata,0,1,Medium
6265,C310812803,C1185406486,TRANSFER,4454632.50,2026-01-05 01:38:27.0000000,Wire Transfer,Delhi,0,1,Medium
6266,C933443756,C791106926,CASH_OUT,4454632.50,2026-01-05 01:33:32.0000000,ATM Withdrawal,Bangalore,0,1,Medium
6276,C1374141932,C2044636303,CASH_OUT,2394623.75,2026-01-05 02:25:40.0000000,ATM Withdrawal,Hyderabad,0,1,Medium
6281,C1514427330,C2103550727,TRANSFER,4589441.50,2026-01-05 03:46:22.0000000,Wire Transfer,Chennai,0,1,Medium
6282,C397365515,C877334652,CASH_OUT,4589441.50,2026-01-05 03:24:20.0000000,ATM Withdrawal,Mumbai,0,1,Medium
6286,C73290469,C1192284712,CASH_OUT,1515291.25,2026-01-05 03:18:38.0000000,Cash Deposit,Pune,0,1,Medium
6296,C731376303,C1868096235,CASH_OUT,2388251.25,2026-01-05 05:00:00.0000000,ATM Withdrawal,Mumbai,0,1,Medium
6298,C1196507516,C1496380415,CASH_OUT,2222544.00,2026-01-05 05:41:27.0000000,Cash Deposit,Pune,0,1,Medium
6328,C1980352063,C1032628517,CASH_OUT,1762680.50,2026-01-05 08:11:39.0000000,ATM Withdrawal,Ahmedabad,0,1,Medium
6342,C208508333,C1196762236,CASH_OUT,1457085.25,2026-01-05 09:11:34.0000000,Wire Transfer,Bangalore,0,1,Medium
6346,C152862745,C636779273,CASH_OUT,1767112.63,2026-01-05 09:20:21.0000000,ATM Withdrawal,Delhi,0,1,Medium
6350,C1655503661,C1811125343,CASH_OUT,2988103.25,2026-01-05 09:55:30.0000000,Cash Deposit,Ahmedabad,0,1,Medium
6362,C589092976,C1616444076,CASH_OUT,1486955.38,2026-01-05 10:59:07.0000000,ATM Withdrawal,Chennai,0,1,Medium
6376,C1012201968,C1330533329,CASH_OUT,2708906.50,2026-01-05 10:58:22.0000000,ATM Withdrawal,Ahmedabad,0,1,Medium
6393,C1821246962,C1379131960,TRANSFER,7060217.00,2026-01-05 12:24:19.0000000,Wire Transfer,Mumbai,0,1,Medium
6394,C1396053431,C2116038737,CASH_OUT,7060217.00,2026-01-05 12:07:47.0000000,ATM Withdrawal,Bangalore,0,1,Medium
6400,C799860005,C1997890348,CASH_OUT,3523089.50,2026-01-05 13:30:47.0000000,Cash Deposit,Pune,0,1,Medium
6416,C787958197,C466866036,CASH_OUT,2145934.75,2026-01-05 14:58:46.0000000,Cash Deposit,Delhi,0,1,Medium
6418,C1877698691,C1757559397,CASH_OUT,3595911.50,2026-01-05 15:37:36.0000000,ATM Withdrawal,Bangalore,0,1,Medium
6434,C837305312,C2143635145,CASH_OUT,1636403.25,2026-01-05 17:40:31.0000000,ATM Withdrawal,Hyderabad,0,1,Medium
6436,C784554482,C669471346,CASH_OUT,2908264.75,2026-01-05 18:03:37.0000000,ATM Withdrawal,Chennai,0,1,Medium
6442,C60777377,C92525321,CASH_OUT,1844357.25,2026-01-05 19:45:15.0000000,Wire Transfer,Hyderabad,0,1,Medium
6450,C170219617,C1752658199,CASH_OUT,2066848.25,2026-01-05 20:26:58.0000000,Cash Deposit,Ahmedabad,0,1,Medium
6452,C1699838041,C1076792770,CASH_OUT,2694857.25,2026-01-05 20:04:37.0000000,Wire Transfer,Kolkata,0,1,Medium
6454,C885720640,C1672277432,CASH_OUT,1562871.38,2026-01-05 20:56:16.0000000,Cash Deposit,Delhi,0,1,Medium
6470,C1485024283,C1222847172,CASH_OUT,1761021.38,2026-01-05 21:03:09.0000000,ATM Withdrawal,Mumbai,0,1,Medium
6474,C1728211150,C1827237197,CASH_OUT,4032691.25,2026-01-05 21:04:18.0000000,ATM Withdrawal,Pune,0,1,Medium
6480,C1788320123,C1343134099,CASH_OUT,1812161.38,2026-01-05 22:33:19.0000000,ATM Withdrawal,Bangalore,0,1,Medium
6486,C1592208539,C416664710,CASH_OUT,3794763.75,2026-01-05 22:00:07.0000000,Cash Deposit,Ahmedabad,0,1,Medium
6488,C248036406,C646526180,CASH_OUT,2040209.75,2026-01-05 23:29:37.0000000,ATM Withdrawal,Pune,0,1,Medium
6498,C1426147702,C1451093652,CASH_OUT,1860190.00,2026-01-06 00:25:10.0000000,ATM Withdrawal,Pune,0,1,Medium
6514,C997743545,C37665985,CASH_OUT,2142164.00,2026-01-06 01:41:15.0000000,ATM Withdrawal,Ahmedabad,0,1,Medium
6528,C788747190,C580774916,CASH_OUT,2658596.00,2026-01-06 02:30:50.0000000,ATM Withdrawal,Delhi,0,1,Medium
6530,C1136739857,C1877540885,CASH_OUT,2221683.75,2026-01-06 02:33:32.0000000,Wire Transfer,Chennai,0,1,Medium
6537,C270791126,C1396625273,TRANSFER,6351930.50,2026-01-06 03:44:55.0000000,Wire Transfer,Bangalore,0,1,Medium
6538,C1533359448,C794625601,CASH_OUT,6351930.50,2026-01-06 03:54:49.0000000,ATM Withdrawal,Hyderabad,0,1,Medium
6545,C167488694,C629818525,TRANSFER,9639053.00,2026-01-06 04:30:36.0000000,Wire Transfer,Delhi,0,1,Medium
6546,C1452214555,C1584664836,CASH_OUT,9639053.00,2026-01-06 04:20:21.0000000,ATM Withdrawal,Hyderabad,0,1,Medium
6555,C2047670192,C1601626536,TRANSFER,8097183.00,2026-01-06 05:01:05.0000000,Wire Transfer,Bangalore,0,1,Medium
6556,C896315472,C95956849,CASH_OUT,8097183.00,2026-01-06 05:32:58.0000000,Wire Transfer,Chennai,0,1,Medium
6557,C823324093,C1906616566,TRANSFER,5245375.50,2026-01-06 06:44:13.0000000,Wire Transfer,Chennai,0,1,Medium
6558,C1652591304,C1873104472,CASH_OUT,5245375.50,2026-01-06 06:03:49.0000000,Cash Deposit,Chennai,0,1,Medium
6568,C588222380,C1789882794,CASH_OUT,1848199.50,2026-01-06 07:12:38.0000000,Cash Deposit,Hyderabad,0,1,Medium
6569,C119613068,C947645496,TRANSFER,6910927.00,2026-01-06 07:40:30.0000000,Wire Transfer,Chennai,0,1,Medium
6570,C1401275229,C50368712,CASH_OUT,6910927.00,2026-01-06 07:42:15.0000000,ATM Withdrawal,Bangalore,0,1,Medium
6579,C1664723459,C366674827,TRANSFER,4483869.00,2026-01-06 08:13:12.0000000,Wire Transfer,Chennai,0,1,Medium
6580,C375834345,C459252114,CASH_OUT,4483869.00,2026-01-06 08:02:10.0000000,Cash Deposit,Kolkata,0,1,Medium
6584,C1347372630,C1738146204,CASH_OUT,3062506.50,2026-01-06 08:50:53.0000000,ATM Withdrawal,Bangalore,0,1,Medium
6590,C767567328,C1624455220,CASH_OUT,1864022.00,2026-01-06 09:07:01.0000000,Wire Transfer,Delhi,0,1,Medium
6592,C735684642,C653403017,CASH_OUT,1494432.25,2026-01-06 10:27:56.0000000,ATM Withdrawal,Pune,0,1,Medium
6603,C452889653,C1784013165,TRANSFER,7476725.50,2026-01-06 11:09:54.0000000,Wire Transfer,Ahmedabad,0,1,Medium
6604,C262815390,C450403816,CASH_OUT,7476725.50,2026-01-06 11:45:43.0000000,ATM Withdrawal,Mumbai,0,1,Medium
6606,C1229867171,C985114937,CASH_OUT,2540410.25,2026-01-06 11:49:46.0000000,ATM Withdrawal,Pune,0,1,Medium
6608,C1403642146,C929286459,CASH_OUT,2745923.00,2026-01-06 11:32:21.0000000,ATM Withdrawal,Pune,0,1,Medium
6610,C1701978189,C1864787656,CASH_OUT,2248585.00,2026-01-06 11:01:34.0000000,ATM Withdrawal,Hyderabad,0,1,Medium
6616,C225560210,C946491737,CASH_OUT,2479940.25,2026-01-06 12:42:18.0000000,Wire Transfer,Hyderabad,0,1,Medium
6618,C577782900,C48297071,CASH_OUT,3735525.00,2026-01-06 12:04:09.0000000,Cash Deposit,Ahmedabad,0,1,Medium
6636,C1457539209,C1879948586,CASH_OUT,2460110.25,2026-01-06 14:43:14.0000000,ATM Withdrawal,Bangalore,0,1,Medium
6640,C1686754447,C1330478726,CASH_OUT,3892156.25,2026-01-06 14:05:08.0000000,ATM Withdrawal,Mumbai,0,1,Medium
6642,C566299980,C2132741249,CASH_OUT,1525742.00,2026-01-06 14:45:19.0000000,Wire Transfer,Hyderabad,0,1,Medium
6652,C252215515,C870722399,CASH_OUT,3263443.25,2026-01-06 16:05:14.0000000,ATM Withdrawal,Ahmedabad,0,1,Medium
6656,C1229716885,C1742997341,CASH_OUT,1457343.38,2026-01-06 16:23:38.0000000,ATM Withdrawal,Hyderabad,0,1,Medium
6659,C584194979,C2018653161,TRANSFER,7563537.00,2026-01-06 16:52:03.0000000,Wire Transfer,Chennai,0,1,Medium
6660,C983899161,C1297951488,CASH_OUT,7563537.00,2026-01-06 16:13:24.0000000,ATM Withdrawal,Chennai,0,1,Medium
6666,C794060279,C928051601,CASH_OUT,3116833.75,2026-01-06 17:13:59.0000000,ATM Withdrawal,Hyderabad,0,1,Medium
6670,C608259465,C1307118574,CASH_OUT,1746415.25,2026-01-06 17:16:32.0000000,ATM Withdrawal,Mumbai,0,1,Medium
6683,C1584907362,C1968032236,TRANSFER,4400458.00,2026-01-06 20:12:02.0000000,Wire Transfer,Hyderabad,0,1,Medium
6684,C148679503,C470122126,CASH_OUT,4400458.00,2026-01-06 20:01:53.0000000,ATM Withdrawal,Delhi,0,1,Medium
6686,C1711657295,C144852879,CASH_OUT,2873536.00,2026-01-06 20:38:18.0000000,ATM Withdrawal,Ahmedabad,0,1,Medium
6700,C752410137,C404647251,CASH_OUT,1589614.75,2026-01-06 21:07:05.0000000,Wire Transfer,Kolkata,0,1,Medium
6707,C1521066827,C237081413,TRANSFER,6168077.50,2026-01-06 22:52:41.0000000,Wire Transfer,Mumbai,0,1,Medium
6708,C1567508562,C233644049,CASH_OUT,6168077.50,2026-01-06 22:44:18.0000000,ATM Withdrawal,Bangalore,0,1,Medium
6712,C941627109,C704744337,CASH_OUT,1822754.88,2026-01-06 23:33:26.0000000,Cash Deposit,Pune,0,1,Medium
6713,C740325067,C951611415,TRANSFER,7068115.50,2026-01-06 23:05:57.0000000,Wire Transfer,Bangalore,0,1,Medium
6714,C884592153,C2111326031,CASH_OUT,7068115.50,2026-01-06 23:01:38.0000000,ATM Withdrawal,Mumbai,0,1,Medium
6716,C492515699,C527244596,CASH_OUT,3222396.00,2026-01-06 23:33:26.0000000,ATM Withdrawal,Ahmedabad,0,1,Medium
6724,C1607355458,C1507119938,CASH_OUT,1608571.00,2026-01-06 23:08:29.0000000,ATM Withdrawal,Bangalore,0,1,Medium
6736,C540872816,C875816541,CASH_OUT,2120267.00,2026-01-07 00:17:42.0000000,ATM Withdrawal,Pune,0,1,Medium
6738,C1487625973,C1046637839,CASH_OUT,1767886.00,2026-01-07 01:21:51.0000000,Cash Deposit,Mumbai,0,1,Medium
6744,C1540456326,C1572482192,CASH_OUT,1539687.25,2026-01-07 01:41:14.0000000,ATM Withdrawal,Pune,0,1,Medium
6746,C1733969838,C1915229733,CASH_OUT,3572736.75,2026-01-07 01:40:50.0000000,Cash Deposit,Pune,0,1,Medium
6751,C2111007650,C830545754,TRANSFER,7114590.00,2026-01-07 02:42:21.0000000,Wire Transfer,Ahmedabad,0,1,Medium
6752,C115707854,C1107422385,CASH_OUT,7114590.00,2026-01-07 02:16:54.0000000,Cash Deposit,Pune,0,1,Medium
6768,C379244982,C1160379813,CASH_OUT,3733104.00,2026-01-07 04:43:38.0000000,ATM Withdrawal,Ahmedabad,0,1,Medium
6780,C2091267163,C1391718831,CASH_OUT,3567795.25,2026-01-07 05:23:28.0000000,ATM Withdrawal,Delhi,0,1,Medium
6787,C1962597060,C103010660,TRANSFER,7188425.00,2026-01-07 05:17:16.0000000,Wire Transfer,Hyderabad,0,1,Medium
6788,C1982019124,C2025892351,CASH_OUT,7188425.00,2026-01-07 05:04:50.0000000,ATM Withdrawal,Bangalore,0,1,Medium
6792,C1729277361,C180584877,CASH_OUT,2860852.50,2026-01-07 05:30:56.0000000,ATM Withdrawal,Chennai,0,1,Medium
6797,C1058610480,C532968715,TRANSFER,5477272.50,2026-01-07 05:26:20.0000000,Wire Transfer,Kolkata,0,1,Medium
6798,C478532233,C1188145688,CASH_OUT,5477272.50,2026-01-07 05:51:18.0000000,Wire Transfer,Mumbai,0,1,Medium
6812,C424434408,C524837856,CASH_OUT,3178915.25,2026-01-07 06:36:20.0000000,Cash Deposit,Ahmedabad,0,1,Medium
6814,C1177478126,C801773447,CASH_OUT,1994285.13,2026-01-07 06:40:09.0000000,Cash Deposit,Kolkata,0,1,Medium
6828,C1812465307,C1438776235,CASH_OUT,1766811.13,2026-01-07 07:00:48.0000000,ATM Withdrawal,Mumbai,0,1,Medium
6830,C370488053,C1690006071,CASH_OUT,1633227.00,2026-01-07 07:44:19.0000000,ATM Withdrawal,Bangalore,0,1,Medium
6834,C1157904432,C2053528255,CASH_OUT,2175289.00,2026-01-07 08:16:47.0000000,ATM Withdrawal,Chennai,0,1,Medium
6854,C1521962059,C1036969884,CASH_OUT,1581441.75,2026-01-07 10:28:13.0000000,Cash Deposit,Hyderabad,0,1,Medium
6856,C1408863129,C412806203,CASH_OUT,3424092.50,2026-01-07 10:35:54.0000000,Cash Deposit,Delhi,0,1,Medium
6864,C1925659680,C373469427,CASH_OUT,2723017.25,2026-01-07 11:49:33.0000000,ATM Withdrawal,Pune,0,1,Medium
6889,C1533698204,C1200872138,TRANSFER,4738282.50,2026-01-07 13:18:16.0000000,Wire Transfer,Bangalore,0,1,Medium
6890,C751624512,C320991755,CASH_OUT,4738282.50,2026-01-07 13:23:16.0000000,Wire Transfer,Delhi,0,1,Medium
6892,C1573457195,C22390987,CASH_OUT,1946687.38,2026-01-07 13:13:45.0000000,ATM Withdrawal,Ahmedabad,0,1,Medium
6894,C788558672,C524532968,CASH_OUT,2498837.75,2026-01-07 13:04:03.0000000,Wire Transfer,Ahmedabad,0,1,Medium
6906,C151947482,C1105913844,CASH_OUT,3457169.25,2026-01-07 14:31:29.0000000,ATM Withdrawal,Bangalore,0,1,Medium
6908,C1384626324,C1328187730,CASH_OUT,2118548.25,2026-01-07 14:42:06.0000000,Wire Transfer,Mumbai,0,1,Medium
6925,C1744142327,C197131659,TRANSFER,7670038.00,2026-01-07 16:32:13.0000000,Wire Transfer,Chennai,0,1,Medium
6926,C1039668554,C2113941945,CASH_OUT,7670038.00,2026-01-07 16:58:12.0000000,Cash Deposit,Mumbai,0,1,Medium
6940,C657858673,C1591408637,CASH_OUT,1697093.50,2026-01-07 16:14:54.0000000,ATM Withdrawal,Kolkata,0,1,Medium
6942,C310661777,C821758097,CASH_OUT,2432747.50,2026-01-07 16:24:28.0000000,ATM Withdrawal,Delhi,0,1,Medium
6950,C1966768785,C1610140948,CASH_OUT,1533798.50,2026-01-07 17:06:03.0000000,ATM Withdrawal,Mumbai,0,1,Medium
6953,C582011779,C1801176562,TRANSFER,8720558.00,2026-01-07 17:37:40.0000000,Wire Transfer,Bangalore,0,1,Medium
6954,C34841317,C1571144443,CASH_OUT,8720558.00,2026-01-07 17:21:23.0000000,Cash Deposit,Chennai,0,1,Medium
6960,C1014836767,C1247448175,CASH_OUT,2934821.00,2026-01-07 18:13:58.0000000,ATM Withdrawal,Pune,0,1,Medium
6961,C1906595632,C963512696,TRANSFER,5820137.50,2026-01-07 18:52:24.0000000,Wire Transfer,Mumbai,0,1,Medium
6962,C13539331,C345070872,CASH_OUT,5820137.50,2026-01-07 18:46:33.0000000,ATM Withdrawal,Hyderabad,0,1,Medium
6967,C1699496065,C1917022253,TRANSFER,8327328.50,2026-01-07 18:56:51.0000000,Wire Transfer,Ahmedabad,0,1,Medium
6968,C2016728314,C1652527413,CASH_OUT,8327328.50,2026-01-07 18:04:58.0000000,ATM Withdrawal,Hyderabad,0,1,Medium
6982,C2091263161,C1535844228,CASH_OUT,1627389.25,2026-01-07 20:18:19.0000000,ATM Withdrawal,Chennai,0,1,Medium
6994,C2081856005,C173077042,CASH_OUT,1869237.88,2026-01-07 21:54:19.0000000,Wire Transfer,Hyderabad,0,1,Medium
7000,C1537775807,C1897800945,CASH_OUT,1803411.50,2026-01-07 22:38:54.0000000,ATM Withdrawal,Bangalore,0,1,Medium
7004,C281744778,C1877485591,CASH_OUT,2598276.00,2026-01-07 23:09:26.0000000,ATM Withdrawal,Chennai,0,1,Medium
7007,C1185526711,C342454180,TRANSFER,7513581.50,2026-01-08 00:56:53.0000000,Wire Transfer,Kolkata,0,1,Medium
7008,C1768255591,C610130308,CASH_OUT,7513581.50,2026-01-08 00:53:01.0000000,ATM Withdrawal,Bangalore,0,1,Medium
7019,C622490191,C1928486758,TRANSFER,7246962.00,2026-01-08 02:55:42.0000000,Wire Transfer,Bangalore,0,1,Medium
7020,C376746330,C1384358824,CASH_OUT,7246962.00,2026-01-08 02:09:37.0000000,ATM Withdrawal,Hyderabad,0,1,Medium
7025,C1224347529,C938248377,TRANSFER,6302889.00,2026-01-08 02:06:55.0000000,Wire Transfer,Hyderabad,0,1,Medium
7026,C1323638722,C378717851,CASH_OUT,6302889.00,2026-01-08 02:56:20.0000000,ATM Withdrawal,Pune,0,1,Medium
7028,C382837005,C386229497,CASH_OUT,2612915.25,2026-01-08 02:17:52.0000000,Cash Deposit,Kolkata,0,1,Medium
7035,C612440112,C1415278169,TRANSFER,6501296.50,2026-01-08 03:40:03.0000000,Wire Transfer,Kolkata,0,1,Medium
7036,C1026263737,C45760834,CASH_OUT,6501296.50,2026-01-08 03:39:52.0000000,Cash Deposit,Kolkata,0,1,Medium
7038,C518707081,C1347472124,CASH_OUT,1786247.25,2026-01-08 03:02:34.0000000,ATM Withdrawal,Mumbai,0,1,Medium
7040,C1402549847,C354225366,CASH_OUT,1777674.38,2026-01-08 03:10:15.0000000,Wire Transfer,Mumbai,0,1,Medium
7046,C52657218,C1861630818,CASH_OUT,2754740.50,2026-01-08 03:30:21.0000000,ATM Withdrawal,Chennai,0,1,Medium
7062,C441260218,C1543135091,CASH_OUT,2232667.50,2026-01-08 05:09:41.0000000,ATM Withdrawal,Mumbai,0,1,Medium
7064,C450561445,C1075348177,CASH_OUT,2177218.50,2026-01-08 05:50:13.0000000,ATM Withdrawal,Ahmedabad,0,1,Medium
7067,C377226285,C497430875,TRANSFER,8594500.00,2026-01-08 05:47:02.0000000,Wire Transfer,Ahmedabad,0,1,Medium
7068,C1414061418,C161212060,CASH_OUT,8594500.00,2026-01-08 05:10:46.0000000,ATM Withdrawal,Bangalore,0,1,Medium
7082,C1771922925,C1040401356,CASH_OUT,1536245.50,2026-01-08 06:35:52.0000000,ATM Withdrawal,Hyderabad,0,1,Medium
7120,C459414804,C903962920,CASH_OUT,3354200.50,2026-01-08 10:03:13.0000000,Cash Deposit,Ahmedabad,0,1,Medium
7130,C997942901,C1057783924,CASH_OUT,1796069.25,2026-01-08 10:33:05.0000000,Cash Deposit,Ahmedabad,0,1,Medium
7132,C462145857,C2101247370,CASH_OUT,2222008.25,2026-01-08 10:15:49.0000000,Cash Deposit,Delhi,0,1,Medium
7140,C1709710853,C1758704619,CASH_OUT,1494831.63,2026-01-08 11:57:04.0000000,ATM Withdrawal,Chennai,0,1,Medium
7146,C1481088608,C377820093,CASH_OUT,3608191.50,2026-01-08 12:06:34.0000000,ATM Withdrawal,Mumbai,0,1,Medium
7147,C1807376004,C1506576839,TRANSFER,8186519.00,2026-01-08 12:36:48.0000000,Wire Transfer,Chennai,0,1,Medium
7148,C2014067956,C822476275,CASH_OUT,8186519.00,2026-01-08 12:32:54.0000000,ATM Withdrawal,Delhi,0,1,Medium
7149,C2003297208,C747248533,TRANSFER,5363595.00,2026-01-08 12:08:08.0000000,Wire Transfer,Chennai,0,1,Medium
7150,C686087807,C1701906322,CASH_OUT,5363595.00,2026-01-08 12:25:30.0000000,ATM Withdrawal,Pune,0,1,Medium
7152,C860545419,C1340521967,CASH_OUT,1644750.00,2026-01-08 13:37:11.0000000,Wire Transfer,Bangalore,0,1,Medium
7163,C738179255,C867957105,CASH_OUT,1486053.00,2026-01-08 14:06:09.0000000,ATM Withdrawal,Pune,0,1,Medium
7171,C841492640,C820061836,CASH_OUT,1503297.50,2026-01-08 15:19:44.0000000,ATM Withdrawal,Mumbai,0,1,Medium
7176,C1296748795,C817583819,TRANSFER,4354175.50,2026-01-08 15:01:24.0000000,Wire Transfer,Kolkata,0,1,Medium
7177,C750241530,C96592525,CASH_OUT,4354175.50,2026-01-08 15:23:57.0000000,Cash Deposit,Delhi,0,1,Medium
7179,C949325212,C804306879,CASH_OUT,2075328.75,2026-01-08 15:20:02.0000000,ATM Withdrawal,Ahmedabad,0,1,Medium
7212,C546277701,C680858375,TRANSFER,8607090.00,2026-01-08 18:46:10.0000000,Wire Transfer,Hyderabad,0,1,Medium
7213,C432288416,C333863007,CASH_OUT,8607090.00,2026-01-08 18:03:57.0000000,ATM Withdrawal,Mumbai,0,1,Medium
7218,C1210414819,C118885392,TRANSFER,8142605.50,2026-01-08 18:37:55.0000000,Wire Transfer,Hyderabad,0,1,Medium
7219,C721676184,C1266336636,CASH_OUT,8142605.50,2026-01-08 18:47:29.0000000,ATM Withdrawal,Pune,0,1,Medium
7228,C1943035260,C1552135476,CASH_OUT,2044841.00,2026-01-08 19:41:46.0000000,ATM Withdrawal,Bangalore,0,1,Medium
7234,C527346437,C247785956,CASH_OUT,1736804.88,2026-01-08 19:04:32.0000000,Cash Deposit,Mumbai,0,1,Medium
7235,C2146618198,C1901906276,TRANSFER,7196174.50,2026-01-08 19:21:16.0000000,Wire Transfer,Kolkata,0,1,Medium
7236,C1906024708,C252431988,CASH_OUT,7196174.50,2026-01-08 19:57:31.0000000,Cash Deposit,Chennai,0,1,Medium
7242,C329270051,C2110090279,CASH_OUT,3671853.75,2026-01-08 20:41:20.0000000,ATM Withdrawal,Mumbai,0,1,Medium
7245,C2089796608,C77532611,TRANSFER,5777706.50,2026-01-08 20:04:15.0000000,Wire Transfer,Hyderabad,0,1,Medium
7246,C1812401668,C1367015586,CASH_OUT,5777706.50,2026-01-08 20:22:32.0000000,ATM Withdrawal,Ahmedabad,0,1,Medium
7252,C1675131101,C550055858,CASH_OUT,2339743.25,2026-01-08 21:03:16.0000000,ATM Withdrawal,Pune,0,1,Medium
7256,C684927703,C1014882378,CASH_OUT,2216703.75,2026-01-08 21:00:13.0000000,ATM Withdrawal,Chennai,0,1,Medium
7274,C500742498,C467413357,CASH_OUT,1895158.63,2026-01-08 23:59:21.0000000,ATM Withdrawal,Bangalore,0,1,Medium
7280,C230612443,C1505742207,CASH_OUT,1764326.25,2026-01-09 00:03:23.0000000,ATM Withdrawal,Mumbai,0,1,Medium
7286,C176928407,C967218202,CASH_OUT,1489970.00,2026-01-09 00:07:52.0000000,Wire Transfer,Mumbai,0,1,Medium
7298,C1407686469,C1582355721,CASH_OUT,1501297.88,2026-01-09 02:44:23.0000000,Cash Deposit,Delhi,0,1,Medium
7302,C806917038,C2093110061,CASH_OUT,2942178.00,2026-01-09 02:49:42.0000000,ATM Withdrawal,Hyderabad,0,1,Medium
7312,C957784464,C434640049,CASH_OUT,2031464.88,2026-01-09 03:04:04.0000000,ATM Withdrawal,Bangalore,0,1,Medium
7326,C1699077947,C1396064859,CASH_OUT,1961426.63,2026-01-09 05:37:51.0000000,ATM Withdrawal,Mumbai,0,1,Medium
7330,C1119391076,C1437440684,CASH_OUT,2153055.25,2026-01-09 06:30:38.0000000,Wire Transfer,Kolkata,0,1,Medium
7332,C901300638,C1646300362,CASH_OUT,2634032.50,2026-01-09 06:04:20.0000000,ATM Withdrawal,Pune,0,1,Medium
7335,C470813600,C931720815,TRANSFER,7197532.50,2026-01-09 06:24:11.0000000,Wire Transfer,Delhi,0,1,Medium
7336,C1876397453,C399465917,CASH_OUT,7197532.50,2026-01-09 06:44:19.0000000,ATM Withdrawal,Bangalore,0,1,Medium
7339,C1407135183,C1128587638,TRANSFER,7620549.00,2026-01-09 06:20:20.0000000,Wire Transfer,Chennai,0,1,Medium
7340,C12024284,C233514651,CASH_OUT,7620549.00,2026-01-09 06:50:24.0000000,ATM Withdrawal,Hyderabad,0,1,Medium
7344,C1786460206,C619550945,CASH_OUT,3644234.00,2026-01-09 07:49:05.0000000,ATM Withdrawal,Pune,0,1,Medium
7355,C679238677,C2112303163,TRANSFER,7482670.00,2026-01-09 08:27:39.0000000,Wire Transfer,Hyderabad,0,1,Medium
7356,C782470219,C13429851,CASH_OUT,7482670.00,2026-01-09 08:09:37.0000000,ATM Withdrawal,Pune,0,1,Medium
7357,C1392488521,C163718633,TRANSFER,5393290.50,2026-01-09 08:10:55.0000000,Wire Transfer,Ahmedabad,0,1,Medium
7358,C9591597,C686224839,CASH_OUT,5393290.50,2026-01-09 08:28:21.0000000,Wire Transfer,Hyderabad,0,1,Medium
7364,C959116993,C2073813717,CASH_OUT,2477662.00,2026-01-09 09:04:18.0000000,ATM Withdrawal,Delhi,0,1,Medium
7368,C94525444,C1450888906,CASH_OUT,2263927.00,2026-01-09 10:32:53.0000000,ATM Withdrawal,Chennai,0,1,Medium
7371,C774814056,C900711437,TRANSFER,4644693.00,2026-01-09 11:26:56.0000000,Wire Transfer,Chennai,0,1,Medium
7372,C1906191746,C580926195,CASH_OUT,4644693.00,2026-01-09 11:45:27.0000000,ATM Withdrawal,Delhi,0,1,Medium
7376,C2088472224,C1707633180,CASH_OUT,2913787.00,2026-01-09 11:43:46.0000000,ATM Withdrawal,Bangalore,0,1,Medium
7382,C1638233799,C268982217,CASH_OUT,2144208.25,2026-01-09 12:58:37.0000000,Retail Debit,Pune,0,1,Medium
7399,C338408648,C1667746886,TRANSFER,5903046.50,2026-01-09 14:20:25.0000000,Wire Transfer,Kolkata,0,1,Medium
7400,C452885423,C1697903765,CASH_OUT,5903046.50,2026-01-09 14:28:51.0000000,ATM Withdrawal,Kolkata,0,1,Medium
7426,C1819780658,C1742930465,CASH_OUT,3864609.50,2026-01-09 16:06:32.0000000,ATM Withdrawal,Mumbai,0,1,Medium
7433,C2041567241,C2093303821,TRANSFER,4815187.00,2026-01-09 16:08:31.0000000,Wire Transfer,Ahmedabad,0,1,Medium
7434,C2087122635,C73237279,CASH_OUT,4815187.00,2026-01-09 16:31:19.0000000,ATM Withdrawal,Kolkata,0,1,Medium
7440,C16402858,C2025262313,TRANSFER,7044228.00,2026-01-09 17:10:25.0000000,Wire Transfer,Mumbai,0,1,Medium
7441,C1419603999,C909312047,CASH_OUT,7044228.00,2026-01-09 17:13:07.0000000,ATM Withdrawal,Pune,0,1,Medium
7443,C1090892452,C657813915,CASH_OUT,1516823.75,2026-01-09 17:33:43.0000000,Cash Deposit,Delhi,0,1,Medium
7445,C278631744,C542333894,CASH_OUT,1663895.13,2026-01-09 18:14:47.0000000,ATM Withdrawal,Kolkata,0,1,Medium
7451,C620061851,C2027305052,CASH_OUT,1651948.75,2026-01-09 18:46:53.0000000,ATM Withdrawal,Mumbai,0,1,Medium
7452,C532793923,C5325998,TRANSFER,5689516.00,2026-01-09 19:12:30.0000000,Wire Transfer,Bangalore,0,1,Medium
7453,C2094963184,C373225070,CASH_OUT,5689516.00,2026-01-09 19:55:35.0000000,ATM Withdrawal,Bangalore,0,1,Medium
7473,C1978111036,C105806122,CASH_OUT,3640983.75,2026-01-09 20:23:42.0000000,Wire Transfer,Mumbai,0,1,Medium
7482,C728984460,C639921569,TRANSFER,4953893.00,2026-01-09 20:05:01.0000000,Wire Transfer,Hyderabad,0,1,Medium
7495,C997675082,C99537162,CASH_OUT,1947807.63,2026-01-09 20:40:36.0000000,ATM Withdrawal,Mumbai,0,1,Medium
7496,C226207762,C290920701,TRANSFER,5131896.00,2026-01-09 20:38:24.0000000,Wire Transfer,Hyderabad,0,1,Medium
7497,C2124387698,C1009747499,CASH_OUT,5131896.00,2026-01-09 20:22:10.0000000,Wire Transfer,Ahmedabad,0,1,Medium
7505,C1817956756,C362023079,CASH_OUT,3996798.75,2026-01-09 20:08:10.0000000,ATM Withdrawal,Kolkata,0,1,Medium
7509,C1395729546,C246301673,CASH_OUT,1650168.88,2026-01-09 21:02:23.0000000,ATM Withdrawal,Kolkata,0,1,Medium
7511,C1203548846,C565411980,CASH_OUT,1835523.50,2026-01-09 21:11:49.0000000,ATM Withdrawal,Ahmedabad,0,1,Medium
7521,C159949095,C2133680119,CASH_OUT,2485467.25,2026-01-09 22:05:56.0000000,Wire Transfer,Hyderabad,0,1,Medium
7523,C939181063,C1201001488,CASH_OUT,2582313.00,2026-01-09 22:29:23.0000000,ATM Withdrawal,Chennai,0,1,Medium
7528,C1433301955,C929797843,TRANSFER,9453681.00,2026-01-09 23:49:49.0000000,Wire Transfer,Chennai,0,1,Medium
7529,C1185250980,C970287333,CASH_OUT,9453681.00,2026-01-09 23:11:36.0000000,ATM Withdrawal,Kolkata,0,1,Medium
7531,C1427562720,C911709087,CASH_OUT,1586479.63,2026-01-09 23:49:51.0000000,ATM Withdrawal,Ahmedabad,0,1,Medium
7541,C578092794,C266383440,CASH_OUT,1697655.63,2026-01-10 00:56:32.0000000,Wire Transfer,Delhi,0,1,Medium
7551,C747295947,C2039362232,CASH_OUT,3452538.75,2026-01-10 01:10:27.0000000,Cash Deposit,Chennai,0,1,Medium
7558,C58219748,C792397679,TRANSFER,7983958.50,2026-01-10 02:14:53.0000000,Wire Transfer,Hyderabad,0,1,Medium
7559,C1199373292,C440599856,CASH_OUT,7983958.50,2026-01-10 02:09:08.0000000,ATM Withdrawal,Chennai,0,1,Medium
7565,C1084254819,C895432716,CASH_OUT,1476248.63,2026-01-10 02:35:04.0000000,ATM Withdrawal,Hyderabad,0,1,Medium
7573,C740474912,C1148944236,CASH_OUT,2312944.00,2026-01-10 03:40:42.0000000,Cash Deposit,Kolkata,0,1,Medium
7583,C2081851883,C1400878121,CASH_OUT,3379009.75,2026-01-10 04:30:56.0000000,ATM Withdrawal,Bangalore,0,1,Medium
7607,C2091244147,C1649766027,CASH_OUT,2308798.25,2026-01-10 07:45:36.0000000,Cash Deposit,Mumbai,0,1,Medium
7616,C1514794775,C1091532529,TRANSFER,8752000.00,2026-01-10 08:08:34.0000000,Wire Transfer,Mumbai,0,1,Medium
7617,C333838421,C977281429,CASH_OUT,8752000.00,2026-01-10 08:50:12.0000000,ATM Withdrawal,Pune,0,1,Medium
7636,C427148786,C1532977706,TRANSFER,9960382.00,2026-01-10 10:27:42.0000000,Wire Transfer,Hyderabad,0,1,Medium
7637,C1041938819,C1108421533,CASH_OUT,9960382.00,2026-01-10 10:27:03.0000000,ATM Withdrawal,Bangalore,0,1,Medium
7651,C1194310018,C299514580,CASH_OUT,4075956.50,2026-01-10 11:54:53.0000000,ATM Withdrawal,Hyderabad,0,1,Medium
7659,C716780385,C2047944461,CASH_OUT,2815893.25,2026-01-10 11:05:29.0000000,ATM Withdrawal,Chennai,0,1,Medium
7673,C369516790,C1646942207,CASH_OUT,2874626.00,2026-01-10 12:21:02.0000000,ATM Withdrawal,Mumbai,0,1,Medium
7674,C81587291,C360497591,TRANSFER,4526748.50,2026-01-10 12:45:27.0000000,Wire Transfer,Bangalore,0,1,Medium
7675,C565197810,C725918022,CASH_OUT,4526748.50,2026-01-10 12:45:20.0000000,ATM Withdrawal,Mumbai,0,1,Medium
7694,C1668999438,C1220527232,CASH_OUT,3774746.00,2026-01-10 14:35:22.0000000,ATM Withdrawal,Pune,0,1,Medium
7698,C2114453314,C2024824316,CASH_OUT,2326251.50,2026-01-10 14:12:19.0000000,ATM Withdrawal,Hyderabad,0,1,Medium
7700,C671668065,C835636847,CASH_OUT,1827209.13,2026-01-10 14:15:34.0000000,ATM Withdrawal,Ahmedabad,0,1,Medium
7706,C325595838,C742357003,CASH_OUT,1638865.00,2026-01-10 15:06:07.0000000,ATM Withdrawal,Mumbai,0,1,Medium
7716,C172131034,C844027977,TRANSFER,6029387.50,2026-01-10 15:07:01.0000000,Wire Transfer,Kolkata,0,1,Medium
7717,C63391267,C785987087,CASH_OUT,6029387.50,2026-01-10 15:30:03.0000000,ATM Withdrawal,Pune,0,1,Medium
7721,C1822149837,C382918282,CASH_OUT,1454888.88,2026-01-10 16:11:25.0000000,Wire Transfer,Ahmedabad,0,1,Medium
7727,C2105090352,C250246729,CASH_OUT,3017156.00,2026-01-10 16:56:35.0000000,Wire Transfer,Delhi,0,1,Medium
7757,C66383607,C2145122969,CASH_OUT,2684260.75,2026-01-10 19:09:25.0000000,ATM Withdrawal,Bangalore,0,1,Medium
7773,C915028332,C2135931580,CASH_OUT,4121986.50,2026-01-10 20:17:23.0000000,ATM Withdrawal,Hyderabad,0,1,Medium
7777,C1021806883,C1523189277,CASH_OUT,1503034.88,2026-01-10 21:02:43.0000000,ATM Withdrawal,Bangalore,0,1,Medium
7785,C390716812,C1387545582,CASH_OUT,3924102.25,2026-01-10 21:29:43.0000000,ATM Withdrawal,Delhi,0,1,Medium
7792,C31838536,C36485609,TRANSFER,5274773.50,2026-01-10 22:13:20.0000000,Wire Transfer,Hyderabad,0,1,Medium
7793,C1067759526,C222456417,CASH_OUT,5274773.50,2026-01-10 22:57:14.0000000,ATM Withdrawal,Ahmedabad,0,1,Medium
7813,C570725373,C44991297,CASH_OUT,2058961.63,2026-01-11 00:45:44.0000000,Cash Deposit,Chennai,0,1,Medium
7815,C1890666727,C2034377028,CASH_OUT,1782737.63,2026-01-11 00:25:21.0000000,ATM Withdrawal,Mumbai,0,1,Medium
7845,C1663597987,C1844870771,CASH_OUT,3210027.50,2026-01-11 02:08:29.0000000,ATM Withdrawal,Hyderabad,0,1,Medium
7847,C1627766514,C1840253816,CASH_OUT,3139423.25,2026-01-11 02:10:16.0000000,ATM Withdrawal,Chennai,0,1,Medium
7854,C1739527181,C1704299654,TRANSFER,5044147.50,2026-01-11 03:21:51.0000000,Wire Transfer,Delhi,0,1,Medium
7855,C747186981,C1566713324,CASH_OUT,5044147.50,2026-01-11 03:59:00.0000000,ATM Withdrawal,Ahmedabad,0,1,Medium
7858,C1243123662,C590057207,TRANSFER,4252657.00,2026-01-11 04:25:18.0000000,Wire Transfer,Bangalore,0,1,Medium
7859,C799888811,C1104137869,CASH_OUT,4252657.00,2026-01-11 04:20:56.0000000,ATM Withdrawal,Delhi,0,1,Medium
7860,C530018040,C1401702546,TRANSFER,4448599.00,2026-01-11 04:31:47.0000000,Wire Transfer,Hyderabad,0,1,Medium
7861,C222155538,C377165949,CASH_OUT,4448599.00,2026-01-11 04:46:02.0000000,Wire Transfer,Pune,0,1,Medium
7863,C467492380,C576226769,CASH_OUT,2424380.25,2026-01-11 04:25:00.0000000,ATM Withdrawal,Pune,0,1,Medium
7869,C718874269,C230952140,CASH_OUT,2468741.00,2026-01-11 04:30:57.0000000,Cash Deposit,Pune,0,1,Medium
7881,C1840157167,C760531323,CASH_OUT,2025628.88,2026-01-11 07:58:24.0000000,ATM Withdrawal,Ahmedabad,0,1,Medium
7889,C511866589,C485003808,CASH_OUT,4011314.00,2026-01-11 08:48:24.0000000,ATM Withdrawal,Bangalore,0,1,Medium
7897,C1737566692,C54612631,CASH_OUT,3879669.75,2026-01-11 09:25:38.0000000,ATM Withdrawal,Hyderabad,0,1,Medium
7904,C1305598780,C1860004180,TRANSFER,4720555.00,2026-01-11 09:01:58.0000000,Wire Transfer,Delhi,0,1,Medium
7905,C842658651,C318179364,CASH_OUT,4720555.00,2026-01-11 09:21:58.0000000,ATM Withdrawal,Pune,0,1,Medium
7915,C1108045976,C50003674,CASH_OUT,2085019.50,2026-01-11 09:01:46.0000000,ATM Withdrawal,Pune,0,1,Medium
7933,C1113922193,C643624257,CASH_OUT,2374490.75,2026-01-11 10:06:35.0000000,ATM Withdrawal,Pune,0,1,Medium
7946,C1112360108,C1241281307,TRANSFER,8276235.50,2026-01-11 11:22:36.0000000,Wire Transfer,Bangalore,0,1,Medium
7947,C1880773458,C2102473649,CASH_OUT,8276235.50,2026-01-11 11:33:19.0000000,ATM Withdrawal,Bangalore,0,1,Medium
7955,C1734542824,C1750548903,CASH_OUT,2693520.50,2026-01-11 11:07:57.0000000,Cash Deposit,Chennai,0,1,Medium
7967,C445430208,C267089577,CASH_OUT,2415826.25,2026-01-11 13:52:21.0000000,ATM Withdrawal,Mumbai,0,1,Medium
7986,C1983750370,C381637925,TRANSFER,9811104.00,2026-01-11 16:11:12.0000000,Wire Transfer,Delhi,0,1,Medium
7987,C887693253,C1459698370,CASH_OUT,9811104.00,2026-01-11 16:49:11.0000000,ATM Withdrawal,Mumbai,0,1,Medium
7998,C1632129790,C1449704632,TRANSFER,6262506.00,2026-01-11 17:21:05.0000000,Wire Transfer,Mumbai,0,1,Medium
7999,C103717157,C909346905,CASH_OUT,6262506.00,2026-01-11 17:42:49.0000000,Cash Deposit,Delhi,0,1,Medium
8005,C1423321917,C1442224179,CASH_OUT,2684142.50,2026-01-11 18:03:27.0000000,ATM Withdrawal,Chennai,0,1,Medium
8009,C1812490889,C1544763161,CASH_OUT,1950373.50,2026-01-11 19:23:46.0000000,ATM Withdrawal,Chennai,0,1,Medium
8016,C840630111,C825235440,TRANSFER,8274021.00,2026-01-11 19:04:31.0000000,Wire Transfer,Bangalore,0,1,Medium
8017,C1990417727,C1223937106,CASH_OUT,8274021.00,2026-01-11 19:22:43.0000000,ATM Withdrawal,Bangalore,0,1,Medium
8028,C1485613101,C397739299,TRANSFER,8332003.00,2026-01-11 20:04:37.0000000,Wire Transfer,Kolkata,0,1,Medium
8029,C17870584,C705444596,CASH_OUT,8332003.00,2026-01-11 20:46:24.0000000,ATM Withdrawal,Mumbai,0,1,Medium
8033,C1088706462,C717389444,CASH_OUT,2689633.75,2026-01-11 21:04:21.0000000,ATM Withdrawal,Mumbai,0,1,Medium
8037,C2036950441,C1421192075,CASH_OUT,2241630.25,2026-01-11 21:22:08.0000000,Wire Transfer,Delhi,0,1,Medium
8041,C1696166614,C1922343800,CASH_OUT,1954854.25,2026-01-11 21:08:56.0000000,ATM Withdrawal,Chennai,0,1,Medium
8042,C60530886,C1454703841,TRANSFER,5039827.50,2026-01-11 21:44:15.0000000,Wire Transfer,Pune,0,1,Medium
8043,C125995436,C256790,CASH_OUT,5039827.50,2026-01-11 21:16:23.0000000,ATM Withdrawal,Ahmedabad,0,1,Medium
8053,C2138906763,C717398565,CASH_OUT,1589763.63,2026-01-11 22:26:10.0000000,ATM Withdrawal,Kolkata,0,1,Medium
8055,C1267813082,C1805553546,CASH_OUT,2016790.88,2026-01-11 22:14:57.0000000,ATM Withdrawal,Hyderabad,0,1,Medium
8057,C625254221,C933591789,CASH_OUT,2642117.00,2026-01-11 22:05:26.0000000,ATM Withdrawal,Pune,0,1,Medium
8071,C551410627,C1503946435,CASH_OUT,2914653.75,2026-01-11 22:49:09.0000000,ATM Withdrawal,Kolkata,0,1,Medium
8085,C1163253466,C1720852348,CASH_OUT,2514878.25,2026-01-12 00:13:28.0000000,ATM Withdrawal,Mumbai,0,1,Medium
8095,C663685231,C1288873537,CASH_OUT,3929113.25,2026-01-12 01:45:32.0000000,ATM Withdrawal,Ahmedabad,0,1,Medium
8096,C1616758519,C96929934,TRANSFER,5721872.00,2026-01-12 01:11:54.0000000,Wire Transfer,Bangalore,0,1,Medium
8097,C533511520,C226077337,CASH_OUT,5721872.00,2026-01-12 01:22:58.0000000,ATM Withdrawal,Pune,0,1,Medium
8099,C951381310,C1006459134,CASH_OUT,1911239.25,2026-01-12 02:20:41.0000000,ATM Withdrawal,Chennai,0,1,Medium
8104,C988536152,C2025332798,TRANSFER,5494863.00,2026-01-12 02:47:16.0000000,Wire Transfer,Mumbai,0,1,Medium
8105,C1802007531,C1174309480,CASH_OUT,5494863.00,2026-01-12 02:33:44.0000000,ATM Withdrawal,Hyderabad,0,1,Medium
8107,C1300574911,C952807483,CASH_OUT,3486005.00,2026-01-12 02:09:22.0000000,Cash Deposit,Delhi,0,1,Medium
8109,C1415942962,C1560476015,CASH_OUT,1654055.00,2026-01-12 03:13:57.0000000,Cash Deposit,Chennai,0,1,Medium
8115,C2122806908,C1546411648,CASH_OUT,2926854.00,2026-01-12 03:51:51.0000000,ATM Withdrawal,Hyderabad,0,1,Medium
8117,C10511157,C830333385,CASH_OUT,2219475.25,2026-01-12 04:48:25.0000000,Cash Deposit,Hyderabad,0,1,Medium
8125,C2052061131,C1761711704,CASH_OUT,3042111.50,2026-01-12 05:32:39.0000000,Wire Transfer,Chennai,0,1,Medium
8145,C1609371351,C617888697,CASH_OUT,1998328.00,2026-01-12 06:01:05.0000000,ATM Withdrawal,Ahmedabad,0,1,Medium
8153,C616491033,C324653076,CASH_OUT,2271674.75,2026-01-12 07:30:48.0000000,ATM Withdrawal,Pune,0,1,Medium
8160,C393546828,C516790131,TRANSFER,5926745.50,2026-01-12 07:18:54.0000000,Wire Transfer,Kolkata,0,1,Medium
8161,C240557778,C340123117,CASH_OUT,5926745.50,2026-01-12 07:48:39.0000000,ATM Withdrawal,Chennai,0,1,Medium
8163,C168076174,C735369165,CASH_OUT,1621056.88,2026-01-12 07:13:38.0000000,Wire Transfer,Kolkata,0,1,Medium
8168,C41354044,C1312570862,TRANSFER,5141770.00,2026-01-12 08:02:47.0000000,Wire Transfer,Mumbai,0,1,Medium
8169,C404738794,C1742374536,CASH_OUT,5141770.00,2026-01-12 08:38:19.0000000,ATM Withdrawal,Ahmedabad,0,1,Medium
8183,C1873441718,C1052470250,CASH_OUT,3738575.00,2026-01-12 09:35:24.0000000,ATM Withdrawal,Bangalore,0,1,Medium
8188,C1947336797,C418157803,TRANSFER,4574247.00,2026-01-12 09:56:23.0000000,Wire Transfer,Ahmedabad,0,1,Medium
8189,C441939747,C217088344,CASH_OUT,4574247.00,2026-01-12 09:09:37.0000000,ATM Withdrawal,Kolkata,0,1,Medium
8193,C227395466,C1510391871,CASH_OUT,2230432.50,2026-01-12 09:28:53.0000000,Cash Deposit,Kolkata,0,1,Medium
8207,C362452126,C1985999765,CASH_OUT,2274566.50,2026-01-12 10:50:05.0000000,Cash Deposit,Delhi,0,1,Medium
8208,C39195818,C717479366,TRANSFER,5052211.00,2026-01-12 10:37:31.0000000,Wire Transfer,Mumbai,0,1,Medium
8209,C253761308,C232278551,CASH_OUT,5052211.00,2026-01-12 10:58:24.0000000,ATM Withdrawal,Pune,0,1,Medium
8219,C435374430,C167998635,CASH_IN,583034.25,2026-01-08 18:57:53.0000000,Cash Deposit,Hyderabad,0,1,Medium
8224,C204856896,C1421023269,TRANSFER,8837001.00,2026-01-13 15:16:30.0000000,Wire Transfer,Kolkata,0,1,Medium
8280,C1753461073,M694500723,PAYMENT,86938.19,2026-01-14 10:30:43.0000000,Online Payment,Bangalore,0,1,Medium
8405,C2096113928,M924977676,PAYMENT,58124.31,2026-01-06 10:37:57.0000000,Online Payment,Chennai,0,1,Medium
8407,C1788172194,M2139975110,PAYMENT,51524.66,2026-01-12 15:36:39.0000000,Online Payment,Kolkata,0,1,Medium
8412,C182985123,C1335163974,TRANSFER,8713063.00,2026-01-14 15:19:31.0000000,Wire Transfer,Kolkata,0,1,Medium
8446,C216838104,C2083389686,CASH_IN,688414.69,2026-01-14 15:17:55.0000000,Cash Deposit,Hyderabad,0,1,Medium
8534,C1291418965,M243810684,PAYMENT,80290.38,2026-01-14 10:56:00.0000000,Online Payment,Delhi,0,1,Medium
8698,C310876518,M1050918882,PAYMENT,63904.57,2026-01-21 12:57:10.0000000,Online Payment,Pune,0,1,Medium
8717,C1710094312,C1275612227,CASH_IN,622020.50,2026-01-14 09:58:08.0000000,Wire Transfer,Kolkata,0,1,Medium
8732,C1447502981,C1438825490,TRANSFER,7617774.00,2026-01-13 16:59:15.0000000,Wire Transfer,Delhi,0,1,Medium
8988,C1787488606,M2114793042,PAYMENT,57906.44,2026-01-13 20:47:02.0000000,Online Payment,Ahmedabad,0,1,Medium
9192,C1131772396,C669989911,CASH_IN,553573.69,2026-01-01 14:09:10.0000000,Cash Deposit,Mumbai,0,1,Medium
9199,C1374744600,C1835201690,TRANSFER,6094995.00,2026-01-14 22:32:00.0000000,Wire Transfer,Pune,0,1,Medium
9277,C487059988,C2007792854,CASH_IN,583683.31,2026-01-01 10:29:23.0000000,Cash Deposit,Ahmedabad,0,1,Medium
9364,C942795927,M47996473,PAYMENT,51786.65,2026-01-15 12:16:29.0000000,Online Payment,Hyderabad,0,1,Medium
9365,C1623503124,C1134274075,CASH_IN,620866.63,2026-01-10 12:44:10.0000000,Cash Deposit,Hyderabad,0,1,Medium
9426,C1154659689,M1124686024,PAYMENT,72279.17,2026-01-17 12:08:40.0000000,Online Payment,Bangalore,0,1,Medium
9541,C1477378614,C143580560,CASH_IN,720078.88,2026-01-02 10:53:12.0000000,Wire Transfer,Hyderabad,0,1,Medium
9605,C1372074529,C553162522,TRANSFER,7455394.50,2026-01-13 16:43:32.0000000,Wire Transfer,Hyderabad,0,1,Medium
9632,C27174610,C641920039,CASH_IN,695033.56,2026-01-10 10:13:58.0000000,Cash Deposit,Kolkata,0,1,Medium
9730,C2038106907,M1234261925,PAYMENT,58358.47,2026-01-17 14:13:42.0000000,Online Payment,Chennai,0,1,Medium
9838,C1297204450,M375613745,PAYMENT,116858.38,2026-01-14 14:18:46.0000000,Online Payment,Ahmedabad,0,1,Medium
9903,C1211753617,M615074151,PAYMENT,60761.27,2026-01-02 11:29:53.0000000,Online Payment,Hyderabad,0,1,Medium
10025,C1816072441,C133487295,CASH_IN,554015.94,2026-01-08 09:06:40.0000000,Cash Deposit,Delhi,0,1,Medium
10198,C2095261420,M1377595708,PAYMENT,67431.43,2026-01-10 13:58:57.0000000,Online Payment,Kolkata,0,1,Medium
10242,C925367010,M981723666,PAYMENT,59234.14,2026-01-18 08:27:43.0000000,Online Payment,Delhi,0,1,Medium
10418,C421685672,C1686875619,DEBIT,64109.50,2026-01-01 12:50:53.0000000,Retail Debit,Kolkata,0,1,Medium
10509,C272637047,M1983842574,PAYMENT,53686.55,2026-01-10 10:14:48.0000000,Online Payment,Pune,0,1,Medium
10539,C36404958,C45996905,CASH_IN,561688.06,2026-01-16 18:39:41.0000000,Cash Deposit,Hyderabad,0,1,Medium
10562,C402817386,M488049705,PAYMENT,59051.45,2026-01-14 11:07:37.0000000,Online Payment,Mumbai,0,1,Medium
10619,C100095913,M1562213168,PAYMENT,55844.89,2026-01-14 11:35:01.0000000,Online Payment,Bangalore,0,1,Medium
10629,C1445437406,C1258057322,CASH_IN,547891.50,2026-01-14 16:25:58.0000000,Cash Deposit,Kolkata,0,1,Medium
10847,C1746469746,M2147480241,PAYMENT,58628.94,2026-01-06 12:12:09.0000000,Online Payment,Kolkata,0,1,Medium
10906,C335782358,M2061145649,PAYMENT,51121.99,2026-01-12 19:37:52.0000000,Online Payment,Hyderabad,0,1,Medium
10910,C273207914,M58338564,PAYMENT,61330.30,2026-01-11 13:18:44.0000000,Online Payment,Kolkata,0,1,Medium
11059,C619890648,C260033999,CASH_IN,600831.44,2026-01-13 10:52:26.0000000,Cash Deposit,Hyderabad,0,1,Medium
11363,C601148006,M306825440,PAYMENT,53545.29,2026-01-21 20:22:19.0000000,Online Payment,Mumbai,0,1,Medium
11658,C46454855,M1274373999,PAYMENT,51396.96,2026-01-14 13:27:37.0000000,Online Payment,Hyderabad,0,1,Medium
11662,C2113960975,M591380274,PAYMENT,52979.13,2026-01-23 20:45:58.0000000,Online Payment,Bangalore,0,1,Medium
11758,C1409903172,C1685726862,TRANSFER,5243869.50,2026-01-09 17:54:27.0000000,Wire Transfer,Kolkata,0,1,Medium
11782,C149648243,M1528650994,PAYMENT,71937.56,2026-01-10 16:26:35.0000000,Online Payment,Kolkata,0,1,Medium
11910,C416054290,M722522275,PAYMENT,52644.99,2026-01-02 18:09:02.0000000,Online Payment,Kolkata,0,1,Medium
11957,C1389737863,C1701511914,CASH_IN,767231.81,2026-01-14 11:25:56.0000000,Cash Deposit,Delhi,0,1,Medium
11977,C1521618542,C2123561127,CASH_IN,551872.50,2026-01-17 16:16:54.0000000,Cash Deposit,Delhi,0,1,Medium
12116,C2135039753,M2121377390,PAYMENT,50678.00,2026-01-18 18:46:07.0000000,Online Payment,Bangalore,0,1,Medium
12134,C1638190408,M1093819117,PAYMENT,86897.49,2026-01-15 19:41:42.0000000,Online Payment,Bangalore,0,1,Medium
12164,C1647256372,M627537351,PAYMENT,51554.83,2026-01-02 16:50:58.0000000,Online Payment,Pune,0,1,Medium
12233,C58541066,C464601431,CASH_IN,618234.00,2026-01-06 15:17:33.0000000,Cash Deposit,Bangalore,0,1,Medium
12321,C1699887505,M24748527,PAYMENT,56066.90,2026-01-14 20:04:13.0000000,Online Payment,Chennai,0,1,Medium
12384,C1294819463,M593653988,PAYMENT,52565.73,2026-01-15 22:52:04.0000000,Online Payment,Delhi,0,1,Medium
12404,C1827714606,C573049539,CASH_IN,584492.94,2026-01-06 19:07:54.0000000,Cash Deposit,Kolkata,0,1,Medium
12815,C1264575486,C388387760,CASH_IN,555826.63,2026-01-12 14:20:38.0000000,Cash Deposit,Ahmedabad,0,1,Medium
13085,C2144262087,M1337838797,PAYMENT,81767.45,2026-01-09 20:03:45.0000000,Online Payment,Mumbai,0,1,Medium
13136,C1679091619,C1727565779,TRANSFER,7072109.00,2026-01-13 15:01:41.0000000,Wire Transfer,Mumbai,0,1,Medium
13183,C10462892,C1586524643,CASH_IN,571973.50,2026-01-14 12:38:09.0000000,Cash Deposit,Bangalore,0,1,Medium
13238,C1257587884,M760383987,PAYMENT,51652.31,2026-01-02 17:59:34.0000000,Online Payment,Hyderabad,0,1,Medium
13245,C361828557,M1523999033,PAYMENT,60757.51,2026-01-13 09:30:36.0000000,Online Payment,Ahmedabad,0,1,Medium
13309,C478135548,M1967544022,PAYMENT,58998.19,2026-01-17 19:43:08.0000000,Online Payment,Hyderabad,0,1,Medium
13347,C583432474,M1140626248,PAYMENT,75761.81,2026-01-04 22:32:49.0000000,Online Payment,Pune,0,1,Medium
13458,C676576514,M554190150,PAYMENT,63153.37,2026-01-13 16:10:29.0000000,Online Payment,Ahmedabad,0,1,Medium
13468,C567341949,C1710631582,CASH_IN,599322.31,2026-01-25 08:09:39.0000000,Cash Deposit,Delhi,0,1,Medium
13526,C1627084425,M1881083209,PAYMENT,56514.14,2026-01-13 21:05:09.0000000,Online Payment,Mumbai,0,1,Medium
13787,C2060418935,M670608802,PAYMENT,68453.77,2026-01-15 12:30:05.0000000,Online Payment,Delhi,0,1,Medium
13837,C920852229,C2021516439,CASH_IN,561445.50,2026-01-14 15:11:34.0000000,Cash Deposit,Delhi,0,1,Medium
13843,C2066569826,M1605873216,PAYMENT,51565.91,2026-01-13 12:16:30.0000000,Online Payment,Ahmedabad,0,1,Medium
13845,C2106298425,M1616241833,PAYMENT,69421.45,2026-01-11 18:32:36.0000000,Online Payment,Chennai,0,1,Medium
13899,C1580038825,M642227057,PAYMENT,73114.76,2026-01-11 12:54:06.0000000,Online Payment,Chennai,0,1,Medium
13928,C272060726,M1306340437,PAYMENT,60323.58,2026-01-14 11:29:39.0000000,Online Payment,Delhi,0,1,Medium
14042,C779536949,M938704863,PAYMENT,52048.16,2026-01-28 08:14:41.0000000,Online Payment,Mumbai,0,1,Medium
14146,C202176368,C2046892715,CASH_IN,550097.88,2026-01-12 17:12:05.0000000,Cash Deposit,Chennai,0,1,Medium
14329,C1164257871,M245401595,PAYMENT,115923.89,2026-01-15 11:58:56.0000000,Online Payment,Pune,0,1,Medium
14425,C1269750686,M1278135566,PAYMENT,58427.66,2026-01-06 12:23:15.0000000,Online Payment,Pune,0,1,Medium
14514,C990003737,M2064661865,PAYMENT,54516.90,2026-01-13 15:32:20.0000000,Online Payment,Hyderabad,0,1,Medium
14532,C1681495779,M942761718,PAYMENT,56871.37,2026-01-10 11:00:37.0000000,Online Payment,Hyderabad,0,1,Medium
14713,C1298246213,C1284139103,CASH_IN,562061.44,2026-01-02 12:16:46.0000000,Cash Deposit,Hyderabad,0,1,Medium
14750,C1950475085,M1012557627,PAYMENT,71319.94,2026-01-14 17:59:42.0000000,Online Payment,Mumbai,0,1,Medium
14811,C700354333,M251750368,PAYMENT,51664.70,2026-01-01 11:58:48.0000000,Online Payment,Bangalore,0,1,Medium
14818,C1176058085,C1779006590,CASH_IN,710040.88,2026-01-13 16:06:57.0000000,Cash Deposit,Mumbai,0,1,Medium
14843,C834906323,M485989892,PAYMENT,54515.54,2026-01-15 11:30:02.0000000,Online Payment,Hyderabad,0,1,Medium
15046,C1063778597,C535782460,CASH_IN,632011.63,2026-01-08 22:21:26.0000000,Cash Deposit,Delhi,0,1,Medium
15190,C1493006413,M890856518,PAYMENT,60176.68,2026-01-06 12:50:33.0000000,Online Payment,Hyderabad,0,1,Medium
15206,C1858978792,C1075521579,CASH_IN,632905.19,2026-01-15 12:28:49.0000000,Cash Deposit,Chennai,0,1,Medium
15218,C363529135,C465938293,TRANSFER,4370251.50,2026-01-15 12:51:57.0000000,Wire Transfer,Pune,0,1,Medium
15299,C511061237,M984020918,PAYMENT,71440.14,2026-01-17 18:50:21.0000000,Online Payment,Mumbai,0,1,Medium
15305,C638027021,C1536901047,TRANSFER,9327439.00,2026-01-13 12:03:17.0000000,Wire Transfer,Chennai,0,1,Medium
15330,C24989382,M116835780,PAYMENT,109884.63,2026-01-12 18:41:04.0000000,Online Payment,Pune,0,1,Medium
15536,C1385014153,C860000096,CASH_IN,999323.00,2026-01-14 14:53:30.0000000,Cash Deposit,Bangalore,0,1,Medium
15696,C1367240375,M254873970,PAYMENT,58105.82,2026-01-13 15:29:00.0000000,Online Payment,Bangalore,0,1,Medium
15793,C1359697652,M2088722710,PAYMENT,60409.06,2026-01-11 10:57:31.0000000,Online Payment,Ahmedabad,0,1,Medium
15870,C1363130984,M1527288848,PAYMENT,63718.35,2026-01-16 18:42:22.0000000,Online Payment,Mumbai,0,1,Medium
15972,C247436775,M1049880597,PAYMENT,76954.53,2026-01-10 11:04:54.0000000,Online Payment,Ahmedabad,0,1,Medium
16004,C1212040637,M297255007,PAYMENT,81614.18,2026-01-23 17:58:58.0000000,Online Payment,Delhi,0,1,Medium
16033,C1988298340,C205703263,CASH_IN,550966.44,2026-01-15 13:19:25.0000000,Cash Deposit,Delhi,0,1,Medium
16055,C365053998,M123062924,PAYMENT,108836.76,2026-01-13 15:58:43.0000000,Online Payment,Kolkata,0,1,Medium
16076,C539982097,C1626347345,TRANSFER,7404050.00,2026-01-16 16:39:28.0000000,Wire Transfer,Chennai,0,1,Medium
16125,C1214342053,M1661284863,PAYMENT,53651.11,2026-01-10 12:08:46.0000000,Online Payment,Chennai,0,1,Medium
16131,C937793053,C592475290,CASH_IN,603167.81,2026-01-14 17:30:42.0000000,Cash Deposit,Ahmedabad,0,1,Medium
16365,C740232699,M1855492703,PAYMENT,51089.28,2026-01-13 11:03:45.0000000,Online Payment,Mumbai,0,1,Medium
16391,C1814132183,M902253216,PAYMENT,55582.68,2026-01-14 15:12:48.0000000,Online Payment,Hyderabad,0,1,Medium
16569,C1250243480,M1620660693,PAYMENT,54474.89,2026-01-17 10:48:08.0000000,Online Payment,Delhi,0,1,Medium
16613,C1078771370,M239263403,PAYMENT,57758.13,2026-01-09 12:28:01.0000000,Online Payment,Pune,0,1,Medium
16636,C1558592938,M403600173,PAYMENT,57683.29,2026-01-14 10:55:51.0000000,Online Payment,Kolkata,0,1,Medium
16686,C661597034,C1269216960,CASH_IN,602709.00,2026-01-07 19:18:45.0000000,Cash Deposit,Pune,0,1,Medium
16734,C2093185653,C1423983240,CASH_IN,704638.56,2026-01-01 14:36:59.0000000,Wire Transfer,Hyderabad,0,1,Medium
16761,C707972128,C498346235,DEBIT,317061.06,2026-01-17 12:55:03.0000000,Retail Debit,Delhi,0,1,Medium
16815,C2061742584,M2105682572,PAYMENT,56245.78,2026-01-10 12:04:29.0000000,Online Payment,Mumbai,0,1,Medium
16871,C636557761,M41894214,PAYMENT,93453.59,2026-01-13 17:03:18.0000000,Online Payment,Mumbai,0,1,Medium
16911,C354433075,C1088650686,CASH_IN,580977.88,2026-01-06 19:34:43.0000000,Cash Deposit,Pune,0,1,Medium
16953,C1072247014,M173448068,PAYMENT,69062.42,2026-01-14 10:22:12.0000000,Online Payment,Bangalore,0,1,Medium
16991,C2096796466,M1008824222,PAYMENT,51081.72,2026-01-17 15:03:43.0000000,Online Payment,Bangalore,0,1,Medium
16993,C1032855113,C2134632304,CASH_IN,575008.69,2026-01-07 17:32:22.0000000,Cash Deposit,Chennai,0,1,Medium
17027,C332312266,M566965953,PAYMENT,58607.87,2026-01-17 22:58:19.0000000,Online Payment,Kolkata,0,1,Medium
17088,C78817976,C717928322,TRANSFER,4736037.00,2026-01-17 21:20:56.0000000,Wire Transfer,Delhi,0,1,Medium
17423,C1560569808,M971178876,PAYMENT,72871.07,2026-01-14 16:24:17.0000000,Online Payment,Kolkata,0,1,Medium
17761,C464130826,C1696443437,CASH_IN,587025.25,2026-01-08 17:34:15.0000000,Cash Deposit,Mumbai,0,1,Medium
17799,C1115808393,M1940887649,PAYMENT,59162.05,2026-01-11 12:43:30.0000000,Online Payment,Ahmedabad,0,1,Medium
17952,C1232890398,C1013318953,CASH_IN,567550.13,2026-01-02 13:07:43.0000000,Wire Transfer,Delhi,0,1,Medium
18061,C116518874,M1132236979,PAYMENT,54404.42,2026-01-11 11:42:05.0000000,Online Payment,Pune,0,1,Medium
18101,C1706405624,C1837317700,CASH_IN,572633.25,2026-01-01 17:44:22.0000000,Cash Deposit,Hyderabad,0,1,Medium
18210,C652676755,C1370163191,TRANSFER,8110394.00,2026-01-13 17:07:11.0000000,Wire Transfer,Bangalore,0,1,Medium
18225,C1671355138,M1376941863,PAYMENT,65514.44,2026-01-17 14:17:26.0000000,Online Payment,Delhi,0,1,Medium
18304,C1162531756,M492153069,PAYMENT,52174.78,2026-01-13 10:05:12.0000000,Online Payment,Kolkata,0,1,Medium
18354,C1099993961,M1621551483,PAYMENT,56031.64,2026-01-13 22:29:24.0000000,Online Payment,Chennai,0,1,Medium
18437,C1612899456,C1992819497,TRANSFER,9931593.00,2026-01-14 16:14:50.0000000,Wire Transfer,Delhi,0,1,Medium
18467,C191353367,M1819930227,PAYMENT,64370.44,2026-01-16 14:57:18.0000000,Online Payment,Bangalore,0,1,Medium
18622,C1675369343,M1816671180,PAYMENT,56833.08,2026-01-13 00:28:14.0000000,Online Payment,Bangalore,0,1,Medium
18705,C1757637546,C1700510015,CASH_IN,704155.94,2026-01-06 14:31:21.0000000,Cash Deposit,Kolkata,0,1,Medium
18718,C486279068,M247095943,PAYMENT,56827.54,2026-01-15 14:14:54.0000000,Online Payment,Bangalore,0,1,Medium
18894,C904657268,M124818488,PAYMENT,69622.52,2026-01-13 09:26:18.0000000,Online Payment,Ahmedabad,0,1,Medium
19086,C1081542479,M298491803,PAYMENT,65494.90,2026-01-15 09:02:02.0000000,Online Payment,Mumbai,0,1,Medium
19110,C851486953,M887359750,PAYMENT,56176.86,2026-01-08 13:05:30.0000000,Online Payment,Pune,0,1,Medium
19145,C2107880678,M252492587,PAYMENT,67375.65,2026-01-11 13:39:40.0000000,Online Payment,Bangalore,0,1,Medium
19177,C1384497510,C962836132,CASH_IN,662297.00,2026-01-06 09:23:24.0000000,Cash Deposit,Kolkata,0,1,Medium
19518,C162704051,M1802877857,PAYMENT,60906.28,2026-01-13 11:33:35.0000000,Online Payment,Bangalore,0,1,Medium
19564,C681821065,M355849201,PAYMENT,51358.87,2026-01-13 21:12:43.0000000,Online Payment,Bangalore,0,1,Medium
19661,C10668183,C344216386,CASH_IN,680311.88,2026-01-17 10:10:23.0000000,Cash Deposit,Chennai,0,1,Medium
19738,C57757040,M1780021453,PAYMENT,67545.56,2026-01-17 23:46:23.0000000,Online Payment,Pune,0,1,Medium
19852,C1088824835,M1461584435,PAYMENT,61303.09,2026-01-15 13:00:21.0000000,Online Payment,Pune,0,1,Medium
20002,C1326359464,M1656724374,PAYMENT,127485.55,2026-01-10 11:54:09.0000000,Online Payment,Ahmedabad,0,1,Medium
20086,C336000542,M1293160348,PAYMENT,72161.13,2026-01-13 15:01:40.0000000,Online Payment,Pune,0,1,Medium
20673,C55957569,M1820352425,PAYMENT,81468.37,2026-01-11 10:09:05.0000000,Online Payment,Kolkata,0,1,Medium
20865,C1626683766,C1668446146,CASH_IN,576163.63,2026-01-15 14:13:44.0000000,Cash Deposit,Mumbai,0,1,Medium
20918,C535047371,M533299989,PAYMENT,67956.97,2026-01-11 12:17:40.0000000,Online Payment,Chennai,0,1,Medium
21043,C1081591034,C482940451,CASH_IN,631320.00,2026-01-08 17:07:43.0000000,Cash Deposit,Pune,0,1,Medium
21111,C460572031,C2137460219,CASH_IN,552467.38,2026-01-07 18:15:12.0000000,Cash Deposit,Bangalore,0,1,Medium
21120,C972580850,C218147190,CASH_IN,680932.44,2026-01-13 13:10:53.0000000,Cash Deposit,Ahmedabad,0,1,Medium
21398,C1744983180,M719640566,PAYMENT,101307.88,2026-01-09 10:07:45.0000000,Online Payment,Delhi,0,1,Medium
21607,C1058043368,M1426337318,PAYMENT,56853.50,2026-01-17 17:28:18.0000000,Online Payment,Delhi,0,1,Medium
21636,C1895630266,C1744983870,CASH_IN,702059.13,2026-01-17 16:43:38.0000000,Wire Transfer,Hyderabad,0,1,Medium
21684,C2104027397,M909274988,PAYMENT,50767.38,2026-01-11 12:16:54.0000000,Online Payment,Pune,0,1,Medium
21686,C1797299042,M563937947,PAYMENT,66941.71,2026-01-13 20:37:59.0000000,Online Payment,Pune,0,1,Medium
21747,C1831947058,M1283783148,PAYMENT,59920.56,2026-01-02 12:50:49.0000000,Online Payment,Hyderabad,0,1,Medium
21758,C543902559,M1097335505,PAYMENT,52536.81,2026-01-06 10:57:29.0000000,Online Payment,Pune,0,1,Medium
21834,C1134282886,C234686306,CASH_IN,663935.00,2026-01-01 17:17:25.0000000,Cash Deposit,Pune,0,1,Medium
21994,C811733184,C1362041447,CASH_IN,568720.75,2026-01-10 17:36:08.0000000,Cash Deposit,Hyderabad,0,1,Medium
22072,C108461670,M1822149927,PAYMENT,97535.42,2026-01-11 12:54:43.0000000,Online Payment,Chennai,0,1,Medium
22139,C2087947624,C535422959,CASH_IN,611232.69,2026-01-10 15:39:43.0000000,Cash Deposit,Bangalore,0,1,Medium
22254,C337688912,M427314484,PAYMENT,53474.67,2026-01-09 01:36:41.0000000,Online Payment,Ahmedabad,0,1,Medium
22683,C956865109,M1370513794,PAYMENT,64648.69,2026-01-14 12:01:14.0000000,Online Payment,Mumbai,0,1,Medium
23020,C104776054,M2015570094,PAYMENT,54878.30,2026-01-15 13:46:38.0000000,Online Payment,Mumbai,0,1,Medium
23039,C1108337982,M981342698,PAYMENT,53675.82,2026-01-13 09:06:54.0000000,Online Payment,Pune,0,1,Medium
23134,C1283861116,M292897853,PAYMENT,53195.65,2026-01-13 13:14:13.0000000,Online Payment,Ahmedabad,0,1,Medium
23149,C1770806327,M600897704,PAYMENT,51241.90,2026-01-23 17:07:36.0000000,Online Payment,Mumbai,0,1,Medium
23187,C1804081688,M408507762,PAYMENT,53315.30,2026-01-11 11:40:52.0000000,Online Payment,Hyderabad,0,1,Medium
23400,C1533307502,M1259741159,PAYMENT,78588.88,2026-01-14 15:49:46.0000000,Online Payment,Pune,0,1,Medium
23499,C6128249,M682184886,PAYMENT,59073.57,2026-01-11 10:58:04.0000000,Online Payment,Pune,0,1,Medium
23644,C1383182207,C32849172,TRANSFER,5005146.50,2026-01-14 10:09:06.0000000,Wire Transfer,Mumbai,0,1,Medium
23746,C1238006923,M2073392412,PAYMENT,53578.21,2026-01-13 15:50:22.0000000,Online Payment,Hyderabad,0,1,Medium
23874,C1527983503,M1036243087,PAYMENT,67957.41,2026-01-10 18:23:25.0000000,Online Payment,Chennai,0,1,Medium
24247,C1207546740,M605358801,PAYMENT,65975.69,2026-01-11 12:07:14.0000000,Online Payment,Ahmedabad,0,1,Medium
24276,C605243854,C806083492,CASH_IN,910151.56,2026-01-06 09:38:25.0000000,Cash Deposit,Pune,0,1,Medium
24333,C1169149912,C423573866,CASH_IN,941178.19,2026-01-02 11:42:01.0000000,Cash Deposit,Kolkata,0,1,Medium
24336,C691755836,M11311373,PAYMENT,50720.72,2026-01-17 09:16:54.0000000,Online Payment,Delhi,0,1,Medium
24422,C1900473974,M204838724,PAYMENT,83926.39,2026-01-16 09:50:52.0000000,Online Payment,Bangalore,0,1,Medium
24482,C792782443,M653708460,PAYMENT,51435.90,2026-01-14 13:10:53.0000000,Online Payment,Mumbai,0,1,Medium
24514,C1377808069,M725806900,PAYMENT,52292.40,2026-01-14 11:14:03.0000000,Online Payment,Ahmedabad,0,1,Medium
24568,C2049113021,C132865788,CASH_IN,549097.56,2026-01-16 21:20:22.0000000,Cash Deposit,Ahmedabad,0,1,Medium
24602,C662598278,M1259055603,PAYMENT,59597.46,2026-01-06 10:29:00.0000000,Online Payment,Bangalore,0,1,Medium
24614,C98485433,M2023572689,PAYMENT,61328.00,2026-01-17 14:29:48.0000000,Online Payment,Pune,0,1,Medium
24712,C786570375,M249837850,PAYMENT,50565.97,2026-01-12 20:36:42.0000000,Online Payment,Mumbai,0,1,Medium
24810,C1891129508,C308639760,TRANSFER,4838594.00,2026-01-13 17:46:02.0000000,Wire Transfer,Hyderabad,0,1,Medium
24822,C116919200,M866374689,PAYMENT,63821.17,2026-01-06 10:20:13.0000000,Online Payment,Ahmedabad,0,1,Medium
24871,C1129377529,M1376240132,PAYMENT,55517.66,2026-01-15 20:33:10.0000000,Online Payment,Hyderabad,0,1,Medium
24874,C746423471,C1711777412,TRANSFER,4274316.50,2026-01-08 18:38:16.0000000,Wire Transfer,Mumbai,0,1,Medium
24897,C13196606,M169924326,PAYMENT,55532.34,2026-01-10 11:09:52.0000000,Online Payment,Delhi,0,1,Medium
25474,C630477275,M544221667,PAYMENT,57293.69,2026-01-09 14:11:27.0000000,Online Payment,Ahmedabad,0,1,Medium
25568,C1282403985,C1674972936,CASH_IN,549353.06,2026-01-09 11:35:00.0000000,Cash Deposit,Mumbai,0,1,Medium
25706,C314654641,M1829289365,PAYMENT,64036.09,2026-01-11 11:57:26.0000000,Online Payment,Kolkata,0,1,Medium
25756,C240777795,M96539158,PAYMENT,65853.52,2026-01-15 11:47:32.0000000,Online Payment,Bangalore,0,1,Medium
25817,C205538584,M31514681,PAYMENT,64687.55,2026-01-13 14:16:28.0000000,Online Payment,Bangalore,0,1,Medium
25890,C1805348790,C1104253809,CASH_IN,555606.06,2026-01-07 18:52:52.0000000,Cash Deposit,Chennai,0,1,Medium
26112,C888121339,C471280264,CASH_IN,597432.06,2026-01-10 18:30:11.0000000,Wire Transfer,Bangalore,0,1,Medium
26159,C203863828,M735318304,PAYMENT,75148.75,2026-01-13 09:06:53.0000000,Online Payment,Bangalore,0,1,Medium
26568,C1143281690,M1950527556,PAYMENT,50578.58,2026-01-22 21:20:07.0000000,Online Payment,Mumbai,0,1,Medium
26569,C971766347,M372749118,PAYMENT,75736.91,2026-01-12 20:00:23.0000000,Online Payment,Kolkata,0,1,Medium
26698,C2082800854,C1531733117,CASH_IN,692703.94,2026-01-08 17:35:03.0000000,Cash Deposit,Bangalore,0,1,Medium
26775,C295255608,M1786036658,PAYMENT,65447.77,2026-01-11 13:36:20.0000000,Online Payment,Delhi,0,1,Medium
26843,C1217537274,C2096864309,CASH_IN,595958.25,2026-01-24 13:04:56.0000000,Cash Deposit,Hyderabad,0,1,Medium
26907,C1408607991,M771222931,PAYMENT,54292.14,2026-01-06 14:13:58.0000000,Online Payment,Hyderabad,0,1,Medium
27318,C188148118,M1929499959,PAYMENT,59326.46,2026-01-15 11:35:00.0000000,Online Payment,Ahmedabad,0,1,Medium
27324,C201628478,M846827070,PAYMENT,68450.13,2026-01-01 23:41:51.0000000,Online Payment,Mumbai,0,1,Medium
27384,C842581247,M266567573,PAYMENT,53183.13,2026-01-11 10:00:50.0000000,Online Payment,Kolkata,0,1,Medium
27422,C1136864712,M1552518707,PAYMENT,97845.15,2026-01-13 00:27:05.0000000,Online Payment,Kolkata,0,1,Medium
27570,C744428668,C1787705223,CASH_IN,825415.56,2026-01-01 21:09:13.0000000,Cash Deposit,Kolkata,0,1,Medium
27761,C1174012973,M138055569,PAYMENT,54636.02,2026-01-12 18:10:28.0000000,Online Payment,Hyderabad,0,1,Medium
27765,C805800404,M1217567481,PAYMENT,52921.62,2026-01-13 13:00:42.0000000,Online Payment,Hyderabad,0,1,Medium
27963,C143816823,M597086216,PAYMENT,55629.67,2026-01-02 13:33:10.0000000,Online Payment,Kolkata,0,1,Medium
27998,C341028779,M1118557059,PAYMENT,50962.83,2026-01-22 10:26:54.0000000,Online Payment,Hyderabad,0,1,Medium
28025,C785852370,M1019282120,PAYMENT,54768.44,2026-01-14 10:41:38.0000000,Online Payment,Mumbai,0,1,Medium
28172,C136562620,C695464479,TRANSFER,6834534.00,2026-01-16 16:43:37.0000000,Wire Transfer,Bangalore,0,1,Medium
28189,C1926518956,C470967162,CASH_IN,672011.13,2026-01-14 16:30:48.0000000,Cash Deposit,Pune,0,1,Medium
28198,C703856956,C946666527,TRANSFER,6578763.50,2026-01-14 15:27:52.0000000,Wire Transfer,Delhi,0,1,Medium
28280,C176262877,M1991605709,PAYMENT,63475.31,2026-01-11 11:07:13.0000000,Online Payment,Chennai,0,1,Medium
28548,C2038394284,M1012893440,PAYMENT,57036.82,2026-01-08 12:25:25.0000000,Online Payment,Hyderabad,0,1,Medium
28582,C1116979989,C1005928818,TRANSFER,7442953.50,2026-01-13 12:46:23.0000000,Wire Transfer,Bangalore,0,1,Medium
28612,C213093630,M1202078058,PAYMENT,83376.77,2026-01-17 18:44:12.0000000,Online Payment,Hyderabad,0,1,Medium
28666,C197405143,M340406783,PAYMENT,95098.50,2026-01-02 20:44:14.0000000,Online Payment,Pune,0,1,Medium
28817,C761535481,C853731347,CASH_OUT,1545300.63,2026-01-10 18:04:20.0000000,ATM Withdrawal,Kolkata,0,1,Medium
28887,C649490493,C2089172532,CASH_IN,638711.25,2026-01-10 19:01:20.0000000,Cash Deposit,Kolkata,0,1,Medium
29085,C1324366542,M232894530,PAYMENT,50616.80,2026-01-11 12:46:18.0000000,Online Payment,Ahmedabad,0,1,Medium
29123,C348409289,M791125329,PAYMENT,144038.55,2026-01-18 11:46:23.0000000,Online Payment,Delhi,0,1,Medium
29125,C1711130818,M513524085,PAYMENT,54593.21,2026-01-14 20:24:44.0000000,Online Payment,Hyderabad,0,1,Medium
29374,C203404376,M1687205723,PAYMENT,65754.23,2026-01-14 18:55:32.0000000,Online Payment,Bangalore,0,1,Medium
29653,C1621901064,M1971648402,PAYMENT,60616.33,2026-01-23 16:00:01.0000000,Online Payment,Pune,0,1,Medium
29655,C1884141723,M1323666175,PAYMENT,68425.44,2026-01-10 18:39:22.0000000,Online Payment,Hyderabad,0,1,Medium
29772,C1673528112,M259955094,PAYMENT,52506.19,2026-01-08 18:01:38.0000000,Online Payment,Ahmedabad,0,1,Medium
29807,C2136838146,M2051289276,PAYMENT,61594.69,2026-01-16 22:50:33.0000000,Online Payment,Ahmedabad,0,1,Medium
29914,C1826398318,M1133414579,PAYMENT,59794.38,2026-01-14 21:01:15.0000000,Online Payment,Mumbai,0,1,Medium
30081,C147878886,M140781827,PAYMENT,76681.90,2026-01-15 14:22:08.0000000,Online Payment,Kolkata,0,1,Medium
30460,C1448591009,M780331739,PAYMENT,52277.91,2026-01-16 09:53:12.0000000,Online Payment,Mumbai,0,1,Medium
30496,C997226152,C56465523,CASH_IN,700076.06,2026-01-14 11:54:58.0000000,Cash Deposit,Delhi,0,1,Medium
30639,C580564000,C1253246753,CASH_IN,656862.38,2026-01-13 18:47:58.0000000,Wire Transfer,Kolkata,0,1,Medium
30804,C171765351,M1551328179,PAYMENT,60066.42,2026-01-13 12:13:36.0000000,Online Payment,Pune,0,1,Medium
30922,C118783220,C1015262217,CASH_IN,556776.63,2026-01-07 11:56:52.0000000,Cash Deposit,Ahmedabad,0,1,Medium
31099,C227650067,C1547229426,TRANSFER,6496485.00,2026-01-15 14:37:43.0000000,Wire Transfer,Bangalore,0,1,Medium
31172,C305726270,M1079094195,PAYMENT,60101.76,2026-01-13 13:43:44.0000000,Online Payment,Kolkata,0,1,Medium
31201,C973584922,C1729663560,TRANSFER,4365000.00,2026-01-14 12:41:45.0000000,Wire Transfer,Kolkata,0,1,Medium
31229,C304616756,M16088818,PAYMENT,52831.38,2026-01-17 09:59:29.0000000,Online Payment,Mumbai,0,1,Medium
31303,C1811805359,C280437376,CASH_IN,651454.81,2026-01-11 13:17:04.0000000,Cash Deposit,Chennai,0,1,Medium
31380,C1224278337,M1846952030,PAYMENT,52674.17,2026-01-01 12:18:31.0000000,Online Payment,Kolkata,0,1,Medium
31446,C908172336,M17585231,PAYMENT,56145.54,2026-01-16 15:45:01.0000000,Online Payment,Bangalore,0,1,Medium
31503,C1851058426,C294215124,CASH_IN,637495.75,2026-01-06 14:28:22.0000000,Cash Deposit,Kolkata,0,1,Medium
31555,C1698731013,C2039726914,CASH_IN,632412.44,2026-01-12 19:14:54.0000000,Cash Deposit,Hyderabad,0,1,Medium
31572,C324217989,M1722427837,PAYMENT,57369.69,2026-01-09 20:10:05.0000000,Online Payment,Ahmedabad,0,1,Medium
31574,C1163673579,M757455316,PAYMENT,50566.57,2026-01-06 10:16:08.0000000,Online Payment,Hyderabad,0,1,Medium
31781,C373882279,M509878397,PAYMENT,55652.85,2026-01-06 17:47:28.0000000,Online Payment,Delhi,0,1,Medium
31812,C1140054745,M1516742901,PAYMENT,80028.62,2026-01-24 11:22:42.0000000,Online Payment,Hyderabad,0,1,Medium
31873,C891445566,M232809085,PAYMENT,54302.72,2026-01-14 10:55:06.0000000,Online Payment,Pune,0,1,Medium
32089,C796633292,C535889684,CASH_IN,550239.81,2026-01-01 13:52:20.0000000,Cash Deposit,Bangalore,0,1,Medium
32097,C1136841211,M2085350843,PAYMENT,53415.18,2026-01-16 22:23:30.0000000,Online Payment,Kolkata,0,1,Medium
32182,C1279555435,M1739946951,PAYMENT,57627.55,2026-01-17 18:19:29.0000000,Online Payment,Delhi,0,1,Medium
32380,C1160894566,C1828497304,CASH_IN,569726.69,2026-01-11 10:18:29.0000000,Cash Deposit,Chennai,0,1,Medium
32405,C1998337630,M1112242688,PAYMENT,70978.43,2026-01-13 15:49:20.0000000,Online Payment,Chennai,0,1,Medium
32445,C365368079,C747043885,CASH_IN,551207.06,2026-01-10 10:24:47.0000000,Cash Deposit,Bangalore,0,1,Medium
32548,C1797064824,C2047642730,TRANSFER,6195870.50,2026-01-13 17:12:20.0000000,Wire Transfer,Bangalore,0,1,Medium
32556,C716974012,C1457849583,TRANSFER,5473385.00,2026-01-14 16:31:56.0000000,Wire Transfer,Hyderabad,0,1,Medium
32793,C532661158,M1224304875,PAYMENT,108809.81,2026-01-21 12:47:56.0000000,Online Payment,Chennai,0,1,Medium
32833,C841089578,C1761324386,CASH_IN,652603.81,2026-01-02 12:04:54.0000000,Cash Deposit,Kolkata,0,1,Medium
32876,C988990713,M359841597,PAYMENT,50564.15,2026-01-11 12:25:00.0000000,Online Payment,Delhi,0,1,Medium
32877,C564969133,M1905902949,PAYMENT,74917.58,2026-01-13 14:17:33.0000000,Online Payment,Hyderabad,0,1,Medium
32998,C91108203,M1966532163,PAYMENT,72491.86,2026-01-09 01:28:33.0000000,Online Payment,Chennai,0,1,Medium
33100,C973388375,C2036879719,CASH_IN,565564.56,2026-01-14 11:58:11.0000000,Cash Deposit,Bangalore,0,1,Medium
33273,C270741471,C1092577223,CASH_IN,765258.75,2026-01-17 11:17:34.0000000,Wire Transfer,Hyderabad,0,1,Medium
33505,C1833479417,C423119994,TRANSFER,5957045.50,2026-01-15 12:08:16.0000000,Wire Transfer,Bangalore,0,1,Medium
33508,C139347094,C577132280,CASH_IN,634738.00,2026-01-17 09:56:21.0000000,Cash Deposit,Hyderabad,0,1,Medium
33743,C962910201,M1644099924,PAYMENT,86952.43,2026-01-17 11:35:05.0000000,Online Payment,Kolkata,0,1,Medium
33804,C836783122,C1733373217,CASH_IN,563704.88,2026-01-17 17:48:14.0000000,Cash Deposit,Ahmedabad,0,1,Medium
34075,C1267396104,M1600013031,PAYMENT,53789.80,2026-01-01 11:09:27.0000000,Online Payment,Chennai,0,1,Medium
34104,C1120630036,C2041941947,CASH_IN,589645.50,2026-01-07 11:47:29.0000000,Cash Deposit,Chennai,0,1,Medium
34181,C332856606,C85200425,TRANSFER,9171681.00,2026-01-13 16:12:58.0000000,Wire Transfer,Pune,0,1,Medium
34217,C237654097,M1816733744,PAYMENT,53308.78,2026-01-16 15:34:33.0000000,Online Payment,Bangalore,0,1,Medium
34291,C713928851,C967483199,TRANSFER,5634847.00,2026-01-14 14:20:46.0000000,Wire Transfer,Delhi,0,1,Medium
34314,C455623450,M1203590826,PAYMENT,51056.95,2026-01-06 09:52:28.0000000,Online Payment,Bangalore,0,1,Medium
34471,C359999829,M1571958671,PAYMENT,54555.49,2026-01-17 10:18:35.0000000,Online Payment,Chennai,0,1,Medium
34564,C1311945992,M1386643020,PAYMENT,60713.24,2026-01-15 11:26:13.0000000,Online Payment,Chennai,0,1,Medium
34655,C1045146956,M1371139414,PAYMENT,57862.59,2026-01-10 12:56:33.0000000,Online Payment,Kolkata,0,1,Medium
34739,C64595849,C1253398577,CASH_IN,586226.13,2026-01-13 22:48:30.0000000,Cash Deposit,Mumbai,0,1,Medium
34831,C1915753698,C800281454,TRANSFER,4819112.00,2026-01-14 11:24:23.0000000,Wire Transfer,Kolkata,0,1,Medium
34844,C2011200430,C1058202718,TRANSFER,4231698.50,2026-01-01 13:43:01.0000000,Wire Transfer,Bangalore,0,1,Medium
34967,C1670401374,M191234682,PAYMENT,51588.71,2026-01-15 17:35:39.0000000,Online Payment,Mumbai,0,1,Medium
35409,C123459028,M1692282245,PAYMENT,65278.41,2026-01-18 00:45:44.0000000,Online Payment,Hyderabad,0,1,Medium
35431,C2146184819,M1468209870,PAYMENT,73841.15,2026-01-15 13:34:51.0000000,Online Payment,Hyderabad,0,1,Medium
35583,C1587954941,M235043946,PAYMENT,62594.13,2026-01-16 17:45:32.0000000,Online Payment,Ahmedabad,0,1,Medium
35593,C1819077588,C384572168,TRANSFER,4551112.50,2026-01-13 16:51:15.0000000,Wire Transfer,Chennai,0,1,Medium
35830,C1792975804,M840101698,PAYMENT,53009.08,2026-01-01 20:05:02.0000000,Online Payment,Bangalore,0,1,Medium
35884,C1058879766,C859094728,CASH_IN,563679.75,2026-01-17 19:50:44.0000000,Cash Deposit,Chennai,0,1,Medium
36063,C1838794144,M147561901,PAYMENT,62795.01,2026-01-06 17:42:40.0000000,Online Payment,Mumbai,0,1,Medium
36095,C113023253,M2138820789,PAYMENT,62764.08,2026-01-14 15:41:30.0000000,Online Payment,Kolkata,0,1,Medium
36269,C251063562,C781616350,TRANSFER,6570518.00,2026-01-14 15:23:39.0000000,Wire Transfer,Hyderabad,0,1,Medium
36298,C1392723133,C1527231390,CASH_IN,717250.56,2026-01-08 11:29:13.0000000,Cash Deposit,Delhi,0,1,Medium
36334,C1101533705,C650657798,TRANSFER,7941394.50,2026-01-14 14:22:31.0000000,Wire Transfer,Mumbai,0,1,Medium
36417,C1299889163,M198712943,PAYMENT,59855.70,2026-01-09 22:05:11.0000000,Online Payment,Delhi,0,1,Medium
36439,C1540363140,M2073123868,PAYMENT,81180.42,2026-01-13 00:14:41.0000000,Online Payment,Delhi,0,1,Medium
36463,C2045698122,M1146479929,PAYMENT,75932.09,2026-01-13 15:52:01.0000000,Online Payment,Pune,0,1,Medium
36500,C833944354,M1964142274,PAYMENT,65745.20,2026-01-08 11:08:20.0000000,Online Payment,Chennai,0,1,Medium
36618,C309172946,C1142773057,CASH_IN,605014.00,2026-01-02 12:16:43.0000000,Cash Deposit,Pune,0,1,Medium
36667,C1592995957,M1534531527,PAYMENT,73579.22,2026-01-15 12:55:07.0000000,Online Payment,Mumbai,0,1,Medium
36675,C236949110,M1375220303,PAYMENT,62565.30,2026-01-11 10:02:45.0000000,Online Payment,Ahmedabad,0,1,Medium
36801,C358644324,M839233788,PAYMENT,53389.98,2026-01-14 15:25:12.0000000,Online Payment,Chennai,0,1,Medium
36808,C781599137,M933835466,PAYMENT,55860.40,2026-01-13 19:54:24.0000000,Online Payment,Bangalore,0,1,Medium
36948,C2014654124,C791717054,CASH_IN,555541.00,2026-01-15 10:08:16.0000000,Cash Deposit,Bangalore,0,1,Medium
37235,C1774427435,C64435671,CASH_IN,849764.50,2026-01-17 11:02:06.0000000,Cash Deposit,Pune,0,1,Medium
37256,C1000564443,C875568259,CASH_IN,566266.38,2026-01-01 19:54:43.0000000,Cash Deposit,Bangalore,0,1,Medium
37343,C970690097,M237922128,PAYMENT,66791.21,2026-01-10 11:23:55.0000000,Online Payment,Ahmedabad,0,1,Medium
37555,C8104199,C1927962403,CASH_IN,607073.38,2026-01-22 18:08:50.0000000,Cash Deposit,Delhi,0,1,Medium
37706,C1648566183,C482964830,CASH_IN,588506.44,2026-01-12 22:00:00.0000000,Cash Deposit,Bangalore,0,1,Medium
37768,C1599136586,M1985987035,PAYMENT,68389.97,2026-01-13 10:56:01.0000000,Online Payment,Delhi,0,1,Medium
37909,C517686077,M1865950327,PAYMENT,105883.42,2026-01-13 13:09:37.0000000,Online Payment,Chennai,0,1,Medium
37919,C850543743,M1599436600,PAYMENT,55585.00,2026-01-14 11:32:26.0000000,Online Payment,Mumbai,0,1,Medium
37929,C557435761,C1768910179,CASH_IN,749044.38,2026-01-16 19:56:40.0000000,Cash Deposit,Ahmedabad,0,1,Medium
37945,C1919662634,M1643233676,PAYMENT,84479.33,2026-01-13 13:58:32.0000000,Online Payment,Delhi,0,1,Medium
38016,C526440373,M698830610,PAYMENT,56255.00,2026-01-16 20:39:11.0000000,Online Payment,Hyderabad,0,1,Medium
38031,C2013635745,C737911557,TRANSFER,4399434.00,2026-01-13 12:07:05.0000000,Wire Transfer,Bangalore,0,1,Medium
38063,C1401095299,C33524623,CASH_IN,734657.13,2026-01-01 01:14:46.0000000,Wire Transfer,Pune,0,1,Medium
38090,C1436891866,M912815488,PAYMENT,115355.21,2026-01-08 20:14:30.0000000,Online Payment,Bangalore,0,1,Medium
38143,C312547530,M310453000,PAYMENT,52459.38,2026-01-12 19:17:28.0000000,Online Payment,Delhi,0,1,Medium
38325,C251391268,C1612848035,CASH_IN,618788.13,2026-01-07 11:39:19.0000000,Cash Deposit,Hyderabad,0,1,Medium
38437,C1599876386,M1927612286,PAYMENT,56287.84,2026-01-22 22:40:26.0000000,Online Payment,Delhi,0,1,Medium
38457,C375563837,C1444677226,CASH_IN,611095.75,2026-01-13 16:33:05.0000000,Cash Deposit,Bangalore,0,1,Medium
38478,C232493054,M1166995627,PAYMENT,61492.80,2026-01-16 09:40:49.0000000,Online Payment,Delhi,0,1,Medium
38518,C217266794,M1646245044,PAYMENT,79781.52,2026-01-06 14:30:33.0000000,Online Payment,Ahmedabad,0,1,Medium
38631,C1280376295,C1077736527,TRANSFER,4883702.00,2026-01-13 16:35:20.0000000,Wire Transfer,Pune,0,1,Medium
38649,C75282150,C347496035,CASH_IN,547329.50,2026-01-01 20:17:37.0000000,Cash Deposit,Delhi,0,1,Medium
38652,C264990704,C1371905497,TRANSFER,5713116.50,2026-01-12 14:27:59.0000000,Wire Transfer,Pune,0,1,Medium
38724,C1564962864,M1154499241,PAYMENT,54164.13,2026-01-09 11:14:52.0000000,Online Payment,Delhi,0,1,Medium
38796,C2009346309,M1433412901,PAYMENT,63976.29,2026-01-15 11:09:32.0000000,Online Payment,Mumbai,0,1,Medium
38812,C368990351,C1052727200,CASH_IN,611247.00,2026-01-10 23:55:56.0000000,Cash Deposit,Delhi,0,1,Medium
38860,C331240650,M1430889236,PAYMENT,84981.82,2026-01-14 16:08:09.0000000,Online Payment,Kolkata,0,1,Medium
39137,C880153181,M2124505811,PAYMENT,54980.84,2026-01-17 17:44:49.0000000,Online Payment,Delhi,0,1,Medium
39202,C1429022604,M41851071,PAYMENT,56891.94,2026-01-14 18:06:06.0000000,Online Payment,Mumbai,0,1,Medium
39243,C609061758,C800517478,CASH_IN,549132.75,2026-01-22 10:12:44.0000000,Cash Deposit,Delhi,0,1,Medium
39245,C235470921,M1107544415,PAYMENT,55305.57,2026-01-17 13:45:55.0000000,Online Payment,Delhi,0,1,Medium
39298,C1516172555,C928510865,TRANSFER,4403486.00,2026-01-15 11:48:36.0000000,Wire Transfer,Mumbai,0,1,Medium
39335,C66083070,M577118881,PAYMENT,58531.99,2026-01-14 16:07:05.0000000,Online Payment,Kolkata,0,1,Medium
39390,C756338633,M1577765166,PAYMENT,52704.31,2026-01-15 09:11:04.0000000,Online Payment,Chennai,0,1,Medium
39449,C1300102512,M64060343,PAYMENT,64978.44,2026-01-14 16:01:34.0000000,Online Payment,Pune,0,1,Medium
39608,C2126807346,C945379634,CASH_IN,690109.00,2026-01-17 11:22:39.0000000,Cash Deposit,Mumbai,0,1,Medium
39644,C544160877,C1743212300,TRANSFER,9295841.00,2026-01-13 17:35:14.0000000,Wire Transfer,Hyderabad,0,1,Medium
39677,C819762557,C735165937,CASH_IN,1125725.00,2026-01-09 13:23:34.0000000,Cash Deposit,Mumbai,0,1,Medium
39722,C1728658529,M2043379646,PAYMENT,61323.09,2026-01-06 09:48:05.0000000,Online Payment,Bangalore,0,1,Medium
39948,C2114541505,M1404538431,PAYMENT,69731.50,2026-01-10 11:24:25.0000000,Online Payment,Hyderabad,0,1,Medium
39962,C544807351,C660042490,TRANSFER,7077599.00,2026-01-12 22:07:55.0000000,Wire Transfer,Hyderabad,0,1,Medium
40078,C901287617,M1502095661,PAYMENT,72140.56,2026-01-11 10:32:14.0000000,Online Payment,Pune,0,1,Medium
40097,C851291841,C1156052861,CASH_IN,585981.31,2026-01-16 19:24:55.0000000,Cash Deposit,Pune,0,1,Medium
40434,C857865576,M416553791,PAYMENT,69271.95,2026-01-08 13:10:17.0000000,Online Payment,Mumbai,0,1,Medium
40820,C1407841750,M1464068132,PAYMENT,126245.48,2026-01-12 20:39:52.0000000,Online Payment,Pune,0,1,Medium
40873,C735126090,C681126278,CASH_IN,625528.19,2026-01-11 10:30:18.0000000,Cash Deposit,Chennai,0,1,Medium
40900,C732378567,M1652677614,PAYMENT,67957.05,2026-01-17 18:52:57.0000000,Online Payment,Pune,0,1,Medium
40913,C920625341,M257295929,PAYMENT,52506.78,2026-01-16 21:35:38.0000000,Online Payment,Hyderabad,0,1,Medium
40992,C830235239,C233428139,TRANSFER,8163842.50,2026-01-14 11:39:46.0000000,Wire Transfer,Bangalore,0,1,Medium
41147,C1786173309,M1608247413,PAYMENT,61640.12,2026-01-14 11:22:56.0000000,Online Payment,Hyderabad,0,1,Medium
41182,C593243605,M485328909,PAYMENT,69959.19,2026-01-02 10:58:25.0000000,Online Payment,Pune,0,1,Medium
41449,C622445587,M768866712,PAYMENT,80218.81,2026-01-25 13:01:21.0000000,Online Payment,Ahmedabad,0,1,Medium
41504,C972341976,M1955689937,PAYMENT,75340.41,2026-01-13 10:34:04.0000000,Online Payment,Delhi,0,1,Medium
41724,C1240331191,M102744174,PAYMENT,65952.66,2026-01-15 11:44:16.0000000,Online Payment,Mumbai,0,1,Medium
41821,C1872936020,M751751418,PAYMENT,50984.99,2026-01-12 17:28:17.0000000,Online Payment,Kolkata,0,1,Medium
41870,C1180701561,M467061047,PAYMENT,51366.52,2026-01-10 10:59:12.0000000,Online Payment,Hyderabad,0,1,Medium
41979,C1442321885,M1396331737,PAYMENT,58152.13,2026-01-02 13:57:20.0000000,Online Payment,Hyderabad,0,1,Medium
42060,C1150475051,C1138976639,CASH_IN,616237.50,2026-01-17 22:49:06.0000000,Cash Deposit,Delhi,0,1,Medium
42288,C1733139281,M1393379923,PAYMENT,68111.24,2026-01-13 09:17:55.0000000,Online Payment,Ahmedabad,0,1,Medium
42300,C770849251,M1771537798,PAYMENT,51320.16,2026-01-11 12:45:56.0000000,Online Payment,Pune,0,1,Medium
42503,C452925120,M520361989,PAYMENT,51790.35,2026-01-10 21:39:34.0000000,Online Payment,Ahmedabad,0,1,Medium
42526,C746247509,M1822641910,PAYMENT,58820.08,2026-01-14 12:21:10.0000000,Online Payment,Kolkata,0,1,Medium
42845,C1918174599,M1479040611,PAYMENT,50698.58,2026-01-13 09:50:11.0000000,Online Payment,Delhi,0,1,Medium
42888,C13455851,C378590917,TRANSFER,5261879.50,2026-01-13 22:24:38.0000000,Wire Transfer,Delhi,0,1,Medium
42898,C2034278994,M1375529847,PAYMENT,52504.65,2026-01-15 14:41:26.0000000,Online Payment,Delhi,0,1,Medium
43093,C865525473,C166492870,CASH_IN,1005037.88,2026-01-14 17:18:40.0000000,Cash Deposit,Bangalore,0,1,Medium
43107,C1678796530,M1917782587,PAYMENT,84078.23,2026-01-10 11:00:28.0000000,Online Payment,Hyderabad,0,1,Medium
43200,C670061773,C998351292,CASH_IN,608195.69,2026-01-13 21:19:27.0000000,Cash Deposit,Delhi,0,1,Medium
43208,C750943732,M1766710186,PAYMENT,52489.75,2026-01-17 22:07:30.0000000,Online Payment,Mumbai,0,1,Medium
43211,C239179108,M1003239479,PAYMENT,75461.21,2026-01-10 10:24:30.0000000,Online Payment,Delhi,0,1,Medium
43612,C1329460552,C1132738481,TRANSFER,6014841.50,2026-01-16 16:50:45.0000000,Wire Transfer,Delhi,0,1,Medium
43616,C1596466320,M1950971514,PAYMENT,54318.79,2026-01-13 10:27:45.0000000,Online Payment,Kolkata,0,1,Medium
43744,C431259882,M1948694469,PAYMENT,54562.38,2026-01-16 11:59:23.0000000,Online Payment,Delhi,0,1,Medium
43863,C1692388190,M714793065,PAYMENT,73404.73,2026-01-09 01:13:46.0000000,Online Payment,Chennai,0,1,Medium
43868,C1695660369,M1015759168,PAYMENT,55661.39,2026-01-13 00:52:24.0000000,Online Payment,Pune,0,1,Medium
44033,C610421136,M1937395834,PAYMENT,57530.13,2026-01-16 20:19:46.0000000,Online Payment,Ahmedabad,0,1,Medium
44224,C1230710115,C1342942389,CASH_IN,569384.06,2026-01-07 19:05:44.0000000,Cash Deposit,Hyderabad,0,1,Medium
44242,C1180181326,M228461229,PAYMENT,53638.21,2026-01-13 16:56:17.0000000,Online Payment,Pune,0,1,Medium
44274,C1681691792,C619597688,CASH_IN,550703.75,2026-01-01 13:22:51.0000000,Cash Deposit,Hyderabad,0,1,Medium
44346,C1803159013,C1021026993,CASH_IN,600013.00,2026-01-09 13:08:22.0000000,Cash Deposit,Mumbai,0,1,Medium
44483,C1832415907,M96740548,PAYMENT,64444.12,2026-01-10 13:31:15.0000000,Online Payment,Bangalore,0,1,Medium
44526,C622273372,M1245206051,PAYMENT,76419.54,2026-01-17 17:49:48.0000000,Online Payment,Chennai,0,1,Medium
44894,C1747834705,M1569446893,PAYMENT,75146.06,2026-01-06 14:56:03.0000000,Online Payment,Chennai,0,1,Medium
45014,C1308323152,M2112745834,PAYMENT,65860.82,2026-01-13 12:06:36.0000000,Online Payment,Kolkata,0,1,Medium
45036,C738738778,C243579373,TRANSFER,7957256.00,2026-01-14 16:58:07.0000000,Wire Transfer,Pune,0,1,Medium
45600,C1881816112,M2110777682,PAYMENT,87198.83,2026-01-14 21:33:18.0000000,Online Payment,Delhi,0,1,Medium
45713,C282676732,M424123745,PAYMENT,53752.43,2026-01-10 12:02:27.0000000,Online Payment,Bangalore,0,1,Medium
45765,C1153841633,M435030927,PAYMENT,53979.36,2026-01-06 10:37:41.0000000,Online Payment,Kolkata,0,1,Medium
46027,C1270740848,M1452684660,PAYMENT,54009.50,2026-01-14 11:44:15.0000000,Online Payment,Chennai,0,1,Medium
46181,C1209331239,M1287847959,PAYMENT,65345.06,2026-01-10 10:21:50.0000000,Online Payment,Delhi,0,1,Medium
46354,C2068517093,C1905980036,TRANSFER,6443082.00,2026-01-15 12:33:07.0000000,Wire Transfer,Kolkata,0,1,Medium
46421,C2018687435,C1515574903,TRANSFER,5967991.50,2026-01-14 18:19:56.0000000,Wire Transfer,Pune,0,1,Medium
46434,C296451230,C788471947,CASH_IN,687014.56,2026-01-13 15:51:41.0000000,Cash Deposit,Kolkata,0,1,Medium
46476,C751087459,C1987671612,CASH_IN,599010.31,2026-01-01 12:54:05.0000000,Cash Deposit,Chennai,0,1,Medium
46486,C718182713,C950317918,CASH_IN,657739.63,2026-01-01 19:40:46.0000000,Cash Deposit,Chennai,0,1,Medium
46497,C1488975558,M1283636932,PAYMENT,57180.66,2026-01-15 13:16:49.0000000,Online Payment,Bangalore,0,1,Medium
46512,C526300782,C419482978,TRANSFER,8301338.00,2026-01-29 07:58:19.0000000,Wire Transfer,Mumbai,0,1,Medium
46562,C1331013677,M1912241549,PAYMENT,53205.87,2026-01-11 11:16:50.0000000,Online Payment,Bangalore,0,1,Medium
46563,C397054161,C513064340,CASH_IN,577480.81,2026-01-28 08:10:48.0000000,Cash Deposit,Ahmedabad,0,1,Medium
46568,C1876634852,C136327999,CASH_IN,558672.38,2026-01-11 11:33:07.0000000,Cash Deposit,Ahmedabad,0,1,Medium
46636,C1871745340,M1462230491,PAYMENT,61231.28,2026-01-10 13:44:24.0000000,Online Payment,Delhi,0,1,Medium
46695,C1482538767,M112144461,PAYMENT,68490.00,2026-01-11 11:58:29.0000000,Online Payment,Kolkata,0,1,Medium
46972,C1714229052,M295435295,PAYMENT,61964.63,2026-01-13 11:53:08.0000000,Online Payment,Ahmedabad,0,1,Medium
47004,C2004049733,C915699173,CASH_IN,560580.44,2026-01-15 16:13:27.0000000,Cash Deposit,Delhi,0,1,Medium
47011,C1980781483,M1353446397,PAYMENT,66736.88,2026-01-13 10:17:22.0000000,Online Payment,Bangalore,0,1,Medium
47031,C1700371487,M454903184,PAYMENT,68280.26,2026-01-12 10:35:39.0000000,Online Payment,Chennai,0,1,Medium
47188,C69043981,M751268113,PAYMENT,67842.93,2026-01-13 09:14:11.0000000,Online Payment,Kolkata,0,1,Medium
47275,C1386956003,M1334488999,PAYMENT,58290.50,2026-01-22 18:17:25.0000000,Online Payment,Bangalore,0,1,Medium
47368,C1378357140,M140758844,PAYMENT,79944.55,2026-01-10 11:14:29.0000000,Online Payment,Pune,0,1,Medium
47588,C1428542652,C1358364317,CASH_IN,660889.75,2026-01-10 13:47:50.0000000,Cash Deposit,Delhi,0,1,Medium
47686,C1108574699,C1288180929,TRANSFER,5991367.00,2026-01-15 12:12:06.0000000,Wire Transfer,Delhi,0,1,Medium
47708,C963063993,M1207758795,PAYMENT,50934.03,2026-01-14 12:04:32.0000000,Online Payment,Bangalore,0,1,Medium
48024,C1033289716,M1987895284,PAYMENT,61593.33,2026-01-13 12:19:02.0000000,Online Payment,Pune,0,1,Medium
48051,C267203340,M1768773890,PAYMENT,69563.53,2026-01-13 12:22:40.0000000,Online Payment,Hyderabad,0,1,Medium
48063,C2087978977,M1557563980,PAYMENT,81987.10,2026-01-11 11:13:54.0000000,Online Payment,Bangalore,0,1,Medium
48129,C1405995444,M195515920,PAYMENT,53862.48,2026-01-12 23:15:55.0000000,Online Payment,Chennai,0,1,Medium
48202,C1385431055,C784112154,CASH_IN,547299.94,2026-01-13 10:17:00.0000000,Cash Deposit,Chennai,0,1,Medium
48238,C256052462,M1981108297,PAYMENT,60836.84,2026-01-14 11:35:22.0000000,Online Payment,Bangalore,0,1,Medium
48427,C1643298857,M359187986,PAYMENT,66642.77,2026-01-14 15:15:01.0000000,Online Payment,Mumbai,0,1,Medium
48633,C1201337745,C1160265702,CASH_IN,729391.56,2026-01-14 13:23:39.0000000,Cash Deposit,Hyderabad,0,1,Medium
48649,C535304458,M2064047614,PAYMENT,62543.69,2026-01-10 18:50:17.0000000,Online Payment,Bangalore,0,1,Medium
48699,C1726187804,M1554218484,PAYMENT,90744.77,2026-01-12 13:41:15.0000000,Online Payment,Hyderabad,0,1,Medium
48873,C830651487,M669783356,PAYMENT,52531.27,2026-01-07 18:03:44.0000000,Online Payment,Bangalore,0,1,Medium
48876,C910296347,C19568116,CASH_OUT,1583596.00,2026-01-07 17:25:24.0000000,Wire Transfer,Pune,0,1,Medium
49058,C1393603640,C775514090,CASH_IN,723785.81,2026-01-01 09:16:35.0000000,Wire Transfer,Delhi,0,1,Medium
49087,C1141094104,M1149725621,PAYMENT,53581.14,2026-01-13 09:18:42.0000000,Online Payment,Hyderabad,0,1,Medium
49191,C482329493,M1561109755,PAYMENT,54093.91,2026-01-11 13:13:08.0000000,Online Payment,Chennai,0,1,Medium
49199,C860622111,M1506698046,PAYMENT,66074.44,2026-01-14 01:58:22.0000000,Online Payment,Ahmedabad,0,1,Medium
49334,C1130258385,M764624833,PAYMENT,59131.52,2026-01-11 09:22:18.0000000,Online Payment,Mumbai,0,1,Medium
49352,C1576972661,M2111758176,PAYMENT,52576.59,2026-01-13 13:28:03.0000000,Online Payment,Bangalore,0,1,Medium
49391,C1670207414,M204467480,PAYMENT,53079.22,2026-01-10 10:24:48.0000000,Online Payment,Bangalore,0,1,Medium
49726,C1398027925,C980785441,TRANSFER,5162505.00,2026-01-14 16:36:20.0000000,Wire Transfer,Mumbai,0,1,Medium
49790,C1227721849,C72241768,TRANSFER,5476853.00,2026-01-13 20:26:12.0000000,Wire Transfer,Bangalore,0,1,Medium
49900,C1449317049,M1935452125,PAYMENT,75503.48,2026-01-10 12:28:33.0000000,Online Payment,Chennai,0,1,Medium
50009,C1398700705,M60495582,PAYMENT,64088.15,2026-01-14 19:40:07.0000000,Online Payment,Bangalore,0,1,Medium
50014,C556732595,M2107419216,PAYMENT,57419.99,2026-01-13 09:27:59.0000000,Online Payment,Chennai,0,1,Medium
50064,C528345239,M1279367718,PAYMENT,55376.28,2026-01-14 11:02:00.0000000,Online Payment,Delhi,0,1,Medium
50322,C384468841,C1912278772,CASH_IN,687229.50,2026-01-11 15:06:54.0000000,Wire Transfer,Bangalore,0,1,Medium
50367,C1758558305,M78117238,PAYMENT,59140.93,2026-01-11 13:11:43.0000000,Online Payment,Mumbai,0,1,Medium
50507,C1855155669,M121950593,PAYMENT,105459.54,2026-01-12 12:24:08.0000000,Online Payment,Ahmedabad,0,1,Medium
50563,C763096157,M1873332297,PAYMENT,82870.49,2026-01-23 06:42:33.0000000,Online Payment,Chennai,0,1,Medium
50571,C2041649200,M1543879655,PAYMENT,62255.50,2026-01-02 11:45:05.0000000,Online Payment,Pune,0,1,Medium
50627,C236775736,C1589331148,CASH_IN,668982.13,2026-01-14 23:19:00.0000000,Cash Deposit,Hyderabad,0,1,Medium
51012,C1321727070,M1934362211,PAYMENT,52921.46,2026-01-13 15:38:26.0000000,Online Payment,Ahmedabad,0,1,Medium
51041,C1740782460,M229533334,PAYMENT,51790.36,2026-01-14 14:21:04.0000000,Online Payment,Chennai,0,1,Medium
51145,C1069376862,M638787689,PAYMENT,54466.74,2026-01-14 15:28:03.0000000,Online Payment,Mumbai,0,1,Medium
51192,C504874800,M1737330218,PAYMENT,64914.65,2026-01-06 17:45:00.0000000,Online Payment,Kolkata,0,1,Medium
51204,C505703813,M1075829971,PAYMENT,60066.59,2026-01-14 11:50:31.0000000,Online Payment,Pune,0,1,Medium
51296,C348714034,M244171697,PAYMENT,53722.62,2026-01-14 12:01:38.0000000,Online Payment,Mumbai,0,1,Medium
51308,C813968720,M525807600,PAYMENT,58308.60,2026-01-17 15:09:36.0000000,Online Payment,Kolkata,0,1,Medium
51376,C587745578,C797242366,TRANSFER,8176685.00,2026-01-13 17:21:00.0000000,Wire Transfer,Delhi,0,1,Medium
51430,C1086048760,C185392298,CASH_IN,566944.81,2026-01-16 12:57:39.0000000,Cash Deposit,Bangalore,0,1,Medium
51810,C475307246,M551359964,PAYMENT,54668.68,2026-01-10 09:48:47.0000000,Online Payment,Ahmedabad,0,1,Medium
51869,C634188737,M2034162530,PAYMENT,102705.47,2026-01-13 19:18:06.0000000,Online Payment,Mumbai,0,1,Medium
51905,C1422717928,M173763163,PAYMENT,56214.96,2026-01-17 12:00:52.0000000,Online Payment,Mumbai,0,1,Medium
52028,C1710535813,C1105246644,TRANSFER,4746428.50,2026-01-13 16:23:36.0000000,Wire Transfer,Chennai,0,1,Medium
52227,C1347442964,C1580196193,CASH_IN,606201.13,2026-01-06 19:03:39.0000000,Cash Deposit,Delhi,0,1,Medium
52366,C1766203378,M1440633979,PAYMENT,87569.58,2026-01-13 14:10:52.0000000,Online Payment,Chennai,0,1,Medium
52513,C2129310633,M921811537,PAYMENT,53319.67,2026-01-10 18:05:51.0000000,Online Payment,Ahmedabad,0,1,Medium
52629,C1424635624,C1846392612,TRANSFER,4428893.00,2026-01-15 12:22:29.0000000,Wire Transfer,Hyderabad,0,1,Medium
52725,C1599869368,M1792707674,PAYMENT,82204.99,2026-01-17 10:10:21.0000000,Online Payment,Pune,0,1,Medium
53049,C53349452,C91546760,CASH_IN,549886.69,2026-01-06 14:33:36.0000000,Cash Deposit,Ahmedabad,0,1,Medium
53179,C861113510,M732362115,PAYMENT,71862.78,2026-01-15 12:30:48.0000000,Online Payment,Kolkata,0,1,Medium
53415,C963073915,C1826371707,CASH_IN,649625.44,2026-01-13 19:11:58.0000000,Cash Deposit,Delhi,0,1,Medium
53493,C1827805976,C1132754645,CASH_IN,604743.19,2026-01-08 09:47:29.0000000,Cash Deposit,Pune,0,1,Medium
53524,C413072411,M958780253,PAYMENT,83266.21,2026-01-13 10:36:52.0000000,Online Payment,Hyderabad,0,1,Medium
53634,C1474846907,M1161757098,PAYMENT,59498.43,2026-01-10 09:18:20.0000000,Online Payment,Chennai,0,1,Medium
53740,C196369349,M1521620872,PAYMENT,57915.36,2026-01-06 09:31:36.0000000,Online Payment,Kolkata,0,1,Medium
53750,C1753544153,M1340079964,PAYMENT,69573.15,2026-01-22 18:08:56.0000000,Online Payment,Bangalore,0,1,Medium
53969,C889516452,M309152797,PAYMENT,53261.46,2026-01-07 10:25:16.0000000,Online Payment,Hyderabad,0,1,Medium
53995,C338213789,M1489444633,PAYMENT,102786.57,2026-01-15 11:10:51.0000000,Online Payment,Chennai,0,1,Medium
54027,C1406683426,M1768572618,PAYMENT,52122.05,2026-01-22 23:40:56.0000000,Online Payment,Kolkata,0,1,Medium
54248,C954937557,C337602283,CASH_IN,586023.13,2026-01-10 20:40:09.0000000,Cash Deposit,Bangalore,0,1,Medium
54266,C2003888089,M1959067723,PAYMENT,60704.28,2026-01-06 13:37:50.0000000,Online Payment,Hyderabad,0,1,Medium
54518,C1685065758,M1250329726,PAYMENT,98684.79,2026-01-13 00:51:20.0000000,Online Payment,Bangalore,0,1,Medium
54527,C1056509826,C13635577,CASH_IN,749705.75,2026-01-02 10:24:43.0000000,Cash Deposit,Ahmedabad,0,1,Medium
54596,C150715965,M1825303077,PAYMENT,52788.75,2026-01-02 18:04:58.0000000,Online Payment,Ahmedabad,0,1,Medium
54664,C1600202917,C82126118,CASH_IN,623951.75,2026-01-06 10:04:33.0000000,Cash Deposit,Mumbai,0,1,Medium
54667,C1520814387,M6304511,PAYMENT,55133.67,2026-01-14 14:43:30.0000000,Online Payment,Hyderabad,0,1,Medium
54670,C843702715,M26236767,PAYMENT,53480.35,2026-01-10 10:58:51.0000000,Online Payment,Chennai,0,1,Medium
54767,C10259099,M1985075306,PAYMENT,55647.53,2026-01-11 12:53:55.0000000,Online Payment,Delhi,0,1,Medium
54830,C2037862789,M1546964866,PAYMENT,95416.08,2026-01-14 11:13:42.0000000,Online Payment,Chennai,0,1,Medium
55282,C1434145817,M313960176,PAYMENT,52370.70,2026-01-17 01:44:54.0000000,Online Payment,Hyderabad,0,1,Medium
55298,C1946864972,C666588775,CASH_IN,573688.69,2026-01-15 16:11:52.0000000,Cash Deposit,Ahmedabad,0,1,Medium
55456,C1190476113,M49592574,PAYMENT,51706.53,2026-01-13 21:35:34.0000000,Online Payment,Hyderabad,0,1,Medium
55486,C904679218,M630214765,PAYMENT,65388.84,2026-01-01 12:09:20.0000000,Online Payment,Ahmedabad,0,1,Medium
55547,C1782874344,C1028679363,TRANSFER,9369969.00,2026-01-13 15:44:33.0000000,Wire Transfer,Mumbai,0,1,Medium
55600,C61751967,C1791742827,CASH_IN,622593.00,2026-01-13 10:59:07.0000000,Cash Deposit,Pune,0,1,Medium
55663,C640031511,C1370256767,CASH_IN,591115.19,2026-01-12 18:25:10.0000000,Cash Deposit,Mumbai,0,1,Medium
55738,C227167916,C338242806,CASH_IN,690861.94,2026-01-09 11:11:29.0000000,Cash Deposit,Hyderabad,0,1,Medium
55870,C742071732,C1397760129,TRANSFER,4290309.00,2026-01-14 12:12:17.0000000,Wire Transfer,Bangalore,0,1,Medium
55878,C2013671102,M562570758,PAYMENT,86322.36,2026-01-15 12:25:15.0000000,Online Payment,Ahmedabad,0,1,Medium
55965,C1886427379,M921054648,PAYMENT,72480.11,2026-01-09 21:39:54.0000000,Online Payment,Bangalore,0,1,Medium
56067,C1259228662,M178452279,PAYMENT,71058.54,2026-01-15 10:24:22.0000000,Online Payment,Bangalore,0,1,Medium
56235,C556885603,C950796898,CASH_IN,583510.19,2026-01-17 00:39:27.0000000,Cash Deposit,Kolkata,0,1,Medium
56264,C965089254,C1382003733,CASH_IN,556231.75,2026-01-15 16:46:09.0000000,Cash Deposit,Ahmedabad,0,1,Medium
56327,C653197117,M2144773683,PAYMENT,52683.43,2026-01-10 20:15:13.0000000,Online Payment,Chennai,0,1,Medium
56462,C2016644210,M332851263,PAYMENT,58005.56,2026-01-16 20:14:40.0000000,Online Payment,Kolkata,0,1,Medium
56694,C1332149129,C1462287503,TRANSFER,8034243.50,2026-01-14 14:28:00.0000000,Wire Transfer,Hyderabad,0,1,Medium
56753,C802232318,M1615940621,PAYMENT,54341.81,2026-01-10 09:28:56.0000000,Online Payment,Ahmedabad,0,1,Medium
56846,C998945850,M745098813,PAYMENT,64599.15,2026-01-13 21:30:10.0000000,Online Payment,Pune,0,1,Medium
56901,C298659254,C571803793,CASH_IN,563523.69,2026-01-07 10:17:33.0000000,Cash Deposit,Pune,0,1,Medium
56906,C1777982660,M1308104299,PAYMENT,59300.98,2026-01-09 21:20:41.0000000,Online Payment,Chennai,0,1,Medium
56914,C490044812,M208691796,PAYMENT,64008.61,2026-01-15 18:41:34.0000000,Online Payment,Ahmedabad,0,1,Medium
57022,C908682739,C1864522583,CASH_IN,722494.06,2026-01-08 14:09:54.0000000,Cash Deposit,Chennai,0,1,Medium
57232,C1775398182,C1798310503,CASH_IN,555505.63,2026-01-10 18:33:57.0000000,Cash Deposit,Delhi,0,1,Medium
57361,C739257521,M953117816,PAYMENT,75358.06,2026-01-10 10:31:38.0000000,Online Payment,Pune,0,1,Medium
57439,C949085003,M1900916703,PAYMENT,66320.81,2026-01-29 15:21:18.0000000,Online Payment,Chennai,0,1,Medium
57461,C327948292,M1305803040,PAYMENT,76244.71,2026-01-14 10:35:22.0000000,Online Payment,Kolkata,0,1,Medium
57670,C1092717877,C979916516,TRANSFER,9154505.00,2026-01-13 16:27:18.0000000,Wire Transfer,Hyderabad,0,1,Medium
57886,C603125169,M574034956,PAYMENT,53832.12,2026-01-22 21:37:20.0000000,Online Payment,Kolkata,0,1,Medium
57938,C665403693,C249925902,CASH_IN,623292.19,2026-01-14 13:44:41.0000000,Cash Deposit,Pune,0,1,Medium
58341,C1828272559,M1597121664,PAYMENT,57618.78,2026-01-14 15:53:36.0000000,Online Payment,Hyderabad,0,1,Medium
58358,C567623247,M137495471,PAYMENT,123355.37,2026-01-13 13:38:29.0000000,Online Payment,Delhi,0,1,Medium
58430,C60488059,C1082992891,CASH_IN,571352.25,2026-01-02 14:54:51.0000000,Wire Transfer,Delhi,0,1,Medium
58671,C1354010756,M1320797641,PAYMENT,51310.11,2026-01-17 01:57:03.0000000,Online Payment,Ahmedabad,0,1,Medium
58695,C1173831948,C1669577717,TRANSFER,6958788.00,2026-01-26 19:22:45.0000000,Wire Transfer,Mumbai,0,1,Medium
58861,C2041726898,C979608372,CASH_IN,624915.06,2026-01-16 19:32:24.0000000,Cash Deposit,Pune,0,1,Medium
59161,C1797037604,C1479959393,TRANSFER,4799183.50,2026-01-20 20:13:11.0000000,Wire Transfer,Hyderabad,0,1,Medium
59793,C1449125195,M258742177,PAYMENT,55475.63,2026-01-01 14:46:09.0000000,Online Payment,Kolkata,0,1,Medium
59901,C608511030,M116590820,PAYMENT,50698.76,2026-01-15 10:26:07.0000000,Online Payment,Mumbai,0,1,Medium
60085,C143306035,M1222822262,PAYMENT,57386.06,2026-01-13 15:56:47.0000000,Online Payment,Mumbai,0,1,Medium
60097,C110521611,M1410826259,PAYMENT,57433.17,2026-01-16 23:22:29.0000000,Online Payment,Kolkata,0,1,Medium
60210,C1822721426,M542849808,PAYMENT,68129.60,2026-01-10 12:04:05.0000000,Online Payment,Pune,0,1,Medium
60274,C598339084,M459415847,PAYMENT,58508.59,2026-01-14 15:00:14.0000000,Online Payment,Delhi,0,1,Medium
60400,C1423146946,M1649671098,PAYMENT,59988.38,2026-01-17 14:07:49.0000000,Online Payment,Delhi,0,1,Medium
60574,C873218369,C278565565,CASH_IN,778667.19,2026-01-06 16:15:34.0000000,Cash Deposit,Bangalore,0,1,Medium
60712,C1792855805,C2083351551,DEBIT,53303.09,2026-01-17 09:05:32.0000000,Retail Debit,Mumbai,0,1,Medium
60781,C2006954581,M1190006099,PAYMENT,66652.29,2026-01-17 11:01:11.0000000,Online Payment,Ahmedabad,0,1,Medium
60987,C808878339,M1061382153,PAYMENT,53622.16,2026-01-11 11:02:47.0000000,Online Payment,Hyderabad,0,1,Medium
60996,C1487662241,M1073093783,PAYMENT,56852.37,2026-01-23 16:20:12.0000000,Online Payment,Delhi,0,1,Medium
61037,C1986849073,M1571537468,PAYMENT,53965.85,2026-01-06 19:54:42.0000000,Online Payment,Chennai,0,1,Medium
61085,C178950506,M693643657,PAYMENT,90373.36,2026-01-13 00:37:28.0000000,Online Payment,Delhi,0,1,Medium
61112,C907662969,C1394751912,CASH_IN,768764.88,2026-01-14 19:04:10.0000000,Cash Deposit,Bangalore,0,1,Medium
61126,C1221325520,C2003561990,TRANSFER,7093738.50,2026-01-14 15:59:13.0000000,Wire Transfer,Pune,0,1,Medium
61242,C371069550,C1007163354,CASH_IN,866908.56,2026-01-12 11:33:27.0000000,Cash Deposit,Hyderabad,0,1,Medium
61289,C1366609060,M1383424240,PAYMENT,72464.25,2026-01-17 10:03:34.0000000,Online Payment,Hyderabad,0,1,Medium
61346,C1516609808,C398309906,CASH_IN,641994.75,2026-01-11 13:48:35.0000000,Cash Deposit,Chennai,0,1,Medium
61358,C983733782,M860746087,PAYMENT,64187.80,2026-01-17 09:38:54.0000000,Online Payment,Kolkata,0,1,Medium
61387,C664832098,C2116025742,CASH_IN,584722.81,2026-01-25 16:02:44.0000000,Wire Transfer,Kolkata,0,1,Medium
61388,C1909103423,M365121786,PAYMENT,51487.62,2026-01-15 14:32:41.0000000,Online Payment,Mumbai,0,1,Medium
61559,C2011074161,M1889715292,PAYMENT,51665.58,2026-01-15 11:50:17.0000000,Online Payment,Mumbai,0,1,Medium
61653,C977782837,C2103741998,CASH_IN,603789.75,2026-01-10 13:59:51.0000000,Cash Deposit,Ahmedabad,0,1,Medium
61761,C628213967,C462979715,CASH_IN,547234.94,2026-01-07 15:37:18.0000000,Cash Deposit,Kolkata,0,1,Medium
61770,C327634936,C1513626398,CASH_IN,551597.69,2026-01-06 16:11:23.0000000,Cash Deposit,Mumbai,0,1,Medium
61778,C1389465985,C871131231,TRANSFER,4367891.50,2026-01-11 20:11:41.0000000,Wire Transfer,Mumbai,0,1,Medium
61843,C2089325769,C915188982,TRANSFER,6099031.00,2026-01-17 19:10:55.0000000,Wire Transfer,Ahmedabad,0,1,Medium
61929,C1616152829,C442535261,CASH_IN,616742.38,2026-01-08 12:07:55.0000000,Cash Deposit,Mumbai,0,1,Medium
61990,C1486847673,M946410473,PAYMENT,60472.54,2026-01-11 12:06:26.0000000,Online Payment,Chennai,0,1,Medium
62087,C996103022,C1733900970,TRANSFER,4453688.50,2026-01-13 10:14:33.0000000,Wire Transfer,Hyderabad,0,1,Medium
62103,C1402891663,M104422709,PAYMENT,55487.18,2026-01-02 10:54:20.0000000,Online Payment,Kolkata,0,1,Medium
62134,C1979158821,C220688581,CASH_IN,712953.31,2026-01-25 12:25:57.0000000,Cash Deposit,Ahmedabad,0,1,Medium
62193,C681958222,C605171253,TRANSFER,5049557.00,2026-01-14 15:57:16.0000000,Wire Transfer,Kolkata,0,1,Medium
62340,C1652742094,M2018903758,PAYMENT,63992.01,2026-01-09 12:59:29.0000000,Online Payment,Pune,0,1,Medium
62465,C1618936396,M67608682,PAYMENT,73941.79,2026-01-15 11:38:18.0000000,Online Payment,Chennai,0,1,Medium
62592,C632605244,M1188470169,PAYMENT,72811.13,2026-01-11 12:58:38.0000000,Online Payment,Pune,0,1,Medium
62691,C1003304266,M1455553890,PAYMENT,83227.79,2026-01-10 12:02:50.0000000,Online Payment,Chennai,0,1,Medium
62974,C166477720,C27731564,TRANSFER,5204046.00,2026-01-13 14:34:50.0000000,Wire Transfer,Hyderabad,0,1,Medium
63139,C1517933260,M1453604285,PAYMENT,51023.45,2026-01-17 17:26:33.0000000,Online Payment,Bangalore,0,1,Medium
63238,C1082750977,C1088776920,CASH_IN,621202.94,2026-01-07 13:00:50.0000000,Cash Deposit,Chennai,0,1,Medium
63262,C378212412,M1819268284,PAYMENT,52198.44,2026-01-11 11:14:04.0000000,Online Payment,Bangalore,0,1,Medium
63272,C838588150,C505855829,TRANSFER,5356319.50,2026-01-17 17:05:42.0000000,Wire Transfer,Delhi,0,1,Medium
63286,C321338632,M838606503,PAYMENT,62391.65,2026-01-09 22:58:20.0000000,Online Payment,Chennai,0,1,Medium
63326,C1038141730,C609239789,CASH_IN,765075.19,2026-01-09 23:34:34.0000000,Cash Deposit,Hyderabad,0,1,Medium
63397,C1313442849,M682391931,PAYMENT,66801.71,2026-01-12 15:56:21.0000000,Online Payment,Hyderabad,0,1,Medium
63732,C764794813,M1107037465,PAYMENT,51896.11,2026-01-16 12:48:15.0000000,Online Payment,Chennai,0,1,Medium
63986,C1760051574,M1606778768,PAYMENT,57343.00,2026-01-15 14:23:57.0000000,Online Payment,Chennai,0,1,Medium
64468,C2124668909,M1127700424,PAYMENT,84279.27,2026-01-23 16:58:59.0000000,Online Payment,Hyderabad,0,1,Medium
64475,C1083860663,M1608225253,PAYMENT,82197.80,2026-01-17 21:54:32.0000000,Online Payment,Ahmedabad,0,1,Medium
64610,C617508350,M1785443928,PAYMENT,55353.89,2026-01-25 18:24:58.0000000,Online Payment,Hyderabad,0,1,Medium
64806,C1842307570,M1153228108,PAYMENT,63437.98,2026-01-10 12:27:18.0000000,Online Payment,Ahmedabad,0,1,Medium
65210,C1226301671,M1676279868,PAYMENT,53874.43,2026-01-15 11:45:07.0000000,Online Payment,Ahmedabad,0,1,Medium
65222,C2053741540,C779037911,CASH_IN,634158.06,2026-01-11 22:46:49.0000000,Cash Deposit,Ahmedabad,0,1,Medium
65485,C1226511344,C1142443872,TRANSFER,9161748.00,2026-01-13 19:17:58.0000000,Wire Transfer,Hyderabad,0,1,Medium
65488,C188442023,C1633962396,TRANSFER,4623098.00,2026-01-14 15:59:00.0000000,Wire Transfer,Bangalore,0,1,Medium
65613,C1448676778,C1680452602,TRANSFER,7111454.00,2026-01-16 16:06:35.0000000,Wire Transfer,Hyderabad,0,1,Medium
65803,C810929170,M1476785851,PAYMENT,81350.31,2026-01-27 13:03:26.0000000,Online Payment,Ahmedabad,0,1,Medium
65906,C1228275926,C1533279160,CASH_IN,666953.69,2026-01-06 11:32:18.0000000,Cash Deposit,Kolkata,0,1,Medium
65960,C1926808550,M850239509,PAYMENT,55545.46,2026-01-02 18:24:00.0000000,Online Payment,Kolkata,0,1,Medium
66049,C1340333804,M404350321,PAYMENT,86496.05,2026-01-17 21:21:59.0000000,Online Payment,Bangalore,0,1,Medium
66217,C1923663600,C2125499609,CASH_IN,552503.75,2026-01-10 18:18:12.0000000,Cash Deposit,Delhi,0,1,Medium
66303,C1649546446,M223801817,PAYMENT,51515.48,2026-01-12 18:26:15.0000000,Online Payment,Delhi,0,1,Medium
66392,C2141071990,C784103219,CASH_IN,575266.31,2026-01-17 13:57:30.0000000,Cash Deposit,Hyderabad,0,1,Medium
66444,C216816354,C614278988,CASH_IN,582239.31,2026-01-08 15:38:05.0000000,Wire Transfer,Chennai,0,1,Medium
66609,C836057751,C57361118,CASH_IN,579361.69,2026-01-06 11:55:22.0000000,Cash Deposit,Mumbai,0,1,Medium
66804,C855160115,M1671778467,PAYMENT,55848.29,2026-01-17 22:29:33.0000000,Online Payment,Bangalore,0,1,Medium
66829,C560206689,C1270601992,TRANSFER,5212975.00,2026-01-17 10:27:22.0000000,Wire Transfer,Delhi,0,1,Medium
66838,C1872252634,M900028988,PAYMENT,55305.82,2026-01-13 12:14:07.0000000,Online Payment,Chennai,0,1,Medium
66921,C907299583,C1561974083,CASH_IN,607811.19,2026-01-21 20:39:35.0000000,Cash Deposit,Hyderabad,0,1,Medium
66927,C1225929834,C825346514,CASH_IN,577658.44,2026-01-15 21:05:11.0000000,Cash Deposit,Ahmedabad,0,1,Medium
67059,C874817247,M902795812,PAYMENT,53194.33,2026-01-17 18:27:07.0000000,Online Payment,Kolkata,0,1,Medium
67204,C1267152613,C251428071,CASH_IN,768112.81,2026-01-07 11:21:27.0000000,Cash Deposit,Bangalore,0,1,Medium
67234,C399839115,M360922957,PAYMENT,60273.74,2026-01-14 13:27:13.0000000,Online Payment,Chennai,0,1,Medium
67295,C247929355,M541938685,PAYMENT,55270.54,2026-01-14 18:15:07.0000000,Online Payment,Bangalore,0,1,Medium
67298,C507363127,C32955386,CASH_IN,636309.63,2026-01-15 18:28:52.0000000,Cash Deposit,Bangalore,0,1,Medium
67461,C809974591,C1861902474,CASH_IN,574251.13,2026-01-12 15:44:29.0000000,Cash Deposit,Pune,0,1,Medium
67560,C1426486771,C1620068592,CASH_IN,570322.19,2026-01-02 13:53:52.0000000,Cash Deposit,Ahmedabad,0,1,Medium
67687,C1752621069,M1608265909,PAYMENT,90725.36,2026-01-06 12:34:17.0000000,Online Payment,Delhi,0,1,Medium
68040,C909300900,M1768128319,PAYMENT,59021.91,2026-01-14 13:05:18.0000000,Online Payment,Ahmedabad,0,1,Medium
68248,C820534008,M1950485363,PAYMENT,53653.46,2026-01-13 09:54:14.0000000,Online Payment,Pune,0,1,Medium
68397,C1056249861,M1429495563,PAYMENT,62836.40,2026-01-09 23:53:56.0000000,Online Payment,Mumbai,0,1,Medium
68410,C1440100038,M1498823334,PAYMENT,52967.12,2026-01-25 13:33:23.0000000,Online Payment,Kolkata,0,1,Medium
68434,C1462038537,C447454826,CASH_IN,767690.44,2026-01-10 15:23:42.0000000,Cash Deposit,Kolkata,0,1,Medium
68446,C1756168749,M811623925,PAYMENT,77362.77,2026-01-13 18:00:26.0000000,Online Payment,Mumbai,0,1,Medium
68602,C1552662405,M793407191,PAYMENT,52086.06,2026-01-10 09:28:53.0000000,Online Payment,Bangalore,0,1,Medium
68696,C1985510659,M303441208,PAYMENT,55053.94,2026-01-06 18:36:30.0000000,Online Payment,Hyderabad,0,1,Medium
68744,C1537544692,C1527587558,CASH_IN,548414.44,2026-01-08 09:50:44.0000000,Cash Deposit,Mumbai,0,1,Medium
69100,C1462339144,M57519267,PAYMENT,65594.07,2026-01-10 18:22:49.0000000,Online Payment,Mumbai,0,1,Medium
69172,C1712372415,M1616486363,PAYMENT,58805.56,2026-01-14 15:23:36.0000000,Online Payment,Hyderabad,0,1,Medium
69205,C275591413,M1665769541,PAYMENT,52384.82,2026-01-15 11:23:45.0000000,Online Payment,Ahmedabad,0,1,Medium
69440,C740233552,M1434019252,PAYMENT,51292.07,2026-01-14 20:48:57.0000000,Online Payment,Mumbai,0,1,Medium
69538,C1645200877,M2030927073,PAYMENT,79341.95,2026-01-11 10:36:51.0000000,Online Payment,Chennai,0,1,Medium
69543,C87122468,M1867225459,PAYMENT,51029.29,2026-01-13 15:52:50.0000000,Online Payment,Kolkata,0,1,Medium
69627,C1087641189,M1022793910,PAYMENT,59288.86,2026-01-13 13:13:06.0000000,Online Payment,Mumbai,0,1,Medium
69947,C1344441170,M1118653733,PAYMENT,109790.97,2026-01-17 14:16:46.0000000,Online Payment,Pune,0,1,Medium
69955,C2134575445,M1932054398,PAYMENT,78183.99,2026-01-15 13:06:26.0000000,Online Payment,Bangalore,0,1,Medium
70027,C967533020,C1535343836,CASH_IN,560184.13,2026-01-07 16:09:58.0000000,Cash Deposit,Pune,0,1,Medium
70048,C604198142,M1674196559,PAYMENT,60429.27,2026-01-10 17:12:17.0000000,Online Payment,Mumbai,0,1,Medium
70108,C899594555,M615940820,PAYMENT,52979.55,2026-01-14 17:50:51.0000000,Online Payment,Hyderabad,0,1,Medium
70127,C1792196169,C105002686,CASH_IN,1195787.75,2026-01-07 17:07:31.0000000,Wire Transfer,Delhi,0,1,Medium
70205,C1718960073,M1366017868,PAYMENT,58182.80,2026-01-03 00:05:47.0000000,Online Payment,Hyderabad,0,1,Medium
70245,C1705806935,C1614207444,TRANSFER,4601081.50,2026-01-14 15:38:38.0000000,Wire Transfer,Kolkata,0,1,Medium
70267,C172853268,M526864927,PAYMENT,88335.77,2026-01-12 19:18:01.0000000,Online Payment,Delhi,0,1,Medium
70275,C622545146,M993123220,PAYMENT,53966.45,2026-01-17 12:33:30.0000000,Online Payment,Kolkata,0,1,Medium
70311,C222949427,M504535397,PAYMENT,67001.76,2026-01-11 11:54:09.0000000,Online Payment,Bangalore,0,1,Medium
70449,C1698468707,C759866656,TRANSFER,6060781.50,2026-01-15 14:46:22.0000000,Wire Transfer,Bangalore,0,1,Medium
70615,C489099303,C1183965190,CASH_IN,554738.38,2026-01-07 16:27:58.0000000,Wire Transfer,Pune,0,1,Medium
70660,C452385846,M2003119559,PAYMENT,50723.49,2026-01-10 11:18:20.0000000,Online Payment,Ahmedabad,0,1,Medium
70867,C1409607782,M54286847,PAYMENT,63009.79,2026-01-17 09:18:02.0000000,Online Payment,Pune,0,1,Medium
71087,C74913518,M1423518391,PAYMENT,54317.98,2026-01-14 19:17:43.0000000,Online Payment,Mumbai,0,1,Medium
71217,C1913436149,C897246455,TRANSFER,4448335.50,2026-01-16 10:10:46.0000000,Wire Transfer,Bangalore,0,1,Medium
71320,C89914286,M2069628234,PAYMENT,55991.70,2026-01-11 11:34:49.0000000,Online Payment,Kolkata,0,1,Medium
71367,C1541470270,C1371905497,CASH_IN,700608.88,2026-01-01 14:55:18.0000000,Wire Transfer,Delhi,0,1,Medium
71483,C278151115,M1812999845,PAYMENT,53405.12,2026-01-09 23:25:22.0000000,Online Payment,Kolkata,0,1,Medium
71528,C1177259797,M763196287,PAYMENT,71535.67,2026-01-11 10:35:16.0000000,Online Payment,Pune,0,1,Medium
71567,C1635000121,M1575622034,PAYMENT,66239.96,2026-01-10 10:43:18.0000000,Online Payment,Pune,0,1,Medium
71622,C1992537196,M997799282,PAYMENT,89641.21,2026-01-02 22:39:56.0000000,Online Payment,Bangalore,0,1,Medium
71647,C1591443790,M33521850,PAYMENT,93209.26,2026-01-10 16:19:54.0000000,Online Payment,Chennai,0,1,Medium
71732,C1432978036,M1223230149,PAYMENT,68316.21,2026-01-10 12:30:48.0000000,Online Payment,Hyderabad,0,1,Medium
71782,C1895961034,M445488067,PAYMENT,54527.49,2026-01-10 17:48:14.0000000,Online Payment,Pune,0,1,Medium
71798,C1916928449,C3418598,TRANSFER,4310670.00,2026-01-14 16:01:13.0000000,Wire Transfer,Mumbai,0,1,Medium
72064,C907888501,C1741543247,TRANSFER,5231898.00,2026-01-16 20:06:53.0000000,Wire Transfer,Ahmedabad,0,1,Medium
72346,C1392941514,M1614385523,PAYMENT,60733.30,2026-01-17 10:21:17.0000000,Online Payment,Chennai,0,1,Medium
72434,C1620414740,C1591929503,TRANSFER,4438792.50,2026-01-13 17:04:55.0000000,Wire Transfer,Pune,0,1,Medium
72767,C1982725543,M1748525039,PAYMENT,53463.91,2026-01-08 13:35:00.0000000,Online Payment,Hyderabad,0,1,Medium
72826,C510420117,M863575714,PAYMENT,53964.07,2026-01-06 14:19:30.0000000,Online Payment,Delhi,0,1,Medium
72866,C1029142905,M1122625573,PAYMENT,92330.49,2026-01-06 10:38:53.0000000,Online Payment,Bangalore,0,1,Medium
73008,C213186151,C1768985417,CASH_IN,550938.06,2026-01-08 13:11:48.0000000,Cash Deposit,Delhi,0,1,Medium
73082,C13747783,M1352601543,PAYMENT,68074.99,2026-01-06 10:53:29.0000000,Online Payment,Mumbai,0,1,Medium
73087,C1674335911,C1619428435,TRANSFER,5585110.00,2026-01-15 09:42:31.0000000,Wire Transfer,Pune,0,1,Medium
73088,C1953247415,M1435725133,PAYMENT,53494.15,2026-01-13 10:40:32.0000000,Online Payment,Chennai,0,1,Medium
73137,C342469905,C1177736855,CASH_IN,546797.25,2026-01-01 11:57:03.0000000,Cash Deposit,Mumbai,0,1,Medium
73203,C327873663,C1639933778,CASH_IN,643138.44,2026-01-10 15:03:09.0000000,Cash Deposit,Kolkata,0,1,Medium
73401,C934700712,M1772623879,PAYMENT,56781.01,2026-01-12 18:28:47.0000000,Online Payment,Mumbai,0,1,Medium
73608,C89960542,M1986978467,PAYMENT,60433.71,2026-01-15 13:26:20.0000000,Online Payment,Kolkata,0,1,Medium
73749,C1965950744,C307745097,CASH_IN,606434.06,2026-01-06 13:19:37.0000000,Cash Deposit,Bangalore,0,1,Medium
73793,C802789952,M250676197,PAYMENT,54257.67,2026-01-22 18:04:06.0000000,Online Payment,Delhi,0,1,Medium
73834,C371641212,C893841587,CASH_IN,713547.38,2026-01-06 16:41:04.0000000,Cash Deposit,Delhi,0,1,Medium
74126,C34424621,M1946251261,PAYMENT,82289.95,2026-01-16 20:44:54.0000000,Online Payment,Kolkata,0,1,Medium
74164,C1435502440,M1692271895,PAYMENT,60711.52,2026-01-16 17:59:04.0000000,Online Payment,Kolkata,0,1,Medium
74454,C1650828178,C1037496579,CASH_IN,725058.69,2026-01-29 11:46:49.0000000,Cash Deposit,Chennai,0,1,Medium
74709,C163629646,M576522629,PAYMENT,52626.73,2026-01-06 10:52:11.0000000,Online Payment,Delhi,0,1,Medium
74729,C650697827,M848858966,PAYMENT,81159.65,2026-01-13 00:41:52.0000000,Online Payment,Bangalore,0,1,Medium
74834,C1057591029,C2100381698,CASH_IN,578695.31,2026-01-10 10:59:25.0000000,Cash Deposit,Kolkata,0,1,Medium
74865,C665277295,M561208993,PAYMENT,57269.44,2026-01-16 22:42:34.0000000,Online Payment,Pune,0,1,Medium
74869,C78113916,M1996150764,PAYMENT,69638.65,2026-01-15 10:54:15.0000000,Online Payment,Delhi,0,1,Medium
75022,C1353904493,M164428790,PAYMENT,123558.33,2026-01-17 15:54:27.0000000,Online Payment,Kolkata,0,1,Medium
75134,C98862126,M1963685736,PAYMENT,58721.44,2026-01-08 13:10:01.0000000,Online Payment,Delhi,0,1,Medium
75183,C314292743,M1688797089,PAYMENT,60304.20,2026-01-14 12:56:18.0000000,Online Payment,Pune,0,1,Medium
75228,C26904344,M1031537672,PAYMENT,59040.32,2026-01-13 16:34:25.0000000,Online Payment,Mumbai,0,1,Medium
75508,C595672371,M1570789987,PAYMENT,66433.04,2026-01-14 11:42:19.0000000,Online Payment,Bangalore,0,1,Medium
75526,C1602713906,M210621690,PAYMENT,100544.45,2026-01-10 18:03:39.0000000,Online Payment,Ahmedabad,0,1,Medium
75583,C767053091,M934803282,PAYMENT,53776.34,2026-01-13 17:48:44.0000000,Online Payment,Hyderabad,0,1,Medium
75605,C717314472,C1526401615,CASH_IN,685634.19,2026-01-01 09:49:52.0000000,Wire Transfer,Hyderabad,0,1,Medium
75660,C928687339,C1183170457,CASH_IN,1041399.63,2026-01-09 16:51:06.0000000,Cash Deposit,Hyderabad,0,1,Medium
75793,C1631433496,M1793601648,PAYMENT,56219.43,2026-01-12 15:50:46.0000000,Online Payment,Hyderabad,0,1,Medium
75964,C1225213119,C1039375562,TRANSFER,7623603.50,2026-01-28 19:18:57.0000000,Wire Transfer,Bangalore,0,1,Medium
75976,C166003492,C1810024103,CASH_IN,601606.38,2026-01-06 12:34:22.0000000,Wire Transfer,Chennai,0,1,Medium
76024,C413386113,M164012748,PAYMENT,78072.71,2026-01-12 22:23:03.0000000,Online Payment,Delhi,0,1,Medium
76035,C1012885799,M393011957,PAYMENT,55178.78,2026-01-12 18:49:38.0000000,Online Payment,Pune,0,1,Medium
76118,C378364334,M880659502,PAYMENT,56725.12,2026-01-14 09:35:06.0000000,Online Payment,Kolkata,0,1,Medium
76123,C1858713445,M1168799522,PAYMENT,85248.05,2026-01-10 23:15:55.0000000,Online Payment,Bangalore,0,1,Medium
76213,C1853864138,M542665922,PAYMENT,51676.31,2026-01-13 10:24:58.0000000,Online Payment,Pune,0,1,Medium
76312,C1548649626,M2009259700,PAYMENT,71115.66,2026-01-08 11:12:03.0000000,Online Payment,Ahmedabad,0,1,Medium
76320,C78920763,M986622772,PAYMENT,57004.98,2026-01-10 12:32:50.0000000,Online Payment,Ahmedabad,0,1,Medium
76424,C983653636,M1107509430,PAYMENT,52027.21,2026-01-01 13:05:24.0000000,Online Payment,Ahmedabad,0,1,Medium
76613,C757370851,M111809273,PAYMENT,63957.52,2026-01-10 09:33:32.0000000,Online Payment,Kolkata,0,1,Medium
77089,C543761858,M433947295,PAYMENT,52077.03,2026-01-17 16:52:52.0000000,Online Payment,Bangalore,0,1,Medium
77113,C1533937065,M38021424,PAYMENT,55351.43,2026-01-17 11:18:15.0000000,Online Payment,Pune,0,1,Medium
77172,C1182888826,M1777686434,PAYMENT,53458.97,2026-01-13 13:46:35.0000000,Online Payment,Kolkata,0,1,Medium
77236,C521492339,M1572251127,PAYMENT,54270.32,2026-01-13 09:19:13.0000000,Online Payment,Delhi,0,1,Medium
77369,C975295662,C2021579766,CASH_IN,799092.50,2026-01-06 12:31:06.0000000,Cash Deposit,Hyderabad,0,1,Medium
77460,C319504344,M1256232524,PAYMENT,55196.65,2026-01-09 20:12:59.0000000,Online Payment,Hyderabad,0,1,Medium
77500,C198462069,M1172451425,PAYMENT,67932.20,2026-01-12 12:14:41.0000000,Online Payment,Ahmedabad,0,1,Medium
77579,C1462037809,M563528031,PAYMENT,62142.53,2026-01-13 11:38:13.0000000,Online Payment,Bangalore,0,1,Medium
77590,C927311410,C720179024,TRANSFER,5680183.00,2026-01-16 21:50:26.0000000,Wire Transfer,Hyderabad,0,1,Medium
77661,C1602307594,M567651687,PAYMENT,64023.03,2026-01-09 01:18:32.0000000,Online Payment,Pune,0,1,Medium
77742,C881017571,M417117912,PAYMENT,54988.14,2026-01-08 13:58:31.0000000,Online Payment,Kolkata,0,1,Medium
77897,C144479203,M718564877,PAYMENT,54101.93,2026-01-09 17:13:02.0000000,Online Payment,Delhi,0,1,Medium
77917,C622010656,C1582643383,TRANSFER,4488608.00,2026-01-15 17:02:20.0000000,Wire Transfer,Delhi,0,1,Medium
78045,C1059426083,M2146292322,PAYMENT,56963.52,2026-01-17 10:54:40.0000000,Online Payment,Bangalore,0,1,Medium
78185,C2097046611,C1380798370,CASH_IN,704558.56,2026-01-16 14:33:09.0000000,Cash Deposit,Kolkata,0,1,Medium
78191,C1445669695,C1836071418,DEBIT,48301.10,2026-01-07 16:30:46.0000000,Retail Debit,Ahmedabad,0,1,Medium
78225,C1395411785,M1179921359,PAYMENT,55620.64,2026-01-12 15:01:40.0000000,Online Payment,Hyderabad,0,1,Medium
78307,C1433581733,C1808992246,TRANSFER,7356500.00,2026-01-13 17:54:19.0000000,Wire Transfer,Kolkata,0,1,Medium
78315,C61774563,M925745008,PAYMENT,55756.47,2026-01-06 11:40:55.0000000,Online Payment,Delhi,0,1,Medium
78346,C724775788,M1352591564,PAYMENT,65361.94,2026-01-06 12:05:16.0000000,Online Payment,Chennai,0,1,Medium
78356,C1815210690,M42596504,PAYMENT,52026.30,2026-01-14 22:48:33.0000000,Online Payment,Bangalore,0,1,Medium
78361,C252107923,C1629655628,CASH_IN,593030.38,2026-01-23 17:57:31.0000000,Cash Deposit,Delhi,0,1,Medium
78363,C855698828,M905590253,PAYMENT,53462.92,2026-01-10 11:48:19.0000000,Online Payment,Mumbai,0,1,Medium
78376,C1649241089,M508923840,PAYMENT,53322.46,2026-01-17 17:50:08.0000000,Online Payment,Mumbai,0,1,Medium
78540,C221495953,C647923570,CASH_IN,559215.56,2026-01-06 15:37:01.0000000,Cash Deposit,Hyderabad,0,1,Medium
78948,C1448003705,C457549254,TRANSFER,4796653.00,2026-01-16 11:03:23.0000000,Wire Transfer,Mumbai,0,1,Medium
79017,C296962201,M1726761853,PAYMENT,65506.56,2026-01-17 12:52:15.0000000,Online Payment,Mumbai,0,1,Medium
79028,C1112519926,M619129268,PAYMENT,61546.93,2026-01-10 12:15:09.0000000,Online Payment,Ahmedabad,0,1,Medium
79248,C1474349284,C2005203452,CASH_IN,731840.75,2026-01-11 17:32:15.0000000,Cash Deposit,Hyderabad,0,1,Medium
79263,C1916091130,M1345309266,PAYMENT,53470.95,2026-01-16 14:25:24.0000000,Online Payment,Hyderabad,0,1,Medium
79275,C396729344,M1023161462,PAYMENT,56811.58,2026-01-23 20:45:37.0000000,Online Payment,Mumbai,0,1,Medium
79349,C611157481,M411671497,PAYMENT,52563.44,2026-01-16 11:51:08.0000000,Online Payment,Bangalore,0,1,Medium
79419,C1504992547,C1085523594,CASH_IN,573419.13,2026-01-08 12:57:36.0000000,Wire Transfer,Bangalore,0,1,Medium
79546,C567648487,M227269135,PAYMENT,103497.57,2026-01-17 13:59:43.0000000,Online Payment,Mumbai,0,1,Medium
79548,C366697959,M685426556,PAYMENT,82134.58,2026-01-13 10:30:58.0000000,Online Payment,Bangalore,0,1,Medium
79682,C179541431,C1903355723,TRANSFER,4475890.00,2026-01-16 15:57:18.0000000,Wire Transfer,Mumbai,0,1,Medium
79715,C1398637722,M593428415,PAYMENT,55395.46,2026-01-10 17:57:23.0000000,Online Payment,Delhi,0,1,Medium
79955,C1128241588,M456222956,PAYMENT,67236.18,2026-01-15 12:50:56.0000000,Online Payment,Hyderabad,0,1,Medium
80084,C890128330,C1192472312,TRANSFER,6419835.50,2026-01-01 10:37:54.0000000,Wire Transfer,Chennai,0,1,Medium
80087,C1436403817,M1221825810,PAYMENT,51116.53,2026-01-08 16:12:54.0000000,Online Payment,Hyderabad,0,1,Medium
80168,C2083984676,M499523948,PAYMENT,50715.18,2026-01-10 16:36:14.0000000,Online Payment,Delhi,0,1,Medium
80201,C1944776244,M1856658498,PAYMENT,54644.04,2026-01-11 11:55:16.0000000,Online Payment,Hyderabad,0,1,Medium
80240,C1979676083,C1054458136,CASH_IN,610627.94,2026-01-15 11:23:09.0000000,Cash Deposit,Bangalore,0,1,Medium
80325,C45794321,C764212191,TRANSFER,5674530.00,2026-01-14 19:28:24.0000000,Wire Transfer,Kolkata,0,1,Medium
80365,C1958666327,M1931983333,PAYMENT,63630.56,2026-01-14 10:11:01.0000000,Online Payment,Mumbai,0,1,Medium
80478,C924433687,M1908278223,PAYMENT,99203.65,2026-01-09 12:40:53.0000000,Online Payment,Hyderabad,0,1,Medium
80503,C548515770,M583803320,PAYMENT,71102.34,2026-01-11 10:04:52.0000000,Online Payment,Chennai,0,1,Medium
80608,C906965515,M1815424557,PAYMENT,64632.25,2026-01-10 09:05:49.0000000,Online Payment,Hyderabad,0,1,Medium
80805,C870757862,M101148798,PAYMENT,50695.59,2026-01-13 17:12:20.0000000,Online Payment,Pune,0,1,Medium
80944,C550650937,C812336636,TRANSFER,6611388.00,2026-01-14 15:06:21.0000000,Wire Transfer,Pune,0,1,Medium
81047,C1946722272,M1493286531,PAYMENT,80696.11,2026-01-15 11:46:04.0000000,Online Payment,Delhi,0,1,Medium
81268,C403113986,C74148814,CASH_IN,645851.56,2026-01-02 18:26:36.0000000,Cash Deposit,Pune,0,1,Medium
81271,C1811736323,C2100550508,TRANSFER,6229961.50,2026-01-14 00:41:16.0000000,Wire Transfer,Hyderabad,0,1,Medium
81304,C343475799,M902524008,PAYMENT,83290.67,2026-01-21 12:10:05.0000000,Online Payment,Mumbai,0,1,Medium
81313,C427379226,C2005143414,CASH_IN,562067.56,2026-01-07 21:29:01.0000000,Cash Deposit,Delhi,0,1,Medium
81329,C1320604165,M1639762830,PAYMENT,91979.66,2026-01-18 11:31:53.0000000,Online Payment,Pune,0,1,Medium
81515,C2098537230,M108273263,PAYMENT,54834.22,2026-01-16 13:58:39.0000000,Online Payment,Chennai,0,1,Medium
81663,C1594831579,M943198854,PAYMENT,59150.89,2026-01-10 09:53:19.0000000,Online Payment,Chennai,0,1,Medium
81698,C978245186,M472473106,PAYMENT,51248.27,2026-01-17 11:00:48.0000000,Online Payment,Delhi,0,1,Medium
81859,C1823194729,C1786222803,TRANSFER,7753622.50,2026-01-13 17:18:46.0000000,Wire Transfer,Hyderabad,0,1,Medium
81959,C1511010114,M2114757888,PAYMENT,64674.32,2026-01-06 17:30:01.0000000,Online Payment,Mumbai,0,1,Medium
82044,C744178491,M812589874,PAYMENT,53950.24,2026-01-13 21:18:58.0000000,Online Payment,Bangalore,0,1,Medium
82109,C1794870247,C2047963494,CASH_IN,568609.94,2026-01-16 10:27:39.0000000,Cash Deposit,Bangalore,0,1,Medium
82149,C2108443629,M1872253113,PAYMENT,56561.20,2026-01-10 23:15:58.0000000,Online Payment,Bangalore,0,1,Medium
82311,C148907484,C46223042,CASH_IN,661559.25,2026-01-13 10:48:29.0000000,Cash Deposit,Hyderabad,0,1,Medium
82348,C1378022543,C609601604,TRANSFER,5151359.00,2026-01-12 22:44:08.0000000,Wire Transfer,Mumbai,0,1,Medium
82407,C1780589959,C1120986104,TRANSFER,5687674.00,2026-01-17 10:39:28.0000000,Wire Transfer,Mumbai,0,1,Medium
82413,C1923251685,M477196868,PAYMENT,95779.63,2026-01-13 09:00:27.0000000,Online Payment,Hyderabad,0,1,Medium
82579,C1003974051,C1631535256,CASH_IN,994116.19,2026-01-01 12:54:20.0000000,Wire Transfer,Pune,0,1,Medium
82665,C2024270619,C1220744896,CASH_IN,554285.50,2026-01-22 18:16:54.0000000,Cash Deposit,Chennai,0,1,Medium
82774,C1248798499,C911473506,TRANSFER,4983299.00,2026-01-15 17:35:30.0000000,Wire Transfer,Pune,0,1,Medium
83162,C811458506,M1156235507,PAYMENT,55204.87,2026-01-16 23:30:09.0000000,Online Payment,Ahmedabad,0,1,Medium
83208,C1016735415,C678924182,TRANSFER,4783070.00,2026-01-16 16:11:17.0000000,Wire Transfer,Mumbai,0,1,Medium
83361,C1437982129,M2063657614,PAYMENT,58389.88,2026-01-14 11:37:33.0000000,Online Payment,Mumbai,0,1,Medium
83586,C1130054973,C1192784979,CASH_IN,585974.13,2026-01-08 11:38:38.0000000,Cash Deposit,Chennai,0,1,Medium
83686,C1254998886,M1052717690,PAYMENT,58154.58,2026-01-10 17:58:09.0000000,Online Payment,Ahmedabad,0,1,Medium
83773,C1950680811,C2038831603,TRANSFER,6203242.50,2026-01-16 16:17:10.0000000,Wire Transfer,Ahmedabad,0,1,Medium
83783,C456881367,M1335216611,PAYMENT,56306.40,2026-01-14 15:42:29.0000000,Online Payment,Chennai,0,1,Medium
83828,C1182433342,C1884845089,CASH_IN,574878.25,2026-01-05 23:23:46.0000000,Cash Deposit,Delhi,0,1,Medium
83967,C637636945,M1738845183,PAYMENT,62852.71,2026-01-10 09:35:40.0000000,Online Payment,Mumbai,0,1,Medium
83974,C1869458310,M707208481,PAYMENT,52717.46,2026-01-14 13:06:42.0000000,Online Payment,Ahmedabad,0,1,Medium
84026,C1886239552,M2058783076,PAYMENT,74301.70,2026-01-13 13:06:56.0000000,Online Payment,Ahmedabad,0,1,Medium
84035,C2030524611,C1715150801,CASH_IN,882312.81,2026-01-09 15:16:46.0000000,Cash Deposit,Delhi,0,1,Medium
84080,C560817980,M1827416748,PAYMENT,50736.39,2026-01-17 16:55:52.0000000,Online Payment,Ahmedabad,0,1,Medium
84200,C465734433,M191985843,PAYMENT,52404.52,2026-01-12 20:03:42.0000000,Online Payment,Pune,0,1,Medium
84599,C334684856,M1706010262,PAYMENT,53885.58,2026-01-11 13:26:59.0000000,Online Payment,Delhi,0,1,Medium
84728,C1529158351,M2030718580,PAYMENT,55615.59,2026-01-11 13:36:01.0000000,Online Payment,Delhi,0,1,Medium
84803,C719156046,M860617277,PAYMENT,91618.56,2026-01-17 17:47:42.0000000,Online Payment,Hyderabad,0,1,Medium
84826,C523443439,C1966420191,CASH_IN,558189.75,2026-01-09 20:35:37.0000000,Cash Deposit,Chennai,0,1,Medium
85143,C1778385971,C248607407,TRANSFER,5828538.00,2026-01-16 16:57:51.0000000,Wire Transfer,Delhi,0,1,Medium
85200,C1988747097,C1473367932,TRANSFER,5920659.00,2026-01-13 11:08:33.0000000,Wire Transfer,Pune,0,1,Medium
85210,C1147790364,M1005369476,PAYMENT,55089.69,2026-01-16 15:21:53.0000000,Online Payment,Delhi,0,1,Medium
85420,C1926561504,M61525424,PAYMENT,58889.92,2026-01-13 12:11:51.0000000,Online Payment,Chennai,0,1,Medium
85461,C1900356250,M1495400012,PAYMENT,55836.50,2026-01-13 11:48:10.0000000,Online Payment,Pune,0,1,Medium
85602,C1504581235,M518080432,PAYMENT,106007.06,2026-01-21 12:45:55.0000000,Online Payment,Ahmedabad,0,1,Medium
85692,C1478067012,M1539522884,PAYMENT,89361.05,2026-01-10 11:22:21.0000000,Online Payment,Kolkata,0,1,Medium
85857,C1264545852,M511424276,PAYMENT,60039.18,2026-01-09 12:04:34.0000000,Online Payment,Kolkata,0,1,Medium
85880,C290153567,C1820020277,DEBIT,134706.38,2026-01-17 09:31:12.0000000,Retail Debit,Pune,0,1,Medium
85978,C549198946,C934752135,TRANSFER,7800264.00,2026-01-14 12:13:58.0000000,Wire Transfer,Chennai,0,1,Medium
85995,C681992465,M1426640710,PAYMENT,60815.90,2026-01-17 12:02:06.0000000,Online Payment,Delhi,0,1,Medium
86080,C785314336,M53528936,PAYMENT,62378.95,2026-01-14 16:17:08.0000000,Online Payment,Hyderabad,0,1,Medium
86128,C2022889503,C566698125,TRANSFER,8978237.00,2026-01-13 13:05:38.0000000,Wire Transfer,Mumbai,0,1,Medium
86336,C560407570,M671265776,PAYMENT,63381.69,2026-01-09 15:42:37.0000000,Online Payment,Delhi,0,1,Medium
86490,C630066631,C593797236,CASH_IN,671813.19,2026-01-16 20:49:14.0000000,Cash Deposit,Hyderabad,0,1,Medium
86578,C432734256,M1407298349,PAYMENT,55335.08,2026-01-14 11:25:28.0000000,Online Payment,Hyderabad,0,1,Medium
86599,C379675804,M797239610,PAYMENT,98131.82,2026-01-21 12:27:01.0000000,Online Payment,Kolkata,0,1,Medium
86623,C1117659706,C589752084,TRANSFER,4814475.00,2026-01-17 10:18:35.0000000,Wire Transfer,Kolkata,0,1,Medium
86801,C357692038,M1545382349,PAYMENT,51565.30,2026-01-01 17:21:00.0000000,Online Payment,Delhi,0,1,Medium
86937,C403502152,C1440741326,CASH_IN,609743.50,2026-01-15 12:59:42.0000000,Cash Deposit,Delhi,0,1,Medium
86945,C444434163,M185060402,PAYMENT,84486.28,2026-01-23 16:05:23.0000000,Online Payment,Chennai,0,1,Medium
87023,C1591399675,M545515146,PAYMENT,57180.80,2026-01-13 17:30:43.0000000,Online Payment,Mumbai,0,1,Medium
87118,C2088239853,C638038297,CASH_IN,607326.81,2026-01-11 11:05:15.0000000,Cash Deposit,Delhi,0,1,Medium
87225,C627112714,M1157906706,PAYMENT,62242.39,2026-01-14 16:00:09.0000000,Online Payment,Mumbai,0,1,Medium
87280,C170083845,C498072245,CASH_IN,839894.88,2026-01-02 12:23:11.0000000,Cash Deposit,Ahmedabad,0,1,Medium
87369,C1397634357,C551574775,TRANSFER,9885877.00,2026-01-13 16:57:48.0000000,Wire Transfer,Ahmedabad,0,1,Medium
87383,C41736545,M1016222094,PAYMENT,52933.28,2026-01-10 15:20:48.0000000,Online Payment,Mumbai,0,1,Medium
87576,C843455195,M1693876055,PAYMENT,57440.01,2026-01-10 12:43:09.0000000,Online Payment,Kolkata,0,1,Medium
87765,C936423067,M1725528127,PAYMENT,57189.99,2026-01-17 22:34:57.0000000,Online Payment,Hyderabad,0,1,Medium
87897,C1769361894,C183582904,TRANSFER,5097780.50,2026-01-17 18:08:52.0000000,Wire Transfer,Ahmedabad,0,1,Medium
88066,C1308695013,M964229314,PAYMENT,73405.58,2026-01-11 19:03:42.0000000,Online Payment,Chennai,0,1,Medium
88070,C1917809145,M509903399,PAYMENT,61269.35,2026-01-15 13:26:45.0000000,Online Payment,Hyderabad,0,1,Medium
88094,C477464263,M915718921,PAYMENT,74233.34,2026-01-09 13:51:54.0000000,Online Payment,Bangalore,0,1,Medium
88107,C337948976,C930836128,CASH_IN,583491.50,2026-01-16 12:32:38.0000000,Cash Deposit,Ahmedabad,0,1,Medium
88121,C1712431658,C145799676,CASH_IN,619650.06,2026-01-13 11:35:47.0000000,Cash Deposit,Chennai,0,1,Medium
88216,C1054643738,M352773185,PAYMENT,63759.95,2026-01-13 09:45:58.0000000,Online Payment,Delhi,0,1,Medium
88240,C199168713,M776958968,PAYMENT,50950.66,2026-01-14 22:42:23.0000000,Online Payment,Ahmedabad,0,1,Medium
88305,C2138533972,M825501540,PAYMENT,99925.93,2026-01-09 10:38:24.0000000,Online Payment,Kolkata,0,1,Medium
88439,C1848153934,M1443623074,PAYMENT,63074.32,2026-01-01 13:49:55.0000000,Online Payment,Kolkata,0,1,Medium
88479,C1267894552,M2083414061,PAYMENT,54682.78,2026-01-13 16:05:32.0000000,Online Payment,Ahmedabad,0,1,Medium
88521,C1437011078,M1575427766,PAYMENT,68927.44,2026-01-13 15:15:13.0000000,Online Payment,Hyderabad,0,1,Medium
88535,C1589031753,M1551204371,PAYMENT,68806.41,2026-01-13 12:44:23.0000000,Online Payment,Mumbai,0,1,Medium
88700,C323609942,C957705094,TRANSFER,8182142.50,2026-01-13 16:34:29.0000000,Wire Transfer,Kolkata,0,1,Medium
88712,C1554109674,C1469648002,CASH_IN,600555.31,2026-01-07 11:06:39.0000000,Cash Deposit,Hyderabad,0,1,Medium
88780,C1219582675,M1809576012,PAYMENT,67956.52,2026-01-12 17:54:08.0000000,Online Payment,Bangalore,0,1,Medium
88822,C1549243498,C919860883,CASH_IN,589117.69,2026-01-11 14:02:44.0000000,Cash Deposit,Kolkata,0,1,Medium
89100,C2056371908,M1413636979,PAYMENT,61354.36,2026-01-17 10:44:47.0000000,Online Payment,Hyderabad,0,1,Medium
89113,C166800514,M29130594,PAYMENT,51034.90,2026-01-14 12:34:10.0000000,Online Payment,Pune,0,1,Medium
89162,C1982379933,C924237476,CASH_IN,597420.75,2026-01-01 09:48:14.0000000,Cash Deposit,Delhi,0,1,Medium
89359,C479448400,M1064278788,PAYMENT,63320.57,2026-01-11 11:07:09.0000000,Online Payment,Mumbai,0,1,Medium
89426,C1073780907,M1321892688,PAYMENT,70408.16,2026-01-14 10:34:51.0000000,Online Payment,Mumbai,0,1,Medium
89477,C1299118203,M1371195144,PAYMENT,51503.94,2026-01-08 13:06:34.0000000,Online Payment,Chennai,0,1,Medium
89518,C1118676615,C1089735776,CASH_IN,648071.63,2026-01-07 16:13:01.0000000,Cash Deposit,Bangalore,0,1,Medium
89525,C278915120,M548099550,PAYMENT,58699.61,2026-01-15 20:47:31.0000000,Online Payment,Ahmedabad,0,1,Medium
89596,C918348305,C633484742,CASH_IN,548009.69,2026-01-09 13:19:15.0000000,Cash Deposit,Chennai,0,1,Medium
89601,C1955303664,C547532271,CASH_IN,550268.75,2026-01-08 10:05:41.0000000,Cash Deposit,Ahmedabad,0,1,Medium
89688,C1067902428,C2129529014,TRANSFER,6216773.50,2026-01-10 10:29:46.0000000,Wire Transfer,Hyderabad,0,1,Medium
89757,C2127905216,C172396272,CASH_IN,576854.81,2026-01-01 13:36:25.0000000,Cash Deposit,Delhi,0,1,Medium
89842,C1845266223,C1474848588,TRANSFER,5440887.50,2026-01-15 22:24:07.0000000,Wire Transfer,Hyderabad,0,1,Medium
89951,C1552518167,M1573570985,PAYMENT,67778.15,2026-01-22 13:00:51.0000000,Online Payment,Kolkata,0,1,Medium
90135,C1694825103,C189261387,CASH_IN,626431.81,2026-01-16 11:14:42.0000000,Cash Deposit,Chennai,0,1,Medium
90167,C1333191638,M894703597,PAYMENT,58070.92,2026-01-16 14:56:16.0000000,Online Payment,Ahmedabad,0,1,Medium
90226,C1624092208,M2023687978,PAYMENT,50961.76,2026-01-13 14:01:03.0000000,Online Payment,Bangalore,0,1,Medium
90326,C977503519,M561072213,PAYMENT,60886.46,2026-01-17 16:30:10.0000000,Online Payment,Delhi,0,1,Medium
90442,C1886628780,C1345858598,CASH_IN,558380.00,2026-01-13 15:26:26.0000000,Cash Deposit,Delhi,0,1,Medium
90660,C170097829,M1757899244,PAYMENT,52786.12,2026-01-10 11:21:25.0000000,Online Payment,Bangalore,0,1,Medium
90795,C910651793,C1235007065,CASH_IN,637606.56,2026-01-11 13:16:00.0000000,Cash Deposit,Chennai,0,1,Medium
90837,C2002870045,C1555808076,CASH_IN,646684.00,2026-01-15 13:48:06.0000000,Cash Deposit,Chennai,0,1,Medium
91150,C521837795,C1805281646,CASH_IN,564482.75,2026-01-10 19:46:02.0000000,Cash Deposit,Pune,0,1,Medium
91192,C2122802660,M45952072,PAYMENT,59557.02,2026-01-16 14:24:23.0000000,Online Payment,Chennai,0,1,Medium
91204,C626045391,C259111553,CASH_IN,589757.88,2026-01-02 14:19:44.0000000,Cash Deposit,Hyderabad,0,1,Medium
91239,C837366829,C955451337,TRANSFER,5172669.50,2026-01-14 10:28:24.0000000,Wire Transfer,Hyderabad,0,1,Medium
91272,C671657225,M33167160,PAYMENT,51168.43,2026-01-16 16:06:17.0000000,Online Payment,Kolkata,0,1,Medium
91370,C1237033809,M1329924294,PAYMENT,55497.04,2026-01-15 12:28:16.0000000,Online Payment,Hyderabad,0,1,Medium
91382,C504064622,M738520137,PAYMENT,63472.15,2026-01-13 09:07:29.0000000,Online Payment,Mumbai,0,1,Medium
91653,C1049480491,M1158095426,PAYMENT,57154.18,2026-01-11 11:43:49.0000000,Online Payment,Chennai,0,1,Medium
91729,C1287456708,M1640164543,PAYMENT,70349.26,2026-01-10 10:57:10.0000000,Online Payment,Hyderabad,0,1,Medium
91746,C1852085130,M925164237,PAYMENT,53473.59,2026-01-10 12:43:22.0000000,Online Payment,Mumbai,0,1,Medium
91827,C518142040,M406031690,PAYMENT,66476.20,2026-01-13 10:03:28.0000000,Online Payment,Bangalore,0,1,Medium
91913,C1556219849,M603415813,PAYMENT,56389.42,2026-01-21 12:24:50.0000000,Online Payment,Chennai,0,1,Medium
92019,C268130151,M406526999,PAYMENT,56472.59,2026-01-13 20:49:43.0000000,Online Payment,Mumbai,0,1,Medium
92090,C941470471,C120809773,CASH_IN,559704.94,2026-01-13 17:11:10.0000000,Cash Deposit,Mumbai,0,1,Medium
92116,C289648203,M2081347397,PAYMENT,53382.60,2026-01-15 14:03:00.0000000,Online Payment,Kolkata,0,1,Medium
92125,C1271438979,M19771405,PAYMENT,55690.74,2026-01-11 13:27:53.0000000,Online Payment,Hyderabad,0,1,Medium
92179,C1157465389,M2072025780,PAYMENT,51787.54,2026-01-14 15:19:14.0000000,Online Payment,Hyderabad,0,1,Medium
92213,C495774207,M1283534696,PAYMENT,57125.64,2026-01-06 14:54:06.0000000,Online Payment,Kolkata,0,1,Medium
92216,C1233932978,M1776424648,PAYMENT,57623.31,2026-01-16 16:56:16.0000000,Online Payment,Bangalore,0,1,Medium
92434,C1737771152,C220531324,CASH_IN,589348.75,2026-01-17 13:53:31.0000000,Cash Deposit,Pune,0,1,Medium
92625,C1448417390,C1181274193,CASH_IN,660707.56,2026-01-13 13:58:44.0000000,Cash Deposit,Mumbai,0,1,Medium
92750,C1892925674,C2067873805,DEBIT,66782.73,2026-01-13 11:45:37.0000000,Wire Transfer,Delhi,0,1,Medium
92776,C928301070,M1564228620,PAYMENT,65246.10,2026-01-14 10:20:23.0000000,Online Payment,Mumbai,0,1,Medium
92821,C40050124,M1201955508,PAYMENT,58210.16,2026-01-15 13:44:50.0000000,Online Payment,Chennai,0,1,Medium
92888,C1439960945,M487961584,PAYMENT,51924.03,2026-01-14 15:31:30.0000000,Online Payment,Chennai,0,1,Medium
93070,C1966180489,M1372635763,PAYMENT,57799.72,2026-01-07 16:59:37.0000000,Online Payment,Chennai,0,1,Medium
93133,C1265170120,M1190316381,PAYMENT,59883.75,2026-01-13 14:15:37.0000000,Online Payment,Ahmedabad,0,1,Medium
93136,C67748504,M1604282364,PAYMENT,68907.40,2026-01-16 19:45:19.0000000,Online Payment,Bangalore,0,1,Medium
93194,C633358344,M480443108,PAYMENT,53953.49,2026-01-11 12:01:23.0000000,Online Payment,Mumbai,0,1,Medium
93249,C216654352,M722023782,PAYMENT,54393.68,2026-01-15 13:04:38.0000000,Online Payment,Hyderabad,0,1,Medium
93337,C1666298618,C2034829581,CASH_IN,552755.13,2026-01-09 09:34:15.0000000,Cash Deposit,Mumbai,0,1,Medium
93563,C1499931687,M1209061433,PAYMENT,54352.83,2026-01-13 10:43:19.0000000,Online Payment,Chennai,0,1,Medium
93938,C282053393,M1621651184,PAYMENT,56208.68,2026-01-10 13:50:00.0000000,Online Payment,Bangalore,0,1,Medium
94085,C79324748,M1212691578,PAYMENT,57482.82,2026-01-17 09:38:32.0000000,Online Payment,Hyderabad,0,1,Medium
94328,C1557261811,C350695523,CASH_IN,556816.50,2026-01-14 18:31:11.0000000,Cash Deposit,Kolkata,0,1,Medium
94333,C133498745,C190329239,CASH_IN,548011.00,2026-01-14 15:08:06.0000000,Cash Deposit,Delhi,0,1,Medium
94340,C2141941684,C1974514785,CASH_IN,665765.69,2026-01-08 16:03:25.0000000,Cash Deposit,Chennai,0,1,Medium
94619,C236646191,M503156122,PAYMENT,78179.89,2026-01-06 14:53:35.0000000,Online Payment,Ahmedabad,0,1,Medium
94639,C1229087489,M952860931,PAYMENT,57001.96,2026-01-16 16:25:49.0000000,Online Payment,Bangalore,0,1,Medium
94924,C957361577,C1873756500,CASH_IN,614459.56,2026-01-17 17:41:10.0000000,Cash Deposit,Ahmedabad,0,1,Medium
95176,C354614368,M1225307225,PAYMENT,67344.20,2026-01-01 13:46:05.0000000,Online Payment,Hyderabad,0,1,Medium
95219,C889200229,M204105098,PAYMENT,52147.92,2026-01-14 12:32:04.0000000,Online Payment,Bangalore,0,1,Medium
95266,C1400705447,M1167539892,PAYMENT,56840.96,2026-01-11 11:21:48.0000000,Online Payment,Chennai,0,1,Medium
95280,C1842451866,C1112306714,TRANSFER,5362685.50,2026-01-18 18:41:08.0000000,Wire Transfer,Bangalore,0,1,Medium
95309,C2056820300,C128337382,TRANSFER,8260680.50,2026-01-14 14:31:45.0000000,Wire Transfer,Kolkata,0,1,Medium
95328,C754390018,M1547569015,PAYMENT,86847.04,2026-01-11 12:18:48.0000000,Online Payment,Delhi,0,1,Medium
95414,C1778120109,M1078457516,PAYMENT,82745.14,2026-01-16 21:53:25.0000000,Online Payment,Chennai,0,1,Medium
95750,C585789676,C1892684298,TRANSFER,9543366.00,2026-01-13 17:58:30.0000000,Wire Transfer,Pune,0,1,Medium
95755,C2118378140,M1269588671,PAYMENT,52729.80,2026-01-10 18:29:48.0000000,Online Payment,Delhi,0,1,Medium
95765,C1647339130,M860031756,PAYMENT,61992.49,2026-01-11 19:45:54.0000000,Online Payment,Chennai,0,1,Medium
95849,C1247226697,C1841453745,TRANSFER,5036884.00,2026-01-14 00:48:49.0000000,Wire Transfer,Ahmedabad,0,1,Medium
95906,C1495154152,C97395100,TRANSFER,6828934.00,2026-01-14 10:17:39.0000000,Wire Transfer,Ahmedabad,0,1,Medium
95992,C301472921,M739184517,PAYMENT,59908.36,2026-01-08 16:02:15.0000000,Online Payment,Ahmedabad,0,1,Medium
96144,C395313291,C235115563,CASH_IN,621624.94,2026-01-10 11:16:44.0000000,Cash Deposit,Delhi,0,1,Medium
96187,C1874929582,C1131139151,TRANSFER,4990257.50,2026-01-08 10:45:10.0000000,Wire Transfer,Pune,0,1,Medium
96188,C1312300945,M723753631,PAYMENT,61448.75,2026-01-06 10:06:51.0000000,Online Payment,Chennai,0,1,Medium
96275,C2033774324,C1414152328,CASH_IN,580798.56,2026-01-06 10:46:53.0000000,Cash Deposit,Bangalore,0,1,Medium
96387,C632301742,M1955184263,PAYMENT,53477.86,2026-01-06 16:41:46.0000000,Online Payment,Bangalore,0,1,Medium
96454,C101810328,M416539217,PAYMENT,51778.93,2026-01-06 14:57:19.0000000,Online Payment,Chennai,0,1,Medium
96565,C646684441,M1625186333,PAYMENT,62723.50,2026-01-11 20:11:31.0000000,Online Payment,Chennai,0,1,Medium
96625,C101511167,M2118601095,PAYMENT,69719.19,2026-01-21 12:34:09.0000000,Online Payment,Ahmedabad,0,1,Medium
96629,C1079223816,C185777586,CASH_IN,606981.50,2026-01-10 12:45:27.0000000,Cash Deposit,Delhi,0,1,Medium
96707,C1702324701,M278679745,PAYMENT,67613.75,2026-01-05 00:34:12.0000000,Online Payment,Ahmedabad,0,1,Medium
96803,C97484534,M517946682,PAYMENT,68513.94,2026-01-08 10:41:12.0000000,Online Payment,Pune,0,1,Medium
96937,C904931283,C1197984679,CASH_IN,614125.44,2026-01-06 16:46:32.0000000,Wire Transfer,Chennai,0,1,Medium
97440,C239149095,M1539137191,PAYMENT,61117.51,2026-01-21 12:09:49.0000000,Online Payment,Hyderabad,0,1,Medium
97498,C642732992,C581699441,CASH_IN,558636.13,2026-01-01 12:19:10.0000000,Cash Deposit,Bangalore,0,1,Medium
97579,C283226376,M1031631322,PAYMENT,61008.00,2026-01-17 09:53:33.0000000,Online Payment,Hyderabad,0,1,Medium
97715,C1407410651,M1595933997,PAYMENT,59533.16,2026-01-13 09:46:11.0000000,Online Payment,Kolkata,0,1,Medium
97888,C1308936673,C1747754578,CASH_IN,547411.13,2026-01-15 12:31:51.0000000,Wire Transfer,Bangalore,0,1,Medium
98015,C2124492659,C715624735,CASH_IN,564675.69,2026-01-14 13:34:09.0000000,Cash Deposit,Hyderabad,0,1,Medium
98037,C1926194947,M1059898445,PAYMENT,52371.79,2026-01-01 11:00:48.0000000,Online Payment,Mumbai,0,1,Medium
98055,C1090751873,M1437762471,PAYMENT,54529.86,2026-01-09 18:15:31.0000000,Online Payment,Bangalore,0,1,Medium
98213,C1759917068,M795330116,PAYMENT,55380.13,2026-01-12 21:12:36.0000000,Online Payment,Pune,0,1,Medium
98538,C1501093904,M1557623653,PAYMENT,51957.60,2026-01-07 18:29:40.0000000,Online Payment,Bangalore,0,1,Medium
98591,C1608303819,C1559877470,CASH_IN,581221.44,2026-01-15 20:27:45.0000000,Cash Deposit,Bangalore,0,1,Medium
98594,C1127695703,M264300790,PAYMENT,53516.96,2026-01-17 10:43:27.0000000,Online Payment,Chennai,0,1,Medium
98619,C1099087693,M1816379275,PAYMENT,65994.10,2026-01-17 10:00:04.0000000,Online Payment,Kolkata,0,1,Medium
98680,C701506617,M1740222686,PAYMENT,75051.75,2026-01-17 17:12:58.0000000,Online Payment,Pune,0,1,Medium
98712,C145396335,M995675279,PAYMENT,85291.64,2026-01-10 11:04:09.0000000,Online Payment,Delhi,0,1,Medium
98968,C698182585,C184349415,CASH_IN,574285.06,2026-01-02 10:40:29.0000000,Cash Deposit,Kolkata,0,1,Medium
98982,C1914057738,M1472757224,PAYMENT,58796.00,2026-01-14 10:51:26.0000000,Online Payment,Pune,0,1,Medium
99089,C1052569585,C1381631411,DEBIT,46932.72,2026-01-08 17:17:01.0000000,Retail Debit,Chennai,0,1,Medium
99221,C598516189,C1407472437,CASH_IN,614531.88,2026-01-13 18:53:34.0000000,Cash Deposit,Pune,0,1,Medium
99379,C190358935,M1889366175,PAYMENT,77145.24,2026-01-14 17:16:30.0000000,Online Payment,Kolkata,0,1,Medium
99663,C792948535,M1550983163,PAYMENT,52034.54,2026-01-13 22:26:54.0000000,Online Payment,Delhi,0,1,Medium
99757,C1479116289,M526367363,PAYMENT,58076.63,2026-01-17 15:31:06.0000000,Online Payment,Mumbai,0,1,Medium
99773,C489111001,M1775777451,PAYMENT,72657.05,2026-01-13 14:20:34.0000000,Online Payment,Chennai,0,1,Medium
99807,C600970644,M774071247,PAYMENT,54273.40,2026-01-13 17:00:07.0000000,Online Payment,Pune,0,1,Medium
100009,C1521831843,M90610589,PAYMENT,51488.75,2026-01-11 11:08:22.0000000,Online Payment,Chennai,0,1,Medium
100048,C796890908,M1211464075,PAYMENT,51020.57,2026-01-13 20:15:24.0000000,Online Payment,Pune,0,1,Medium
100180,C546385325,C246840510,CASH_IN,626381.38,2026-01-12 14:51:43.0000000,Cash Deposit,Chennai,0,1,Medium
100216,C1030948410,C476402209,CASH_IN,574071.25,2026-01-01 18:20:32.0000000,Wire Transfer,Ahmedabad,0,1,Medium
100235,C1358913699,C931082969,CASH_IN,564159.56,2026-01-07 17:36:53.0000000,Wire Transfer,Pune,0,1,Medium
100467,C833126507,M2125574644,PAYMENT,55485.62,2026-01-16 21:26:59.0000000,Online Payment,Delhi,0,1,Medium
100475,C1310181100,M478296233,PAYMENT,89133.88,2026-01-12 13:53:14.0000000,Online Payment,Ahmedabad,0,1,Medium
100530,C1893620798,M219352936,PAYMENT,57176.95,2026-01-17 11:36:35.0000000,Online Payment,Delhi,0,1,Medium
100585,C1326118726,C1774380501,TRANSFER,4850136.50,2026-01-13 17:17:40.0000000,Wire Transfer,Kolkata,0,1,Medium
100740,C1059273031,M157173320,PAYMENT,71959.95,2026-01-08 18:11:27.0000000,Online Payment,Bangalore,0,1,Medium
100748,C1893544264,M506632244,PAYMENT,53438.32,2026-01-08 17:09:18.0000000,Online Payment,Ahmedabad,0,1,Medium
100807,C1748531960,C298910763,CASH_IN,605731.56,2026-01-02 21:54:33.0000000,Cash Deposit,Mumbai,0,1,Medium
100891,C256654532,M1677571076,PAYMENT,53159.61,2026-01-13 12:16:43.0000000,Online Payment,Ahmedabad,0,1,Medium
100958,C204203299,M1509033601,PAYMENT,53237.94,2026-01-13 11:38:42.0000000,Online Payment,Pune,0,1,Medium
101027,C551066048,M1532023572,PAYMENT,55207.69,2026-01-24 14:23:23.0000000,Online Payment,Delhi,0,1,Medium
101071,C244735532,M2038065096,PAYMENT,56275.12,2026-01-13 14:52:33.0000000,Online Payment,Hyderabad,0,1,Medium
101155,C841338795,M321418223,PAYMENT,77208.98,2026-01-17 13:31:22.0000000,Online Payment,Pune,0,1,Medium
101236,C1430254366,M834283444,PAYMENT,55799.55,2026-01-09 11:55:22.0000000,Online Payment,Chennai,0,1,Medium
101316,C603234813,M1041974358,PAYMENT,84196.56,2026-01-22 10:10:15.0000000,Online Payment,Chennai,0,1,Medium
101475,C819522572,M1166960316,PAYMENT,57515.22,2026-01-16 17:10:17.0000000,Online Payment,Kolkata,0,1,Medium
101675,C1968082136,C352824770,TRANSFER,8796527.00,2026-01-13 17:04:58.0000000,Wire Transfer,Chennai,0,1,Medium
101819,C132766935,M1244239120,PAYMENT,51941.95,2026-01-06 11:54:10.0000000,Online Payment,Mumbai,0,1,Medium
101895,C340017788,M2045363358,PAYMENT,53218.30,2026-01-14 11:45:53.0000000,Online Payment,Bangalore,0,1,Medium
101922,C1901197210,M826655455,PAYMENT,51402.24,2026-01-11 10:38:54.0000000,Online Payment,Kolkata,0,1,Medium
101962,C1324320153,M1493725946,PAYMENT,51514.80,2026-01-13 12:00:33.0000000,Online Payment,Chennai,0,1,Medium
102063,C978515728,M1899903402,PAYMENT,57966.13,2026-01-17 15:00:01.0000000,Online Payment,Chennai,0,1,Medium
102170,C1219620797,M276973818,PAYMENT,54563.95,2026-01-16 09:26:54.0000000,Online Payment,Kolkata,0,1,Medium
102205,C1516054264,M1006718963,PAYMENT,56481.57,2026-01-13 19:59:58.0000000,Online Payment,Ahmedabad,0,1,Medium
102311,C277897520,M1426394639,PAYMENT,75444.42,2026-01-13 14:58:06.0000000,Online Payment,Hyderabad,0,1,Medium
102389,C1810714063,M1544372495,PAYMENT,59754.08,2026-01-02 12:15:01.0000000,Online Payment,Delhi,0,1,Medium
102511,C572617211,M242853975,PAYMENT,60968.25,2026-01-14 11:45:45.0000000,Online Payment,Kolkata,0,1,Medium
102599,C1385348828,C1104195099,CASH_IN,550971.19,2026-01-14 10:28:32.0000000,Cash Deposit,Chennai,0,1,Medium
102670,C1727694459,M1768788457,PAYMENT,66013.63,2026-01-15 13:01:52.0000000,Online Payment,Mumbai,0,1,Medium
102677,C581153469,M239390396,PAYMENT,64437.71,2026-01-14 11:01:20.0000000,Online Payment,Mumbai,0,1,Medium
102854,C723002530,M1271862676,PAYMENT,101500.88,2026-01-15 11:36:17.0000000,Online Payment,Kolkata,0,1,Medium
102905,C1793864424,C1963658928,TRANSFER,8230715.00,2026-01-13 10:47:13.0000000,Wire Transfer,Bangalore,0,1,Medium
102965,C1480197977,M1197933697,PAYMENT,60480.36,2026-01-17 17:46:19.0000000,Online Payment,Hyderabad,0,1,Medium
102968,C1842734371,M1159817994,PAYMENT,106379.41,2026-01-13 14:42:43.0000000,Online Payment,Pune,0,1,Medium
103014,C1444717811,M1132602804,PAYMENT,71281.51,2026-01-17 14:08:19.0000000,Online Payment,Delhi,0,1,Medium
103045,C981464869,M1860485825,PAYMENT,55181.12,2026-01-16 12:22:33.0000000,Online Payment,Chennai,0,1,Medium
103101,C327084017,C2096120143,TRANSFER,4560191.00,2026-01-13 17:33:58.0000000,Wire Transfer,Chennai,0,1,Medium
103155,C1238583559,M204787103,PAYMENT,54157.64,2026-01-17 11:25:54.0000000,Online Payment,Chennai,0,1,Medium
103240,C1397243452,M412296118,PAYMENT,51459.61,2026-01-10 11:10:53.0000000,Online Payment,Mumbai,0,1,Medium
103580,C705959960,M1719961239,PAYMENT,57624.28,2026-01-11 11:16:20.0000000,Online Payment,Delhi,0,1,Medium
103589,C2143229696,M1480529533,PAYMENT,57817.14,2026-01-12 20:32:19.0000000,Online Payment,Bangalore,0,1,Medium
103639,C1094339388,C634281675,CASH_IN,610922.44,2026-01-16 16:33:21.0000000,Cash Deposit,Chennai,0,1,Medium
103906,C1651645999,C68113386,TRANSFER,6234107.00,2026-01-14 19:10:59.0000000,Wire Transfer,Pune,0,1,Medium
104095,C915312897,C429996148,CASH_IN,556337.88,2026-01-01 11:01:58.0000000,Cash Deposit,Pune,0,1,Medium
104151,C1589093693,C1191754337,TRANSFER,7520064.50,2026-01-14 11:51:24.0000000,Wire Transfer,Ahmedabad,0,1,Medium
104171,C1704862307,C204590404,TRANSFER,4369434.00,2026-01-14 16:26:05.0000000,Wire Transfer,Mumbai,0,1,Medium
104308,C532026193,M1114576644,PAYMENT,81486.00,2026-01-06 14:35:06.0000000,Online Payment,Ahmedabad,0,1,Medium
104486,C1007461475,M707279353,PAYMENT,71172.76,2026-01-13 10:54:44.0000000,Online Payment,Hyderabad,0,1,Medium
104491,C884217480,C728871134,CASH_IN,691855.63,2026-01-08 14:56:23.0000000,Cash Deposit,Hyderabad,0,1,Medium
104877,C1288925351,C710269706,CASH_IN,609582.50,2026-01-13 18:18:50.0000000,Cash Deposit,Delhi,0,1,Medium
105026,C698488263,M421742894,PAYMENT,53633.09,2026-01-17 17:40:01.0000000,Online Payment,Ahmedabad,0,1,Medium
105186,C119295335,C678927257,CASH_IN,567413.69,2026-01-21 23:17:24.0000000,Cash Deposit,Pune,0,1,Medium
105197,C1192947870,C957521755,CASH_IN,585478.44,2026-01-25 18:13:36.0000000,Cash Deposit,Ahmedabad,0,1,Medium
105202,C1825786096,M1689710852,PAYMENT,52742.82,2026-01-06 14:12:24.0000000,Online Payment,Chennai,0,1,Medium
105219,C1075397031,C1456147515,TRANSFER,6893284.50,2026-01-13 16:31:02.0000000,Wire Transfer,Hyderabad,0,1,Medium
105243,C1125338928,M513612983,PAYMENT,59170.80,2026-01-17 21:07:57.0000000,Online Payment,Chennai,0,1,Medium
105307,C739237677,M139778057,PAYMENT,116820.60,2026-01-13 15:43:41.0000000,Online Payment,Hyderabad,0,1,Medium
105477,C1442614175,C1747297582,CASH_IN,661062.06,2026-01-01 10:03:06.0000000,Cash Deposit,Mumbai,0,1,Medium
105482,C458726560,M1603368988,PAYMENT,69402.16,2026-01-13 19:16:14.0000000,Online Payment,Ahmedabad,0,1,Medium
105599,C31127119,C28708826,TRANSFER,4599065.50,2026-01-13 19:49:31.0000000,Wire Transfer,Hyderabad,0,1,Medium
105686,C1553623289,M1991274258,PAYMENT,79599.99,2026-01-17 17:42:37.0000000,Online Payment,Hyderabad,0,1,Medium
105797,C1210258037,C1562150022,CASH_IN,603159.69,2026-01-06 15:12:23.0000000,Cash Deposit,Kolkata,0,1,Medium
105824,C1831824354,M660789924,PAYMENT,58407.20,2026-01-06 17:21:34.0000000,Online Payment,Chennai,0,1,Medium
105894,C886458137,M1592258921,PAYMENT,54588.46,2026-01-13 09:04:58.0000000,Online Payment,Kolkata,0,1,Medium
105916,C724522213,M1420192246,PAYMENT,104982.35,2026-01-14 19:50:55.0000000,Online Payment,Ahmedabad,0,1,Medium
106245,C1591410019,C1393300838,CASH_IN,650604.56,2026-01-07 15:54:18.0000000,Cash Deposit,Chennai,0,1,Medium
106333,C544449296,M659499399,PAYMENT,79825.32,2026-01-10 13:32:44.0000000,Online Payment,Kolkata,0,1,Medium
106376,C1020783191,M1518190644,PAYMENT,66259.78,2026-01-14 11:00:53.0000000,Online Payment,Bangalore,0,1,Medium
106562,C2046296278,C85407533,CASH_IN,734547.94,2026-01-17 09:44:02.0000000,Cash Deposit,Hyderabad,0,1,Medium
106725,C1058610791,C735173499,TRANSFER,5466133.50,2026-01-13 17:38:42.0000000,Wire Transfer,Chennai,0,1,Medium
106905,C953515520,C206666738,CASH_IN,604959.88,2026-01-08 17:35:28.0000000,Cash Deposit,Pune,0,1,Medium
107049,C427393668,C285796469,TRANSFER,4560067.50,2026-01-13 17:47:14.0000000,Wire Transfer,Hyderabad,0,1,Medium
107074,C231442620,M1346973869,PAYMENT,59558.07,2026-01-15 13:46:56.0000000,Online Payment,Kolkata,0,1,Medium
107148,C245436310,M661250169,PAYMENT,57505.59,2026-01-16 16:31:59.0000000,Online Payment,Kolkata,0,1,Medium
107205,C2033359398,C771693949,CASH_IN,562868.25,2026-01-17 16:23:16.0000000,Cash Deposit,Ahmedabad,0,1,Medium
107353,C1672744545,M298857650,PAYMENT,66624.55,2026-01-14 01:11:42.0000000,Online Payment,Hyderabad,0,1,Medium
107511,C1489224220,M2038282703,PAYMENT,91094.76,2026-01-13 14:11:21.0000000,Online Payment,Mumbai,0,1,Medium
107692,C1572909344,M804174818,PAYMENT,69618.09,2026-01-14 11:06:32.0000000,Online Payment,Mumbai,0,1,Medium
107712,C1274253389,M77839649,PAYMENT,53660.67,2026-01-14 19:28:00.0000000,Online Payment,Hyderabad,0,1,Medium
107752,C1497723972,M1111598910,PAYMENT,69149.18,2026-01-13 12:28:33.0000000,Online Payment,Kolkata,0,1,Medium
107768,C201489151,M822565042,PAYMENT,105966.59,2026-01-13 14:19:45.0000000,Online Payment,Ahmedabad,0,1,Medium
107901,C2054017015,C1591385095,DEBIT,75541.41,2026-01-12 21:15:12.0000000,Retail Debit,Chennai,0,1,Medium
108033,C1393834410,M1820275776,PAYMENT,110801.24,2026-01-14 16:42:59.0000000,Online Payment,Kolkata,0,1,Medium
108133,C855576375,M376612424,PAYMENT,62791.20,2026-01-06 14:21:50.0000000,Online Payment,Bangalore,0,1,Medium
108134,C1496710495,M1316771060,PAYMENT,51135.33,2026-01-06 13:25:50.0000000,Online Payment,Delhi,0,1,Medium
108196,C433873320,M39401403,PAYMENT,51405.38,2026-01-16 20:46:11.0000000,Online Payment,Bangalore,0,1,Medium
108213,C1275676867,M1080558683,PAYMENT,66355.26,2026-01-22 21:29:42.0000000,Online Payment,Pune,0,1,Medium
108216,C1071731960,C1555260550,TRANSFER,4293776.00,2026-01-14 16:26:15.0000000,Wire Transfer,Mumbai,0,1,Medium
108296,C2138053837,M745730005,PAYMENT,54584.60,2026-01-17 11:41:44.0000000,Online Payment,Kolkata,0,1,Medium
108331,C1120860726,M1639861585,PAYMENT,87302.97,2026-01-14 11:20:59.0000000,Online Payment,Delhi,0,1,Medium
108353,C1187358890,C1920581720,TRANSFER,6881825.00,2026-01-14 19:15:30.0000000,Wire Transfer,Chennai,0,1,Medium
108379,C1656458691,C1695534107,TRANSFER,8648561.00,2026-01-13 17:42:17.0000000,Wire Transfer,Bangalore,0,1,Medium
108455,C2136125613,M436147015,PAYMENT,72898.61,2026-01-12 19:42:48.0000000,Online Payment,Chennai,0,1,Medium
108515,C1990617338,M148145399,PAYMENT,64907.64,2026-01-11 17:19:16.0000000,Online Payment,Pune,0,1,Medium
108593,C77539257,M501005994,PAYMENT,84827.32,2026-01-17 17:02:16.0000000,Online Payment,Chennai,0,1,Medium
108604,C1027092033,M1830599961,PAYMENT,55521.24,2026-01-10 13:51:51.0000000,Online Payment,Ahmedabad,0,1,Medium
108615,C796193448,C893793389,CASH_IN,576022.31,2026-01-17 12:57:15.0000000,Cash Deposit,Ahmedabad,0,1,Medium
108684,C2139180135,M1575312771,PAYMENT,67284.19,2026-01-13 15:04:44.0000000,Online Payment,Kolkata,0,1,Medium
108966,C897627193,M1351802179,PAYMENT,51281.56,2026-01-22 14:51:18.0000000,Online Payment,Delhi,0,1,Medium
109062,C396742467,M468885851,PAYMENT,77772.67,2026-01-12 23:04:59.0000000,Online Payment,Hyderabad,0,1,Medium
109118,C956357064,C798001556,CASH_IN,590198.75,2026-01-17 10:49:35.0000000,Cash Deposit,Chennai,0,1,Medium
109166,C858556722,C2013631866,CASH_IN,574035.25,2026-01-09 14:14:31.0000000,Cash Deposit,Bangalore,0,1,Medium
109305,C129694749,M297323518,PAYMENT,92051.82,2026-01-13 15:05:31.0000000,Online Payment,Kolkata,0,1,Medium
109322,C1016059804,M637119699,PAYMENT,55471.19,2026-01-14 18:57:47.0000000,Online Payment,Hyderabad,0,1,Medium
109376,C735366505,M804467305,PAYMENT,74620.34,2026-01-17 18:18:06.0000000,Online Payment,Chennai,0,1,Medium
109473,C1721136267,C777077026,CASH_IN,671383.50,2026-01-07 16:47:15.0000000,Cash Deposit,Pune,0,1,Medium
109782,C1037229156,C602549233,CASH_IN,564485.88,2026-01-16 15:52:12.0000000,Cash Deposit,Delhi,0,1,Medium
109783,C1376046874,C2104103424,CASH_IN,641899.81,2026-01-16 12:35:48.0000000,Wire Transfer,Mumbai,0,1,Medium
109794,C1190642812,M1369144979,PAYMENT,56029.25,2026-01-14 15:24:20.0000000,Online Payment,Pune,0,1,Medium
110051,C1365201045,M797084417,PAYMENT,61580.45,2026-01-10 11:23:48.0000000,Online Payment,Mumbai,0,1,Medium
110449,C389262489,C1252708773,TRANSFER,4459200.00,2026-01-15 10:45:45.0000000,Wire Transfer,Ahmedabad,0,1,Medium
110613,C889292653,M840188942,PAYMENT,86794.66,2026-01-22 10:55:53.0000000,Online Payment,Bangalore,0,1,Medium
110629,C118529245,M186008532,PAYMENT,71206.16,2026-01-16 00:19:19.0000000,Online Payment,Kolkata,0,1,Medium
110663,C445468054,M130162377,PAYMENT,59780.07,2026-01-17 12:16:09.0000000,Online Payment,Delhi,0,1,Medium
110668,C2083054617,C1766438100,TRANSFER,5028628.50,2026-01-14 13:49:31.0000000,Wire Transfer,Bangalore,0,1,Medium
110799,C1582431359,C1637270309,TRANSFER,9810490.00,2026-01-13 12:22:04.0000000,Wire Transfer,Bangalore,0,1,Medium
111039,C1187847336,C43536928,CASH_IN,579362.56,2026-01-15 11:18:35.0000000,Cash Deposit,Hyderabad,0,1,Medium
111278,C1591697022,C951941418,CASH_IN,599615.38,2026-01-13 09:36:29.0000000,Cash Deposit,Delhi,0,1,Medium
111403,C1005744624,C1518252972,CASH_IN,654474.25,2026-01-07 10:48:28.0000000,Cash Deposit,Bangalore,0,1,Medium
111540,C1204314558,M467271199,PAYMENT,75994.23,2026-01-14 16:46:45.0000000,Online Payment,Hyderabad,0,1,Medium
111629,C151233492,M1993127772,PAYMENT,57450.04,2026-01-13 10:01:14.0000000,Online Payment,Kolkata,0,1,Medium
111771,C17993076,M565295379,PAYMENT,53184.89,2026-01-13 14:37:28.0000000,Online Payment,Pune,0,1,Medium
112003,C2068622767,C967000896,TRANSFER,5458641.50,2026-01-14 15:39:28.0000000,Wire Transfer,Delhi,0,1,Medium
112019,C1489548041,M1595701727,PAYMENT,64549.22,2026-01-19 16:35:43.0000000,Online Payment,Kolkata,0,1,Medium
112068,C2120225742,C567067876,CASH_IN,594264.13,2026-01-06 11:33:27.0000000,Cash Deposit,Delhi,0,1,Medium
112072,C966439764,M1396445298,PAYMENT,69917.66,2026-01-17 01:09:15.0000000,Online Payment,Pune,0,1,Medium
112204,C123226284,M240644125,PAYMENT,59161.74,2026-01-15 12:04:38.0000000,Online Payment,Kolkata,0,1,Medium
112268,C1952650323,M1887704855,PAYMENT,65147.05,2026-01-13 14:31:16.0000000,Online Payment,Bangalore,0,1,Medium
112392,C1667106372,C1386394645,CASH_OUT,1982276.63,2026-01-06 20:35:13.0000000,ATM Withdrawal,Pune,0,1,Medium
112538,C1276292671,C1517600264,TRANSFER,4375793.00,2026-01-12 23:01:05.0000000,Wire Transfer,Kolkata,0,1,Medium
112691,C1698086592,C232057679,CASH_IN,598843.50,2026-01-02 22:54:24.0000000,Cash Deposit,Hyderabad,0,1,Medium
112711,C2074322946,C227474719,TRANSFER,5359815.50,2026-01-13 16:30:33.0000000,Wire Transfer,Pune,0,1,Medium
112717,C1352544315,C696705647,CASH_OUT,1707410.88,2026-01-07 14:43:25.0000000,ATM Withdrawal,Chennai,0,1,Medium
112853,C164024871,M522443633,PAYMENT,87762.60,2026-01-09 01:38:34.0000000,Online Payment,Pune,0,1,Medium
112893,C1871772,M319912151,PAYMENT,52651.51,2026-01-13 22:42:55.0000000,Online Payment,Bangalore,0,1,Medium
113032,C127324617,M1923492316,PAYMENT,51911.61,2026-01-11 13:20:35.0000000,Online Payment,Kolkata,0,1,Medium
113158,C270562541,M277249718,PAYMENT,50795.26,2026-01-17 13:43:00.0000000,Online Payment,Bangalore,0,1,Medium
113213,C1354061114,M120018256,PAYMENT,64402.51,2026-01-10 11:16:07.0000000,Online Payment,Mumbai,0,1,Medium
113256,C1968250065,M191196372,PAYMENT,50717.52,2026-01-15 13:29:38.0000000,Online Payment,Kolkata,0,1,Medium
113351,C388650598,M865113718,PAYMENT,52464.16,2026-01-16 15:43:08.0000000,Online Payment,Ahmedabad,0,1,Medium
113403,C1604229341,M1529534954,PAYMENT,58229.39,2026-01-15 13:03:19.0000000,Online Payment,Ahmedabad,0,1,Medium
113547,C904428025,M903738893,PAYMENT,69073.83,2026-01-15 14:50:00.0000000,Online Payment,Mumbai,0,1,Medium
113624,C705272717,M462998238,PAYMENT,51982.18,2026-01-15 13:38:16.0000000,Online Payment,Mumbai,0,1,Medium
113743,C473500102,C9001974,CASH_IN,593153.94,2026-01-08 13:37:13.0000000,Cash Deposit,Delhi,0,1,Medium
113914,C1068735073,M1133408461,PAYMENT,64456.86,2026-01-13 09:55:38.0000000,Online Payment,Mumbai,0,1,Medium
113916,C1714947422,M1088786881,PAYMENT,81402.79,2026-01-13 20:46:23.0000000,Online Payment,Delhi,0,1,Medium
114130,C1327176082,C1971253034,TRANSFER,7238418.00,2026-01-13 17:24:12.0000000,Wire Transfer,Ahmedabad,0,1,Medium
114318,C1207887710,C535535646,TRANSFER,6936897.50,2026-01-13 19:46:46.0000000,Wire Transfer,Kolkata,0,1,Medium
114341,C1199258469,C628696113,CASH_IN,626664.38,2026-01-13 10:38:07.0000000,Cash Deposit,Ahmedabad,0,1,Medium
114394,C34760539,C1692300328,CASH_IN,607703.44,2026-01-08 19:26:53.0000000,Cash Deposit,Mumbai,0,1,Medium
114529,C1781450955,M1129359259,PAYMENT,101544.52,2026-01-12 16:02:48.0000000,Online Payment,Mumbai,0,1,Medium
114597,C2086536216,M1503423392,PAYMENT,52345.50,2026-01-13 20:38:10.0000000,Online Payment,Ahmedabad,0,1,Medium
114789,C422138385,M463784358,PAYMENT,50657.17,2026-01-14 11:40:53.0000000,Online Payment,Delhi,0,1,Medium
114828,C1711955308,M231892772,PAYMENT,55514.65,2026-01-06 13:16:37.0000000,Online Payment,Mumbai,0,1,Medium
114871,C590390354,M334619984,PAYMENT,51698.03,2026-01-06 14:28:14.0000000,Online Payment,Kolkata,0,1,Medium
115013,C1589674422,M41832369,PAYMENT,59488.11,2026-01-14 11:47:08.0000000,Online Payment,Delhi,0,1,Medium
115028,C369358296,C769323851,CASH_IN,688492.13,2026-01-10 15:18:17.0000000,Cash Deposit,Delhi,0,1,Medium
115112,C1261292328,C522894261,TRANSFER,4537084.00,2026-01-15 12:44:11.0000000,Wire Transfer,Hyderabad,0,1,Medium
115400,C1932679383,C101338589,CASH_IN,620060.81,2026-01-07 16:28:48.0000000,Cash Deposit,Mumbai,0,1,Medium
115406,C1576137759,M423085840,PAYMENT,54755.32,2026-01-14 10:29:12.0000000,Online Payment,Mumbai,0,1,Medium
115529,C1202390312,C1494161641,CASH_IN,659049.56,2026-01-14 12:05:16.0000000,Cash Deposit,Pune,0,1,Medium
115669,C1296019485,M1263184671,PAYMENT,72503.52,2026-01-14 01:35:37.0000000,Online Payment,Chennai,0,1,Medium
115712,C1582291859,C595087148,CASH_IN,566565.06,2026-01-11 10:08:45.0000000,Cash Deposit,Mumbai,0,1,Medium
115780,C16150670,C620157898,CASH_IN,663511.38,2026-01-01 15:36:43.0000000,Cash Deposit,Chennai,0,1,Medium
115920,C2133634835,C1051704775,CASH_IN,616694.50,2026-01-10 13:26:15.0000000,Cash Deposit,Pune,0,1,Medium
115934,C1628357145,M785193547,PAYMENT,64182.92,2026-01-17 09:44:56.0000000,Online Payment,Hyderabad,0,1,Medium
115989,C1698360891,M584926828,PAYMENT,50751.14,2026-01-10 19:16:35.0000000,Online Payment,Chennai,0,1,Medium
115998,C1397915218,M854722697,PAYMENT,59811.74,2026-01-11 12:30:37.0000000,Online Payment,Mumbai,0,1,Medium
116251,C1613300399,M217171644,PAYMENT,51984.90,2026-01-17 16:27:09.0000000,Online Payment,Ahmedabad,0,1,Medium
116279,C2024416543,M1732787152,PAYMENT,55042.79,2026-01-11 10:40:24.0000000,Online Payment,Chennai,0,1,Medium
116490,C483604104,M2068861005,PAYMENT,54421.00,2026-01-27 20:02:01.0000000,Online Payment,Delhi,0,1,Medium
116503,C101028,C1466283505,TRANSFER,4387931.50,2026-01-16 15:51:49.0000000,Wire Transfer,Chennai,0,1,Medium
116585,C1684564890,M2132369272,PAYMENT,53607.12,2026-01-07 12:37:00.0000000,Online Payment,Mumbai,0,1,Medium
116702,C600083828,M1982728372,PAYMENT,55372.06,2026-01-14 11:39:12.0000000,Online Payment,Delhi,0,1,Medium
116767,C892979007,C82820522,CASH_IN,560963.81,2026-01-09 16:19:19.0000000,Cash Deposit,Hyderabad,0,1,Medium
116904,C464248093,M2123746674,PAYMENT,95380.49,2026-01-09 10:39:05.0000000,Online Payment,Hyderabad,0,1,Medium
116950,C254096275,M1957763927,PAYMENT,51447.60,2026-01-17 17:54:43.0000000,Online Payment,Mumbai,0,1,Medium
117011,C136827345,M1747207907,PAYMENT,54155.85,2026-01-10 16:58:43.0000000,Online Payment,Mumbai,0,1,Medium
117066,C98930478,M1145801644,PAYMENT,55223.70,2026-01-16 19:48:28.0000000,Online Payment,Bangalore,0,1,Medium
117120,C666689278,M1844396139,PAYMENT,69826.63,2026-01-20 15:21:06.0000000,Online Payment,Ahmedabad,0,1,Medium
117123,C1025803574,M1503690060,PAYMENT,51279.57,2026-01-01 13:30:16.0000000,Online Payment,Bangalore,0,1,Medium
117155,C1240284291,C1974126630,TRANSFER,5543258.50,2026-01-13 11:49:04.0000000,Wire Transfer,Hyderabad,0,1,Medium
117288,C1644393941,C2015819488,CASH_IN,553664.06,2026-01-06 16:15:30.0000000,Cash Deposit,Kolkata,0,1,Medium
117405,C124702188,M470479699,PAYMENT,71483.32,2026-01-12 17:45:08.0000000,Online Payment,Kolkata,0,1,Medium
117594,C1950787516,C548116653,TRANSFER,9761039.00,2026-01-14 15:39:26.0000000,Wire Transfer,Pune,0,1,Medium
117698,C616879974,C1882323827,TRANSFER,9471680.00,2026-01-14 16:26:17.0000000,Wire Transfer,Ahmedabad,0,1,Medium
117714,C1910669361,M1624359386,PAYMENT,70166.19,2026-01-13 15:52:34.0000000,Online Payment,Mumbai,0,1,Medium
117814,C1505954468,M1246512405,PAYMENT,60895.62,2026-01-11 19:26:24.0000000,Online Payment,Ahmedabad,0,1,Medium
117876,C468468989,C351171881,CASH_IN,659628.50,2026-01-11 15:37:40.0000000,Cash Deposit,Hyderabad,0,1,Medium
117951,C1199595521,M46277276,PAYMENT,53509.12,2026-01-14 11:33:24.0000000,Online Payment,Ahmedabad,0,1,Medium
118168,C1922866762,M303517436,PAYMENT,51379.42,2026-01-14 14:59:10.0000000,Online Payment,Mumbai,0,1,Medium
118180,C1084245838,C1321759434,CASH_IN,586158.50,2026-01-09 12:16:25.0000000,Cash Deposit,Delhi,0,1,Medium
118245,C998196771,M1540607156,PAYMENT,51360.07,2026-01-14 14:48:55.0000000,Online Payment,Delhi,0,1,Medium
118314,C927128675,M1437599147,PAYMENT,52609.78,2026-01-15 12:42:09.0000000,Online Payment,Pune,0,1,Medium
118426,C1456709010,C553146000,CASH_IN,695585.13,2026-01-02 13:12:19.0000000,Wire Transfer,Kolkata,0,1,Medium
118590,C1793910010,M739742648,PAYMENT,76522.05,2026-01-10 12:25:08.0000000,Online Payment,Pune,0,1,Medium
118647,C1998449272,C1727188034,TRANSFER,4342002.50,2026-01-29 12:00:42.0000000,Wire Transfer,Ahmedabad,0,1,Medium
118755,C230084970,M1560411600,PAYMENT,58231.48,2026-01-12 18:47:40.0000000,Online Payment,Delhi,0,1,Medium
118872,C1779855219,M1251210814,PAYMENT,50785.78,2026-01-11 11:21:07.0000000,Online Payment,Bangalore,0,1,Medium
118901,C1868485558,C946560834,CASH_IN,563746.50,2026-01-02 11:33:58.0000000,Cash Deposit,Bangalore,0,1,Medium
118919,C854156117,C572974031,CASH_IN,557623.06,2026-01-08 17:57:19.0000000,Cash Deposit,Delhi,0,1,Medium
119010,C1195723082,M873994634,PAYMENT,73807.05,2026-01-10 10:25:29.0000000,Online Payment,Delhi,0,1,Medium
119150,C343355131,C407325956,TRANSFER,5951251.50,2026-01-07 17:44:49.0000000,Wire Transfer,Kolkata,0,1,Medium
119166,C1956685087,C1266475528,CASH_IN,754263.69,2026-01-11 09:13:23.0000000,Wire Transfer,Bangalore,0,1,Medium
119174,C339142015,M1850476660,PAYMENT,55144.49,2026-01-06 10:38:30.0000000,Online Payment,Hyderabad,0,1,Medium
119299,C1197699134,M739419827,PAYMENT,61048.11,2026-01-14 16:42:04.0000000,Online Payment,Ahmedabad,0,1,Medium
119310,C1372750026,M1146087824,PAYMENT,54828.94,2026-01-13 12:19:31.0000000,Online Payment,Delhi,0,1,Medium
119315,C1671476445,M1713065203,PAYMENT,64798.64,2026-01-01 20:12:15.0000000,Online Payment,Mumbai,0,1,Medium
119790,C815293085,C835309141,TRANSFER,4215756.50,2026-01-07 20:14:08.0000000,Wire Transfer,Kolkata,0,1,Medium
119810,C1246287736,C1857380035,CASH_IN,655776.25,2026-01-21 10:22:25.0000000,Cash Deposit,Bangalore,0,1,Medium
120064,C385372648,M872436120,PAYMENT,68568.75,2026-01-22 21:20:51.0000000,Online Payment,Delhi,0,1,Medium
120260,C1784853517,C67300492,CASH_IN,619651.31,2026-01-13 11:19:58.0000000,Cash Deposit,Hyderabad,0,1,Medium
120302,C793932857,C229447193,TRANSFER,4227135.50,2026-01-17 20:38:35.0000000,Wire Transfer,Chennai,0,1,Medium
120567,C641390105,C1586102988,TRANSFER,4606285.50,2026-01-15 09:12:11.0000000,Wire Transfer,Hyderabad,0,1,Medium
120735,C372907752,M1696883867,PAYMENT,60317.47,2026-01-13 09:25:37.0000000,Online Payment,Bangalore,0,1,Medium
120765,C316225396,C409277680,CASH_IN,557842.00,2026-01-13 18:18:50.0000000,Cash Deposit,Mumbai,0,1,Medium
120809,C201280414,M1279121507,PAYMENT,85945.76,2026-01-22 21:47:19.0000000,Online Payment,Chennai,0,1,Medium
120819,C1096653390,M639598538,PAYMENT,87368.54,2026-01-13 12:45:36.0000000,Online Payment,Chennai,0,1,Medium
120949,C1994402269,M1087567791,PAYMENT,80555.76,2026-01-17 16:53:50.0000000,Online Payment,Pune,0,1,Medium
120974,C2008962814,M725621462,PAYMENT,71572.06,2026-01-14 00:57:18.0000000,Online Payment,Mumbai,0,1,Medium
121008,C1166533294,C1362414151,TRANSFER,4558072.50,2026-01-15 12:00:08.0000000,Wire Transfer,Delhi,0,1,Medium
121279,C2004401496,M105838696,PAYMENT,54731.06,2026-01-15 22:58:28.0000000,Online Payment,Chennai,0,1,Medium
121320,C512063479,M1418957166,PAYMENT,67555.46,2026-01-13 12:19:07.0000000,Online Payment,Delhi,0,1,Medium
121327,C1807572862,M1493786434,PAYMENT,59629.64,2026-01-17 10:13:18.0000000,Online Payment,Chennai,0,1,Medium
121429,C1733272305,M111789047,PAYMENT,54519.65,2026-01-18 14:53:28.0000000,Online Payment,Bangalore,0,1,Medium
121604,C1655052508,M1220229904,PAYMENT,50597.94,2026-01-08 18:08:02.0000000,Online Payment,Bangalore,0,1,Medium
121623,C1110880403,M1976711247,PAYMENT,60304.76,2026-01-09 21:01:40.0000000,Online Payment,Hyderabad,0,1,Medium
121833,C22710227,M2063268292,PAYMENT,67940.50,2026-01-17 09:24:59.0000000,Online Payment,Chennai,0,1,Medium
121911,C297117459,C402337523,TRANSFER,6171079.00,2026-01-16 12:31:17.0000000,Wire Transfer,Bangalore,0,1,Medium
122095,C1155754844,M320137892,PAYMENT,51551.63,2026-01-12 21:13:34.0000000,Online Payment,Mumbai,0,1,Medium
122246,C2037949425,C205702909,CASH_IN,607789.44,2026-01-07 15:26:16.0000000,Cash Deposit,Mumbai,0,1,Medium
122283,C1890112694,C2120528456,TRANSFER,4563178.50,2026-01-23 22:13:23.0000000,Wire Transfer,Kolkata,0,1,Medium
122349,C2059370204,M2042815777,PAYMENT,56423.83,2026-01-02 11:24:11.0000000,Online Payment,Mumbai,0,1,Medium
122374,C1880293210,C1881282791,CASH_IN,700723.50,2026-01-15 23:41:57.0000000,Cash Deposit,Ahmedabad,0,1,Medium
122492,C144309918,C764102658,CASH_IN,635618.00,2026-01-14 14:10:53.0000000,Cash Deposit,Delhi,0,1,Medium
122496,C1324835473,C1414710102,CASH_IN,626874.94,2026-01-13 18:46:38.0000000,Cash Deposit,Mumbai,0,1,Medium
122523,C1833071764,M1554264507,PAYMENT,64951.44,2026-01-14 11:55:38.0000000,Online Payment,Pune,0,1,Medium
122560,C1916104265,C1643717437,TRANSFER,5632894.00,2026-01-13 22:10:35.0000000,Wire Transfer,Pune,0,1,Medium
122627,C312293849,C225847734,CASH_IN,587301.81,2026-01-12 17:43:41.0000000,Cash Deposit,Bangalore,0,1,Medium
122708,C315479460,M1159251620,PAYMENT,57642.88,2026-01-12 17:33:32.0000000,Online Payment,Hyderabad,0,1,Medium
122747,C1332211773,M1077915557,PAYMENT,119354.11,2026-01-13 15:09:20.0000000,Online Payment,Bangalore,0,1,Medium
122795,C1946795215,C1222848422,CASH_IN,558356.44,2026-01-01 17:37:51.0000000,Cash Deposit,Mumbai,0,1,Medium
122834,C222392942,M398083813,PAYMENT,100289.13,2026-01-13 00:48:04.0000000,Online Payment,Bangalore,0,1,Medium
123221,C198178018,C1176005982,CASH_IN,569269.19,2026-01-02 12:49:32.0000000,Cash Deposit,Chennai,0,1,Medium
123246,C1397998456,M2006333288,PAYMENT,51717.80,2026-01-22 21:32:21.0000000,Online Payment,Pune,0,1,Medium
123437,C1440738080,C1596719616,CASH_IN,601023.63,2026-01-09 18:20:11.0000000,Cash Deposit,Delhi,0,1,Medium
123496,C1990499842,C480219438,CASH_IN,745805.69,2026-01-01 09:16:55.0000000,Cash Deposit,Pune,0,1,Medium
123826,C385752594,C214850275,TRANSFER,4741184.00,2026-01-13 11:58:50.0000000,Wire Transfer,Delhi,0,1,Medium
124438,C1993312064,M1625426049,PAYMENT,56440.33,2026-01-17 09:59:47.0000000,Online Payment,Delhi,0,1,Medium
124477,C1433329690,M932344381,PAYMENT,97055.77,2026-01-23 16:15:34.0000000,Online Payment,Mumbai,0,1,Medium
124603,C42924814,M1743254512,PAYMENT,55289.16,2026-01-02 12:21:20.0000000,Online Payment,Bangalore,0,1,Medium
124894,C1947469136,M1129234470,PAYMENT,69396.11,2026-01-13 10:36:57.0000000,Online Payment,Bangalore,0,1,Medium
125214,C876098325,M1008822359,PAYMENT,51998.39,2026-01-21 12:07:08.0000000,Online Payment,Ahmedabad,0,1,Medium
125215,C816364174,M435440685,PAYMENT,63880.36,2026-01-17 10:14:45.0000000,Online Payment,Mumbai,0,1,Medium
125279,C182496108,M2068688354,PAYMENT,57330.20,2026-01-01 22:57:40.0000000,Online Payment,Hyderabad,0,1,Medium
125313,C192635290,M49607952,PAYMENT,57401.98,2026-01-17 17:13:47.0000000,Online Payment,Hyderabad,0,1,Medium
125320,C1339640825,M1168833301,PAYMENT,70568.56,2026-01-15 12:03:00.0000000,Online Payment,Hyderabad,0,1,Medium
125444,C821876755,M1105787719,PAYMENT,50920.55,2026-01-01 11:11:30.0000000,Online Payment,Hyderabad,0,1,Medium
125538,C606518405,C201267993,TRANSFER,4374089.00,2026-01-13 16:36:56.0000000,Wire Transfer,Chennai,0,1,Medium
125580,C924998479,M1825647881,PAYMENT,63306.58,2026-01-12 16:47:30.0000000,Online Payment,Pune,0,1,Medium
125703,C1927568532,M1438784469,PAYMENT,86677.04,2026-01-09 16:43:01.0000000,Online Payment,Mumbai,0,1,Medium
125862,C78316246,C1632047174,CASH_IN,635867.13,2026-01-13 16:54:22.0000000,Cash Deposit,Delhi,0,1,Medium
125885,C229800112,M624687566,PAYMENT,58160.49,2026-01-17 17:48:28.0000000,Online Payment,Pune,0,1,Medium
125888,C593100440,M2039945501,PAYMENT,82954.87,2026-01-17 09:50:56.0000000,Online Payment,Kolkata,0,1,Medium
125978,C1593777839,M1548190762,PAYMENT,54595.88,2026-01-13 21:18:00.0000000,Online Payment,Pune,0,1,Medium
126022,C2142467129,C941328016,CASH_IN,572090.75,2026-01-06 14:44:01.0000000,Cash Deposit,Hyderabad,0,1,Medium
126153,C866299045,M770114315,PAYMENT,51100.77,2026-01-17 17:07:42.0000000,Online Payment,Pune,0,1,Medium
126161,C1797641609,C527425819,CASH_IN,684231.56,2026-01-06 11:57:55.0000000,Cash Deposit,Mumbai,0,1,Medium
126210,C1854863148,M1373940177,PAYMENT,50858.31,2026-01-15 11:42:14.0000000,Online Payment,Bangalore,0,1,Medium
126318,C1765142363,M33165354,PAYMENT,56447.32,2026-01-12 15:31:02.0000000,Online Payment,Ahmedabad,0,1,Medium
126445,C69578760,C1185442428,CASH_IN,590722.25,2026-01-08 11:40:59.0000000,Wire Transfer,Bangalore,0,1,Medium
126483,C983666164,C75011604,TRANSFER,5997540.00,2026-01-14 16:10:42.0000000,Wire Transfer,Bangalore,0,1,Medium
126567,C2038060065,C1827670764,TRANSFER,4436709.50,2026-01-13 22:38:09.0000000,Wire Transfer,Kolkata,0,1,Medium
126590,C1795314109,M985800268,PAYMENT,51934.88,2026-01-17 17:12:24.0000000,Online Payment,Bangalore,0,1,Medium
126635,C1873852160,C929394933,CASH_IN,587155.38,2026-01-16 12:13:14.0000000,Cash Deposit,Chennai,0,1,Medium
127095,C548635128,M423581586,PAYMENT,56370.72,2026-01-13 23:44:00.0000000,Online Payment,Mumbai,0,1,Medium
127106,C1508799722,M2077045156,PAYMENT,51335.63,2026-01-16 17:18:51.0000000,Online Payment,Delhi,0,1,Medium
127197,C93608518,M1740356196,PAYMENT,54014.68,2026-01-14 20:31:13.0000000,Online Payment,Mumbai,0,1,Medium
127213,C1944770587,M1991768196,PAYMENT,52229.51,2026-01-15 13:24:52.0000000,Online Payment,Mumbai,0,1,Medium
127223,C829789535,M1467281145,PAYMENT,107717.98,2026-01-12 22:36:28.0000000,Online Payment,Ahmedabad,0,1,Medium
127253,C33980577,C1353982882,CASH_IN,730350.00,2026-01-07 20:19:30.0000000,Cash Deposit,Chennai,0,1,Medium
127296,C33554464,M261656313,PAYMENT,59452.62,2026-01-13 16:31:55.0000000,Online Payment,Ahmedabad,0,1,Medium
127409,C1868003415,M523655798,PAYMENT,63525.73,2026-01-10 15:43:53.0000000,Online Payment,Mumbai,0,1,Medium
127471,C385495621,C260775925,TRANSFER,9923476.00,2026-01-14 13:09:29.0000000,Wire Transfer,Hyderabad,0,1,Medium
127570,C426734274,C1521213317,CASH_IN,560553.06,2026-01-17 11:46:05.0000000,Cash Deposit,Bangalore,0,1,Medium
127607,C390066413,M822686586,PAYMENT,54225.57,2026-01-14 11:36:39.0000000,Online Payment,Ahmedabad,0,1,Medium
127726,C84548220,C222978262,CASH_IN,555374.81,2026-01-11 12:57:43.0000000,Cash Deposit,Pune,0,1,Medium
127884,C1874675396,M526476568,PAYMENT,67768.45,2026-01-17 16:52:57.0000000,Online Payment,Hyderabad,0,1,Medium
127911,C1371287786,M712782079,PAYMENT,76002.87,2026-01-17 16:34:21.0000000,Online Payment,Kolkata,0,1,Medium
127965,C1117636948,C1004116292,CASH_IN,591209.00,2026-01-01 09:09:56.0000000,Wire Transfer,Mumbai,0,1,Medium
128139,C233011962,M2045294539,PAYMENT,51909.07,2026-01-14 13:32:30.0000000,Online Payment,Pune,0,1,Medium
128197,C2055072277,M1183330,PAYMENT,53635.68,2026-01-11 12:39:25.0000000,Online Payment,Chennai,0,1,Medium
128313,C23551793,M593819720,PAYMENT,55516.45,2026-01-10 09:42:42.0000000,Online Payment,Delhi,0,1,Medium
128384,C704243692,M870444664,PAYMENT,68406.03,2026-01-09 13:37:18.0000000,Online Payment,Delhi,0,1,Medium
128422,C698637305,M1220566808,PAYMENT,52698.48,2026-01-15 22:49:21.0000000,Online Payment,Kolkata,0,1,Medium
128447,C1309197220,M1324608749,PAYMENT,99136.91,2026-01-10 09:08:51.0000000,Online Payment,Delhi,0,1,Medium
128468,C1068038241,M938835368,PAYMENT,58074.36,2026-01-17 09:43:47.0000000,Online Payment,Kolkata,0,1,Medium
128520,C327006068,C1643315505,CASH_IN,627372.13,2026-01-04 23:48:39.0000000,Cash Deposit,Chennai,0,1,Medium
128578,C613367594,M234921425,PAYMENT,65499.24,2026-01-13 19:43:36.0000000,Online Payment,Chennai,0,1,Medium
128658,C629456473,C674832203,CASH_IN,693088.75,2026-01-09 10:56:04.0000000,Cash Deposit,Chennai,0,1,Medium
128716,C141903539,C2081764131,CASH_IN,594424.44,2026-01-08 12:52:03.0000000,Wire Transfer,Kolkata,0,1,Medium
128726,C1939041282,M1903744871,PAYMENT,71860.96,2026-01-22 10:26:18.0000000,Online Payment,Ahmedabad,0,1,Medium
128772,C1974094982,M1920179904,PAYMENT,56442.49,2026-01-10 09:23:28.0000000,Online Payment,Pune,0,1,Medium
128861,C839245964,M153781469,PAYMENT,78308.90,2026-01-14 10:16:15.0000000,Online Payment,Ahmedabad,0,1,Medium
128955,C1285672323,M464421465,PAYMENT,66929.87,2026-01-14 16:06:44.0000000,Online Payment,Bangalore,0,1,Medium
128973,C24280069,M545296003,PAYMENT,52504.83,2026-01-01 12:22:07.0000000,Online Payment,Pune,0,1,Medium
129011,C105758954,M1316767678,PAYMENT,68157.97,2026-01-13 13:18:17.0000000,Online Payment,Delhi,0,1,Medium
129047,C467110355,M1788009521,PAYMENT,59155.46,2026-01-06 13:08:01.0000000,Online Payment,Bangalore,0,1,Medium
129229,C1951063022,C584033259,CASH_IN,669831.25,2026-01-14 17:51:01.0000000,Cash Deposit,Pune,0,1,Medium
129320,C1211363302,C710603144,TRANSFER,6947751.00,2026-01-15 10:32:16.0000000,Wire Transfer,Delhi,0,1,Medium
129373,C56114033,M1098292324,PAYMENT,50580.06,2026-01-16 19:59:30.0000000,Online Payment,Delhi,0,1,Medium
129458,C1675509129,C826934265,TRANSFER,8325819.50,2026-01-13 17:35:39.0000000,Wire Transfer,Hyderabad,0,1,Medium
129551,C2083254618,M1129572294,PAYMENT,61756.13,2026-01-02 21:11:22.0000000,Online Payment,Chennai,0,1,Medium
129608,C114355889,M1830719499,PAYMENT,51131.09,2026-01-11 11:46:33.0000000,Online Payment,Pune,0,1,Medium
129728,C2043441173,M1136446505,PAYMENT,65082.07,2026-01-10 00:28:01.0000000,Online Payment,Bangalore,0,1,Medium
129796,C1257573794,M1709885627,PAYMENT,81175.08,2026-01-16 13:25:35.0000000,Online Payment,Delhi,0,1,Medium
129836,C1694638070,M2058814272,PAYMENT,60698.93,2026-01-13 14:55:05.0000000,Online Payment,Kolkata,0,1,Medium
129843,C1058240771,M109342663,PAYMENT,57072.61,2026-01-16 16:28:00.0000000,Online Payment,Kolkata,0,1,Medium
129888,C1771424646,M1791511056,PAYMENT,67398.62,2026-01-11 10:05:02.0000000,Online Payment,Kolkata,0,1,Medium
129894,C2025427107,M1269044420,PAYMENT,88425.17,2026-01-07 16:25:42.0000000,Online Payment,Hyderabad,0,1,Medium
130072,C1372271381,M119305817,PAYMENT,56823.22,2026-01-09 01:17:46.0000000,Online Payment,Pune,0,1,Medium
130179,C1686701144,M1074665370,PAYMENT,61248.50,2026-01-12 21:23:40.0000000,Online Payment,Hyderabad,0,1,Medium
130693,C2077750730,C238135055,CASH_IN,554683.25,2026-01-15 11:47:10.0000000,Wire Transfer,Bangalore,0,1,Medium
130721,C2069217972,M1082367610,PAYMENT,94022.24,2026-01-18 11:58:52.0000000,Online Payment,Ahmedabad,0,1,Medium
130780,C885644494,M69990741,PAYMENT,55836.29,2026-01-17 17:38:29.0000000,Online Payment,Chennai,0,1,Medium
130812,C1938363218,M1581322473,PAYMENT,86070.15,2026-01-15 12:05:34.0000000,Online Payment,Mumbai,0,1,Medium
131035,C126394655,M728201321,PAYMENT,75375.15,2026-01-13 15:53:15.0000000,Online Payment,Mumbai,0,1,Medium
131090,C539805453,C449655376,TRANSFER,4253451.00,2026-01-13 10:18:06.0000000,Wire Transfer,Bangalore,0,1,Medium
131223,C1069798238,C239330900,TRANSFER,8604291.00,2026-01-14 11:48:53.0000000,Wire Transfer,Delhi,0,1,Medium
131250,C2026512821,M1740509934,PAYMENT,70306.27,2026-01-09 01:36:06.0000000,Online Payment,Pune,0,1,Medium
131495,C1308364615,C1070927039,CASH_IN,599343.31,2026-01-24 15:34:47.0000000,Cash Deposit,Chennai,0,1,Medium
131521,C1661166447,M276495662,PAYMENT,82592.70,2026-01-10 09:23:41.0000000,Online Payment,Hyderabad,0,1,Medium
131524,C1618488547,M241845321,PAYMENT,54068.26,2026-01-06 09:00:26.0000000,Online Payment,Chennai,0,1,Medium
131546,C1628456249,M1208746273,PAYMENT,54821.79,2026-01-23 12:18:57.0000000,Online Payment,Bangalore,0,1,Medium
131683,C2025738743,C1293978242,TRANSFER,5312887.50,2026-01-13 22:24:28.0000000,Wire Transfer,Hyderabad,0,1,Medium
131786,C1907125928,C478218189,CASH_IN,842527.44,2026-01-16 11:43:57.0000000,Cash Deposit,Chennai,0,1,Medium
131811,C1647117108,M1068641723,PAYMENT,51634.81,2026-01-15 12:47:52.0000000,Online Payment,Chennai,0,1,Medium
132092,C1621909687,C517893792,CASH_IN,607027.19,2026-01-14 17:21:43.0000000,Cash Deposit,Hyderabad,0,1,Medium
132103,C665164659,M1254179790,PAYMENT,57728.56,2026-01-17 16:52:36.0000000,Online Payment,Chennai,0,1,Medium
132216,C457737043,M642253546,PAYMENT,51837.41,2026-01-06 15:46:04.0000000,Online Payment,Pune,0,1,Medium
132229,C844350549,C206176021,TRANSFER,4821190.00,2026-01-26 19:10:45.0000000,Wire Transfer,Kolkata,0,1,Medium
132246,C625909536,M539166550,PAYMENT,75618.23,2026-01-06 13:03:06.0000000,Online Payment,Mumbai,0,1,Medium
132621,C2054204447,M294153725,PAYMENT,56675.63,2026-01-10 09:49:29.0000000,Online Payment,Mumbai,0,1,Medium
132625,C90979888,C1007251739,CASH_IN,658546.19,2026-01-13 19:38:38.0000000,Cash Deposit,Chennai,0,1,Medium
132638,C168835774,M1028719675,PAYMENT,53900.89,2026-01-17 15:07:38.0000000,Online Payment,Kolkata,0,1,Medium
132916,C818589502,M973107593,PAYMENT,110679.96,2026-01-14 01:45:16.0000000,Online Payment,Kolkata,0,1,Medium
132919,C327348190,M254345855,PAYMENT,63755.79,2026-01-12 19:16:56.0000000,Online Payment,Pune,0,1,Medium
132923,C1844112055,M1876230435,PAYMENT,61601.76,2026-01-11 11:55:42.0000000,Online Payment,Mumbai,0,1,Medium
132963,C816396136,M1172598928,PAYMENT,56914.79,2026-01-17 10:58:20.0000000,Online Payment,Hyderabad,0,1,Medium
133257,C618906674,C1792855239,TRANSFER,4666519.00,2026-01-13 18:18:29.0000000,Wire Transfer,Pune,0,1,Medium
133428,C542097512,M59862586,PAYMENT,56862.76,2026-01-06 10:32:30.0000000,Online Payment,Chennai,0,1,Medium
133660,C1911038473,M779768997,PAYMENT,51496.10,2026-01-13 14:55:24.0000000,Online Payment,Mumbai,0,1,Medium
133735,C1966070879,C1497860336,TRANSFER,8867021.00,2026-01-13 21:56:43.0000000,Wire Transfer,Mumbai,0,1,Medium
133831,C848181566,M1230540476,PAYMENT,69778.55,2026-01-13 13:24:12.0000000,Online Payment,Kolkata,0,1,Medium
133915,C1409135876,C1799817985,CASH_IN,621156.00,2026-01-16 20:15:15.0000000,Cash Deposit,Pune,0,1,Medium
134006,C180096807,M1102530926,PAYMENT,52212.25,2026-01-08 15:36:53.0000000,Online Payment,Bangalore,0,1,Medium
134100,C718394882,M1392827632,PAYMENT,53422.61,2026-01-17 21:38:54.0000000,Online Payment,Mumbai,0,1,Medium
134113,C2140176960,M1949038991,PAYMENT,69505.48,2026-01-06 19:42:34.0000000,Online Payment,Mumbai,0,1,Medium
134211,C1726743000,C1783853631,CASH_IN,569812.00,2026-01-13 15:37:47.0000000,Cash Deposit,Delhi,0,1,Medium
134260,C520071975,M516531556,PAYMENT,93095.75,2026-01-13 09:23:52.0000000,Online Payment,Kolkata,0,1,Medium
134279,C58397491,C499066189,TRANSFER,6306091.50,2026-01-13 16:09:09.0000000,Wire Transfer,Hyderabad,0,1,Medium
134960,C1659836841,M1877611351,PAYMENT,51026.53,2026-01-18 00:13:12.0000000,Online Payment,Pune,0,1,Medium
135183,C1204364460,C811323074,CASH_IN,632239.44,2026-01-06 10:56:40.0000000,Wire Transfer,Hyderabad,0,1,Medium
135243,C15550832,C1660931322,TRANSFER,5911942.50,2026-01-14 16:18:54.0000000,Wire Transfer,Bangalore,0,1,Medium
135321,C1248332227,M1676596296,PAYMENT,53061.98,2026-01-14 13:50:40.0000000,Online Payment,Chennai,0,1,Medium
135364,C17080412,M1416624295,PAYMENT,84909.10,2026-01-02 13:38:13.0000000,Online Payment,Pune,0,1,Medium
135407,C1750736512,C872133258,CASH_OUT,2134565.50,2026-01-10 09:18:18.0000000,ATM Withdrawal,Delhi,0,1,Medium
135682,C1109436937,C855388453,CASH_IN,1095722.38,2026-01-07 12:56:47.0000000,Retail Debit,Pune,0,1,Medium
135881,C1991457113,M1541408940,PAYMENT,84936.64,2026-01-17 10:36:46.0000000,Online Payment,Mumbai,0,1,Medium
135988,C1946693851,C1295679246,CASH_IN,757795.63,2026-01-17 18:37:02.0000000,Cash Deposit,Delhi,0,1,Medium
135995,C1879599307,C112486282,TRANSFER,5426497.00,2026-01-16 10:30:57.0000000,Wire Transfer,Hyderabad,0,1,Medium
136146,C484580149,C1213130276,CASH_IN,881323.50,2026-01-08 19:42:33.0000000,Cash Deposit,Kolkata,0,1,Medium
136210,C1752861708,M1510790803,PAYMENT,60985.43,2026-01-10 11:48:29.0000000,Online Payment,Hyderabad,0,1,Medium
136258,C1584703810,M1031045360,PAYMENT,77349.37,2026-01-22 18:39:33.0000000,Online Payment,Ahmedabad,0,1,Medium
136259,C63788320,C267622957,TRANSFER,8666411.00,2026-01-13 13:27:32.0000000,Wire Transfer,Pune,0,1,Medium
136453,C1721804570,C509250177,TRANSFER,9141925.00,2026-01-16 12:30:50.0000000,Wire Transfer,Ahmedabad,0,1,Medium
136456,C1917594208,M2054229690,PAYMENT,59937.02,2026-01-10 12:10:36.0000000,Online Payment,Chennai,0,1,Medium
136639,C726171828,C1976839894,TRANSFER,4793912.50,2026-01-15 09:21:39.0000000,Wire Transfer,Ahmedabad,0,1,Medium
136716,C795396974,M642363182,PAYMENT,60558.55,2026-01-09 18:04:33.0000000,Online Payment,Mumbai,0,1,Medium
137127,C510897221,C2095993597,CASH_IN,622261.94,2026-01-15 11:34:24.0000000,Cash Deposit,Hyderabad,0,1,Medium
137137,C317475447,M964713025,PAYMENT,73021.63,2026-01-15 13:01:53.0000000,Online Payment,Hyderabad,0,1,Medium
137228,C1749119320,C316573650,TRANSFER,6181894.50,2026-01-15 10:49:08.0000000,Wire Transfer,Mumbai,0,1,Medium
137304,C590787217,M1804665008,PAYMENT,56181.02,2026-01-06 09:31:12.0000000,Online Payment,Kolkata,0,1,Medium
137390,C1754547438,M1929580018,PAYMENT,62231.98,2026-01-13 12:16:54.0000000,Online Payment,Pune,0,1,Medium
137649,C746282870,M1068038549,PAYMENT,53567.68,2026-01-11 13:24:07.0000000,Online Payment,Kolkata,0,1,Medium
137739,C1481753923,C2104483237,TRANSFER,7520747.00,2026-01-15 12:16:28.0000000,Wire Transfer,Mumbai,0,1,Medium
137886,C1136584517,M907763953,PAYMENT,63000.62,2026-01-10 10:54:15.0000000,Online Payment,Bangalore,0,1,Medium
137987,C926264065,M638112615,PAYMENT,50987.76,2026-01-09 19:45:22.0000000,Online Payment,Ahmedabad,0,1,Medium
138043,C1555331933,M1983030636,PAYMENT,66004.89,2026-01-10 01:23:01.0000000,Online Payment,Kolkata,0,1,Medium
138088,C2002766185,M1518131080,PAYMENT,58817.76,2026-01-09 23:43:37.0000000,Online Payment,Hyderabad,0,1,Medium
138289,C1830038578,M1866836681,PAYMENT,59514.55,2026-01-06 10:57:02.0000000,Online Payment,Chennai,0,1,Medium
138546,C1266593514,M361717574,PAYMENT,51354.75,2026-01-06 15:02:57.0000000,Online Payment,Hyderabad,0,1,Medium
138627,C391550591,C986203779,TRANSFER,5001214.50,2026-01-17 16:40:34.0000000,Wire Transfer,Ahmedabad,0,1,Medium
138671,C198150076,M1191981869,PAYMENT,51998.96,2026-01-15 13:10:05.0000000,Online Payment,Bangalore,0,1,Medium
138723,C2130057450,C622317099,TRANSFER,5914362.50,2026-01-14 15:33:52.0000000,Wire Transfer,Ahmedabad,0,1,Medium
138753,C1211999513,C1367191712,CASH_IN,581878.81,2026-01-07 11:34:37.0000000,Cash Deposit,Mumbai,0,1,Medium
138915,C1354450851,C484360279,TRANSFER,6178160.00,2026-01-15 16:53:00.0000000,Wire Transfer,Kolkata,0,1,Medium
139053,C1544286297,C1956433714,CASH_IN,715404.75,2026-01-02 12:40:12.0000000,Cash Deposit,Ahmedabad,0,1,Medium
139405,C762514000,M1974556601,PAYMENT,51570.86,2026-01-09 20:10:45.0000000,Online Payment,Hyderabad,0,1,Medium
139464,C92654871,M1377835640,PAYMENT,50621.86,2026-01-14 23:41:08.0000000,Online Payment,Pune,0,1,Medium
139521,C1986795596,M1370230599,PAYMENT,53143.58,2026-01-11 10:33:15.0000000,Online Payment,Hyderabad,0,1,Medium
139615,C858499476,M414732342,PAYMENT,62375.83,2026-01-08 17:10:03.0000000,Online Payment,Ahmedabad,0,1,Medium
139654,C2026950409,M1863488274,PAYMENT,55522.00,2026-01-17 22:01:56.0000000,Online Payment,Chennai,0,1,Medium
139994,C1784434360,M731605524,PAYMENT,50954.59,2026-01-17 17:17:55.0000000,Online Payment,Hyderabad,0,1,Medium
140158,C139890255,M283399813,PAYMENT,75408.13,2026-01-14 10:12:03.0000000,Online Payment,Mumbai,0,1,Medium
140216,C1546128562,M521873923,PAYMENT,73987.15,2026-01-10 11:03:02.0000000,Online Payment,Bangalore,0,1,Medium
140270,C1477895453,M1008200366,PAYMENT,54131.76,2026-01-13 10:49:14.0000000,Online Payment,Hyderabad,0,1,Medium
140308,C1979780347,C1481290928,TRANSFER,5275608.50,2026-01-16 10:01:43.0000000,Wire Transfer,Bangalore,0,1,Medium
140321,C1432443237,C1912168466,CASH_IN,775361.38,2026-01-13 09:17:35.0000000,Cash Deposit,Mumbai,0,1,Medium
140345,C1206544501,M1263647393,PAYMENT,96101.19,2026-01-22 21:36:08.0000000,Online Payment,Ahmedabad,0,1,Medium
140518,C1027061946,C524698314,TRANSFER,4495336.00,2026-01-13 20:50:21.0000000,Wire Transfer,Delhi,0,1,Medium
140599,C1075793894,M1143071566,PAYMENT,52487.43,2026-01-13 18:11:21.0000000,Online Payment,Delhi,0,1,Medium
140655,C900313168,C1476733212,CASH_IN,564365.25,2026-01-01 17:19:23.0000000,Cash Deposit,Kolkata,0,1,Medium
140697,C784131375,M1408684029,PAYMENT,76555.30,2026-01-08 12:49:30.0000000,Online Payment,Ahmedabad,0,1,Medium
141140,C1255509448,M363538775,PAYMENT,51206.63,2026-01-13 11:54:24.0000000,Online Payment,Hyderabad,0,1,Medium
141336,C530167425,C579868061,CASH_IN,603739.19,2026-01-09 17:20:16.0000000,Cash Deposit,Ahmedabad,0,1,Medium
141577,C1865452554,M303275533,PAYMENT,59227.82,2026-01-13 19:13:25.0000000,Online Payment,Bangalore,0,1,Medium
142055,C1955854445,C1630590777,CASH_IN,555157.00,2026-01-11 13:19:09.0000000,Cash Deposit,Hyderabad,0,1,Medium
142151,C237329806,C1193495878,CASH_IN,613476.50,2026-01-15 19:43:15.0000000,Cash Deposit,Pune,0,1,Medium
142384,C665647270,C1454920147,CASH_IN,594348.50,2026-01-13 13:07:51.0000000,Cash Deposit,Ahmedabad,0,1,Medium
142458,C2138940789,C2143227151,CASH_IN,710885.75,2026-01-10 10:22:03.0000000,Wire Transfer,Chennai,0,1,Medium
142529,C2014120473,M562293941,PAYMENT,65610.70,2026-01-15 11:16:23.0000000,Online Payment,Hyderabad,0,1,Medium
142818,C1922667398,C258750251,TRANSFER,7140567.00,2026-01-22 18:05:22.0000000,Wire Transfer,Ahmedabad,0,1,Medium
142951,C1400459137,M1347099291,PAYMENT,51821.58,2026-01-15 09:19:58.0000000,Online Payment,Ahmedabad,0,1,Medium
142999,C1219669683,M1199296379,PAYMENT,72556.21,2026-01-14 16:41:55.0000000,Online Payment,Mumbai,0,1,Medium
143003,C1233672677,C1436871192,CASH_IN,556866.25,2026-01-29 09:36:39.0000000,Cash Deposit,Chennai,0,1,Medium
143349,C173904085,C1783666931,CASH_IN,766504.88,2026-01-12 19:54:33.0000000,Cash Deposit,Mumbai,0,1,Medium
143424,C1301371283,M745385538,PAYMENT,92095.96,2026-01-18 11:04:24.0000000,Online Payment,Bangalore,0,1,Medium
143435,C1156081456,C690442140,TRANSFER,4624838.50,2026-01-15 11:46:30.0000000,Wire Transfer,Kolkata,0,1,Medium
143440,C563110282,M219788773,PAYMENT,68176.44,2026-01-17 00:47:33.0000000,Online Payment,Delhi,0,1,Medium
143654,C673290699,C1702890857,TRANSFER,5979992.50,2026-01-14 16:54:36.0000000,Wire Transfer,Bangalore,0,1,Medium
143828,C966303046,C1426484364,TRANSFER,5065123.00,2026-01-14 10:47:24.0000000,Wire Transfer,Hyderabad,0,1,Medium
143857,C1953340058,M184600747,PAYMENT,55656.79,2026-01-17 23:04:57.0000000,Online Payment,Mumbai,0,1,Medium
144023,C1164219473,M97166394,PAYMENT,55334.45,2026-01-08 16:09:39.0000000,Online Payment,Chennai,0,1,Medium
144123,C4071147,M1519453657,PAYMENT,73653.85,2026-01-14 16:42:50.0000000,Online Payment,Ahmedabad,0,1,Medium
144234,C1349416078,M1306533326,PAYMENT,50839.27,2026-01-16 12:37:06.0000000,Online Payment,Hyderabad,0,1,Medium
144329,C91528431,M1434900864,PAYMENT,63908.33,2026-01-14 14:51:32.0000000,Online Payment,Bangalore,0,1,Medium
144478,C784571834,M228402054,PAYMENT,54931.52,2026-01-17 16:47:27.0000000,Online Payment,Kolkata,0,1,Medium
144527,C2090582516,M2135026107,PAYMENT,70408.21,2026-01-14 17:11:37.0000000,Online Payment,Kolkata,0,1,Medium
144635,C413912522,C995612459,CASH_IN,559464.56,2026-01-14 02:37:28.0000000,Cash Deposit,Pune,0,1,Medium
144755,C908327548,C193853809,CASH_IN,591918.94,2026-01-02 12:20:05.0000000,Cash Deposit,Delhi,0,1,Medium
145054,C893014678,M1425084526,PAYMENT,56627.44,2026-01-08 13:09:26.0000000,Online Payment,Pune,0,1,Medium
145122,C978142370,C2080035418,TRANSFER,5018002.50,2026-01-16 10:03:40.0000000,Wire Transfer,Chennai,0,1,Medium
145269,C1977740940,M397158108,PAYMENT,52385.61,2026-01-13 12:01:47.0000000,Online Payment,Kolkata,0,1,Medium
145278,C1374819585,C9000421,CASH_IN,960684.88,2026-01-06 16:34:20.0000000,Cash Deposit,Chennai,0,1,Medium
145302,C621871290,M1041284545,PAYMENT,54502.63,2026-01-23 12:27:43.0000000,Online Payment,Kolkata,0,1,Medium
145310,C2099669500,M538921753,PAYMENT,59352.82,2026-01-10 10:44:44.0000000,Online Payment,Pune,0,1,Medium
145352,C1043315137,M1625591526,PAYMENT,61847.25,2026-01-17 09:29:06.0000000,Online Payment,Kolkata,0,1,Medium
145365,C2054308172,C712956587,CASH_IN,630213.31,2026-01-16 19:40:25.0000000,Cash Deposit,Kolkata,0,1,Medium
145414,C884436890,C1365911613,CASH_IN,579235.44,2026-01-08 23:58:03.0000000,Cash Deposit,Mumbai,0,1,Medium
145483,C1505013233,M491724399,PAYMENT,53291.90,2026-01-08 12:21:49.0000000,Online Payment,Pune,0,1,Medium
145699,C1785984239,C653305407,CASH_IN,634561.88,2026-01-13 19:35:14.0000000,Cash Deposit,Kolkata,0,1,Medium
145823,C1121134251,M104869951,PAYMENT,74149.01,2026-01-13 20:21:41.0000000,Online Payment,Pune,0,1,Medium
145825,C876835740,M1013031049,PAYMENT,58190.13,2026-01-14 11:14:19.0000000,Online Payment,Pune,0,1,Medium
145908,C991882346,M1428390935,PAYMENT,58687.69,2026-01-26 12:55:45.0000000,Online Payment,Bangalore,0,1,Medium
145989,C1815432022,M1747216601,PAYMENT,68636.61,2026-01-14 16:50:29.0000000,Online Payment,Ahmedabad,0,1,Medium
146024,C2073558074,C831691096,CASH_IN,641617.25,2026-01-13 18:14:46.0000000,Cash Deposit,Bangalore,0,1,Medium
146028,C1562379135,C641283691,CASH_IN,550866.06,2026-01-15 09:43:42.0000000,Cash Deposit,Pune,0,1,Medium
146046,C1851083484,M1788940565,PAYMENT,57872.08,2026-01-14 20:06:16.0000000,Online Payment,Bangalore,0,1,Medium
146048,C794739393,M128975334,PAYMENT,52066.22,2026-01-02 11:11:42.0000000,Online Payment,Chennai,0,1,Medium
146179,C1810727644,M593971217,PAYMENT,70072.24,2026-01-06 10:12:05.0000000,Online Payment,Mumbai,0,1,Medium
146287,C853351061,C1176195356,DEBIT,183489.55,2026-01-11 13:04:13.0000000,Wire Transfer,Bangalore,0,1,Medium
146476,C1891857602,C582969450,CASH_IN,608499.06,2026-01-11 15:52:43.0000000,Cash Deposit,Pune,0,1,Medium
146527,C219754288,M1597368657,PAYMENT,55222.09,2026-01-10 16:41:25.0000000,Online Payment,Ahmedabad,0,1,Medium
146673,C1426423346,C728233805,TRANSFER,4307972.50,2026-01-08 09:41:22.0000000,Wire Transfer,Ahmedabad,0,1,Medium
146743,C1916832661,M1037990049,PAYMENT,53345.35,2026-01-10 11:30:46.0000000,Online Payment,Bangalore,0,1,Medium
146849,C1305802120,C1101724579,CASH_IN,547106.75,2026-01-17 11:46:06.0000000,Cash Deposit,Ahmedabad,0,1,Medium
146905,C1804471242,M268110842,PAYMENT,52037.68,2026-01-11 11:54:33.0000000,Online Payment,Ahmedabad,0,1,Medium
147064,C235870639,M1027980173,PAYMENT,67884.46,2026-01-12 17:18:56.0000000,Online Payment,Delhi,0,1,Medium
147303,C1230731891,M936522671,PAYMENT,59286.09,2026-01-11 11:46:37.0000000,Online Payment,Mumbai,0,1,Medium
147445,C1487279422,M410798775,PAYMENT,51045.67,2026-01-08 12:58:46.0000000,Online Payment,Delhi,0,1,Medium
147558,C538224520,M1362306630,PAYMENT,66986.81,2026-01-14 10:32:54.0000000,Online Payment,Ahmedabad,0,1,Medium
147659,C2097594500,M1023880904,PAYMENT,63205.38,2026-01-15 11:06:05.0000000,Online Payment,Pune,0,1,Medium
147695,C1770711439,M548327799,PAYMENT,58174.45,2026-01-14 20:36:04.0000000,Online Payment,Delhi,0,1,Medium
147768,C597300885,C1120891618,TRANSFER,5195467.50,2026-01-16 10:42:26.0000000,Wire Transfer,Delhi,0,1,Medium
147773,C1457048137,C1715646068,CASH_IN,724534.25,2026-01-06 11:27:50.0000000,Cash Deposit,Kolkata,0,1,Medium
147884,C276608580,C350319676,TRANSFER,5669961.00,2026-01-13 17:57:27.0000000,Wire Transfer,Pune,0,1,Medium
148011,C1827142578,M1830908020,PAYMENT,67204.46,2026-01-09 16:59:45.0000000,Online Payment,Bangalore,0,1,Medium
148012,C266287087,C1173670368,TRANSFER,8367906.50,2026-01-13 17:02:16.0000000,Wire Transfer,Bangalore,0,1,Medium
148245,C1562587447,M1330760115,PAYMENT,53822.39,2026-01-13 11:05:32.0000000,Online Payment,Mumbai,0,1,Medium
148342,C1957899967,M286144898,PAYMENT,75578.25,2026-01-13 09:13:55.0000000,Online Payment,Ahmedabad,0,1,Medium
148383,C1734909010,M1616800643,PAYMENT,63377.27,2026-01-11 13:51:51.0000000,Online Payment,Kolkata,0,1,Medium
148604,C727249853,C1804618754,TRANSFER,7090332.50,2026-01-21 15:26:14.0000000,Wire Transfer,Delhi,0,1,Medium
148927,C1390949423,M53277905,PAYMENT,59279.79,2026-01-17 16:40:01.0000000,Online Payment,Chennai,0,1,Medium
149179,C1476025017,M953851363,PAYMENT,86514.72,2026-01-11 11:14:41.0000000,Online Payment,Hyderabad,0,1,Medium
149256,C1684370329,M482377935,PAYMENT,64497.41,2026-01-17 16:04:40.0000000,Online Payment,Mumbai,0,1,Medium
149315,C373132241,M638432919,PAYMENT,61681.67,2026-01-16 20:28:13.0000000,Online Payment,Mumbai,0,1,Medium
149321,C781965600,M2005137364,PAYMENT,61190.01,2026-01-13 14:15:20.0000000,Online Payment,Bangalore,0,1,Medium
149372,C257206123,M513234343,PAYMENT,55737.08,2026-01-13 09:40:07.0000000,Online Payment,Pune,0,1,Medium
149649,C370056157,C922050055,CASH_IN,567591.44,2026-01-06 11:04:26.0000000,Cash Deposit,Ahmedabad,0,1,Medium
149818,C1683939113,M1779601126,PAYMENT,76400.75,2026-01-10 10:00:23.0000000,Online Payment,Mumbai,0,1,Medium
150005,C1714927811,C1388986632,TRANSFER,6315910.50,2026-01-23 10:01:59.0000000,Wire Transfer,Hyderabad,0,1,Medium
150119,C1518734474,C580792838,TRANSFER,8433086.00,2026-01-15 18:07:22.0000000,Wire Transfer,Hyderabad,0,1,Medium
150160,C281482851,C978966074,TRANSFER,6505576.50,2026-01-13 16:54:53.0000000,Wire Transfer,Kolkata,0,1,Medium
150467,C1546926640,C1822664377,CASH_IN,664833.44,2026-01-11 19:54:58.0000000,Cash Deposit,Ahmedabad,0,1,Medium
150581,C1470428348,M319530837,PAYMENT,59899.48,2026-01-10 09:07:55.0000000,Online Payment,Bangalore,0,1,Medium
150671,C1520031127,M285221827,PAYMENT,53166.72,2026-01-13 15:46:57.0000000,Online Payment,Mumbai,0,1,Medium
150774,C115623765,M1302396240,PAYMENT,51061.62,2026-01-17 13:16:26.0000000,Online Payment,Mumbai,0,1,Medium
150935,C1229996625,C1349640680,CASH_IN,570820.50,2026-01-09 14:59:47.0000000,Cash Deposit,Bangalore,0,1,Medium
151222,C1207671019,M41756149,PAYMENT,73847.02,2026-01-12 22:23:14.0000000,Online Payment,Mumbai,0,1,Medium
151263,C291441466,M375719977,PAYMENT,52895.06,2026-01-17 17:47:38.0000000,Online Payment,Bangalore,0,1,Medium
151349,C925087603,C149208105,CASH_IN,660176.19,2026-01-09 19:46:16.0000000,Cash Deposit,Pune,0,1,Medium
151404,C981938209,C1375476718,TRANSFER,4530316.50,2026-01-15 12:19:35.0000000,Wire Transfer,Hyderabad,0,1,Medium
151407,C1353244335,M1399640671,PAYMENT,52101.03,2026-01-13 10:48:05.0000000,Online Payment,Pune,0,1,Medium
151413,C1536331620,C711905611,CASH_IN,600168.25,2026-01-12 16:13:55.0000000,Cash Deposit,Kolkata,0,1,Medium
151447,C549827319,C743444789,CASH_IN,682383.13,2026-01-08 17:30:12.0000000,Cash Deposit,Hyderabad,0,1,Medium
151582,C1979214076,M575833279,PAYMENT,54223.16,2026-01-13 15:15:32.0000000,Online Payment,Delhi,0,1,Medium
151807,C237952762,C525703784,CASH_IN,549543.75,2026-01-12 11:14:05.0000000,Cash Deposit,Hyderabad,0,1,Medium
151836,C1324820548,M301223616,PAYMENT,54839.52,2026-01-24 22:41:30.0000000,Online Payment,Chennai,0,1,Medium
152106,C285415635,M2085533727,PAYMENT,77274.20,2026-01-02 12:48:48.0000000,Online Payment,Kolkata,0,1,Medium
152181,C2136195158,M853144106,PAYMENT,55423.32,2026-01-01 13:42:55.0000000,Online Payment,Bangalore,0,1,Medium
152256,C525539060,M78288439,PAYMENT,81937.93,2026-01-15 11:03:58.0000000,Online Payment,Delhi,0,1,Medium
152456,C1146067867,M412660235,PAYMENT,69133.61,2026-01-12 16:51:42.0000000,Online Payment,Ahmedabad,0,1,Medium
152748,C948269165,C441364923,CASH_IN,563828.63,2026-01-16 18:30:10.0000000,Cash Deposit,Bangalore,0,1,Medium
152861,C146823192,M1078897969,PAYMENT,54990.91,2026-01-13 11:17:18.0000000,Online Payment,Kolkata,0,1,Medium
152895,C778445167,C1944891789,TRANSFER,4373577.00,2026-01-17 10:17:32.0000000,Wire Transfer,Ahmedabad,0,1,Medium
152915,C782719430,M662337375,PAYMENT,51191.46,2026-01-17 19:46:30.0000000,Online Payment,Mumbai,0,1,Medium
152921,C1147335501,M1929285596,PAYMENT,57130.33,2026-01-08 22:36:38.0000000,Online Payment,Kolkata,0,1,Medium
152978,C1943883585,M1021694480,PAYMENT,50841.04,2026-01-16 22:41:09.0000000,Online Payment,Mumbai,0,1,Medium
153006,C1908366068,M178053957,PAYMENT,64807.40,2026-01-13 09:57:59.0000000,Online Payment,Ahmedabad,0,1,Medium
153085,C2004505973,C1623277492,DEBIT,130835.31,2026-01-01 10:05:14.0000000,Retail Debit,Mumbai,0,1,Medium
153244,C1944163868,C1715285413,CASH_IN,782105.00,2026-01-13 21:04:16.0000000,Cash Deposit,Delhi,0,1,Medium
153282,C1565228668,C71725122,CASH_IN,635943.44,2026-01-12 20:50:50.0000000,Wire Transfer,Delhi,0,1,Medium
153414,C166920903,C120820909,CASH_IN,701289.44,2026-01-02 17:17:32.0000000,Cash Deposit,Delhi,0,1,Medium
153552,C231937486,M873432468,PAYMENT,97539.44,2026-01-17 18:02:40.0000000,Online Payment,Kolkata,0,1,Medium
153576,C1363360466,C1332458757,TRANSFER,5446721.50,2026-01-14 19:41:35.0000000,Wire Transfer,Hyderabad,0,1,Medium
153603,C681838792,M125984796,PAYMENT,57074.02,2026-01-14 17:21:57.0000000,Online Payment,Pune,0,1,Medium
154011,C1442158834,C52288369,TRANSFER,8264348.50,2026-01-15 20:52:06.0000000,Wire Transfer,Kolkata,0,1,Medium
154067,C676881608,M197998373,PAYMENT,94361.68,2026-01-11 13:57:40.0000000,Online Payment,Pune,0,1,Medium
154221,C269956085,M1145395648,PAYMENT,51830.38,2026-01-16 16:50:08.0000000,Online Payment,Hyderabad,0,1,Medium
154236,C1757358668,M2056395206,PAYMENT,54822.10,2026-01-06 14:38:17.0000000,Online Payment,Delhi,0,1,Medium
154335,C1235013441,M1703566315,PAYMENT,88641.35,2026-01-14 17:44:44.0000000,Online Payment,Kolkata,0,1,Medium
154385,C422305953,M1975557172,PAYMENT,51788.14,2026-01-14 20:52:37.0000000,Online Payment,Delhi,0,1,Medium
154387,C1114174236,C834343327,CASH_IN,650902.06,2026-01-17 14:20:58.0000000,Cash Deposit,Bangalore,0,1,Medium
154508,C1971119256,M1502357040,PAYMENT,59616.37,2026-01-01 09:31:45.0000000,Online Payment,Delhi,0,1,Medium
154583,C525818158,C1876848829,CASH_IN,638101.06,2026-01-10 15:58:09.0000000,Cash Deposit,Delhi,0,1,Medium
154706,C1742981089,C791352442,CASH_IN,719597.50,2026-01-01 10:05:56.0000000,Cash Deposit,Mumbai,0,1,Medium
154755,C1473215918,M782980010,PAYMENT,65387.28,2026-01-17 15:53:55.0000000,Online Payment,Mumbai,0,1,Medium
154766,C1105793385,M1618328315,PAYMENT,76489.86,2026-01-09 12:53:31.0000000,Online Payment,Mumbai,0,1,Medium
154990,C906933445,M447995530,PAYMENT,75522.50,2026-01-11 10:49:45.0000000,Online Payment,Kolkata,0,1,Medium
154995,C110490758,M275295085,PAYMENT,61298.21,2026-01-09 22:05:00.0000000,Online Payment,Pune,0,1,Medium
155130,C324157828,M1132287631,PAYMENT,56937.75,2026-01-11 11:32:43.0000000,Online Payment,Pune,0,1,Medium
155135,C1326802108,C541123318,CASH_IN,660653.56,2026-01-02 15:35:43.0000000,Cash Deposit,Bangalore,0,1,Medium
155144,C1082182671,C1172367117,CASH_IN,629751.25,2026-01-07 14:41:55.0000000,Cash Deposit,Kolkata,0,1,Medium
155148,C303195751,C1444674764,CASH_IN,555424.94,2026-01-07 15:53:30.0000000,Cash Deposit,Delhi,0,1,Medium
155155,C1737424674,M2058513758,PAYMENT,60221.78,2026-01-10 12:31:47.0000000,Online Payment,Chennai,0,1,Medium
155476,C539244692,C1777012086,TRANSFER,5820050.50,2026-01-08 10:13:06.0000000,Wire Transfer,Delhi,0,1,Medium
155707,C1042330139,C683373010,TRANSFER,6139196.00,2026-01-13 19:11:41.0000000,Wire Transfer,Pune,0,1,Medium
155710,C565485953,C1305407034,CASH_IN,640022.50,2026-01-10 10:26:37.0000000,Cash Deposit,Kolkata,0,1,Medium
155805,C1483760319,C343923753,CASH_IN,555844.13,2026-01-06 14:16:49.0000000,Cash Deposit,Chennai,0,1,Medium
155833,C2087553272,C102756641,CASH_IN,561845.06,2026-01-16 14:28:19.0000000,Cash Deposit,Kolkata,0,1,Medium
156123,C1949471783,M1897413354,PAYMENT,51714.24,2026-01-02 12:28:29.0000000,Online Payment,Bangalore,0,1,Medium
156323,C1930291509,M2011510345,PAYMENT,68401.87,2026-01-11 19:58:39.0000000,Online Payment,Mumbai,0,1,Medium
156359,C1865947931,M1919717369,PAYMENT,50981.17,2026-01-11 11:22:30.0000000,Online Payment,Hyderabad,0,1,Medium
156386,C307810480,M913759112,PAYMENT,53506.12,2026-01-05 01:01:01.0000000,Online Payment,Hyderabad,0,1,Medium
156423,C1143518488,M1386938893,PAYMENT,66628.76,2026-01-17 14:15:53.0000000,Online Payment,Mumbai,0,1,Medium
156428,C583380615,M1470841414,PAYMENT,58310.11,2026-01-16 11:59:13.0000000,Online Payment,Pune,0,1,Medium
156521,C2099625291,C843774579,CASH_IN,652746.69,2026-01-01 12:39:27.0000000,Cash Deposit,Bangalore,0,1,Medium
156694,C2041764573,C1622973117,CASH_IN,632034.69,2026-01-13 20:17:07.0000000,Cash Deposit,Chennai,0,1,Medium
156721,C255135969,M1472030320,PAYMENT,56112.11,2026-01-06 10:53:27.0000000,Online Payment,Chennai,0,1,Medium
156838,C911471317,M1935189777,PAYMENT,106703.23,2026-01-13 00:41:40.0000000,Online Payment,Mumbai,0,1,Medium
156855,C606046568,M1973776185,PAYMENT,54724.34,2026-01-11 10:05:48.0000000,Online Payment,Kolkata,0,1,Medium
156892,C447068201,M1220773421,PAYMENT,65119.48,2026-01-14 17:57:00.0000000,Online Payment,Bangalore,0,1,Medium
157117,C1740429874,C1793933873,CASH_IN,600861.69,2026-01-06 14:35:35.0000000,Cash Deposit,Hyderabad,0,1,Medium
157188,C1500543935,M37256841,PAYMENT,54656.80,2026-01-17 12:13:14.0000000,Online Payment,Delhi,0,1,Medium
157221,C847076335,M604770407,PAYMENT,68681.40,2026-01-12 13:59:26.0000000,Online Payment,Hyderabad,0,1,Medium
157277,C1754056314,C1792836697,TRANSFER,5939493.00,2026-01-13 12:48:43.0000000,Wire Transfer,Chennai,0,1,Medium
157384,C700019624,C91104252,TRANSFER,6498545.00,2026-01-21 20:17:45.0000000,Wire Transfer,Delhi,0,1,Medium
157492,C1805830725,C1645284135,TRANSFER,5507605.50,2026-01-14 15:07:31.0000000,Wire Transfer,Hyderabad,0,1,Medium
157497,C82178932,M595399138,PAYMENT,96763.72,2026-01-17 22:09:30.0000000,Online Payment,Mumbai,0,1,Medium
157561,C1109494950,M2039879955,PAYMENT,57507.52,2026-01-10 20:37:28.0000000,Online Payment,Ahmedabad,0,1,Medium
157593,C1804489400,C299107282,CASH_IN,665805.56,2026-01-14 00:42:24.0000000,Cash Deposit,Pune,0,1,Medium
157650,C241001707,M2135081569,PAYMENT,65081.04,2026-01-06 12:02:22.0000000,Online Payment,Bangalore,0,1,Medium
157769,C1213638346,M787573688,PAYMENT,54828.63,2026-01-08 18:39:27.0000000,Online Payment,Hyderabad,0,1,Medium
157961,C386961492,C511162177,TRANSFER,5653086.00,2026-01-14 21:28:34.0000000,Wire Transfer,Kolkata,0,1,Medium
158158,C216715387,M221311053,PAYMENT,57112.21,2026-01-30 13:21:56.0000000,Online Payment,Chennai,0,1,Medium
158296,C638735976,M2092774655,PAYMENT,51888.05,2026-01-17 09:29:53.0000000,Online Payment,Chennai,0,1,Medium
158335,C568740048,C2037307723,CASH_IN,785597.06,2026-01-10 12:39:26.0000000,Cash Deposit,Hyderabad,0,1,Medium
158397,C88474880,M209009073,PAYMENT,70820.19,2026-01-13 09:14:29.0000000,Online Payment,Pune,0,1,Medium
158920,C152844640,C104523044,TRANSFER,5609697.00,2026-01-14 11:19:58.0000000,Wire Transfer,Ahmedabad,0,1,Medium
159139,C1802393944,C1784506436,TRANSFER,4511775.00,2026-01-22 18:34:34.0000000,Wire Transfer,Chennai,0,1,Medium
159182,C819158873,M647216076,PAYMENT,59835.25,2026-01-17 09:20:59.0000000,Online Payment,Kolkata,0,1,Medium
159207,C1416946362,M1347733420,PAYMENT,54600.64,2026-01-15 13:47:38.0000000,Online Payment,Mumbai,0,1,Medium
159227,C1233609297,M1390233548,PAYMENT,65531.11,2026-01-17 18:11:51.0000000,Online Payment,Pune,0,1,Medium
159293,C1758479206,M1596434852,PAYMENT,54080.68,2026-01-01 14:12:13.0000000,Online Payment,Kolkata,0,1,Medium
159373,C151760156,C706865211,TRANSFER,9040399.00,2026-01-14 16:59:43.0000000,Wire Transfer,Mumbai,0,1,Medium
159583,C129327504,C587477676,CASH_IN,709627.06,2026-01-15 11:09:20.0000000,Cash Deposit,Kolkata,0,1,Medium
159621,C156031766,C869497603,CASH_IN,605299.25,2026-01-11 10:31:14.0000000,Cash Deposit,Pune,0,1,Medium
159705,C1632750359,C742014624,TRANSFER,5307006.00,2026-01-14 11:37:47.0000000,Wire Transfer,Hyderabad,0,1,Medium
160031,C1219524810,M951793091,PAYMENT,71406.59,2026-01-13 15:41:18.0000000,Online Payment,Kolkata,0,1,Medium
160038,C1063168992,C974347108,TRANSFER,5598749.50,2026-01-29 12:07:53.0000000,Wire Transfer,Chennai,0,1,Medium
160052,C978488738,C1880118146,DEBIT,45388.36,2026-01-11 13:22:39.0000000,Retail Debit,Chennai,0,1,Medium
160084,C1427866621,C1575924819,CASH_IN,626211.94,2026-01-22 10:19:23.0000000,Cash Deposit,Delhi,0,1,Medium
160105,C1529836285,M372765964,PAYMENT,57685.08,2026-01-17 17:20:06.0000000,Online Payment,Hyderabad,0,1,Medium
160140,C1092193958,C943166837,DEBIT,58370.93,2026-01-01 12:15:37.0000000,Retail Debit,Bangalore,0,1,Medium
160190,C298562284,M16921682,PAYMENT,54458.37,2026-01-14 11:49:54.0000000,Online Payment,Delhi,0,1,Medium
160390,C1435884462,C91751129,CASH_IN,717314.94,2026-01-15 12:11:46.0000000,Cash Deposit,Hyderabad,0,1,Medium
160479,C293426841,M1822593936,PAYMENT,60798.35,2026-01-06 13:37:14.0000000,Online Payment,Delhi,0,1,Medium
160670,C755996482,C1752713668,DEBIT,63793.11,2026-01-01 12:27:08.0000000,Retail Debit,Ahmedabad,0,1,Medium
160673,C811748167,C798170461,TRANSFER,6263708.00,2026-01-16 12:10:56.0000000,Wire Transfer,Delhi,0,1,Medium
160699,C1686042476,C1107916304,CASH_IN,623022.81,2026-01-06 10:43:18.0000000,Cash Deposit,Ahmedabad,0,1,Medium
160766,C1515717925,M255824173,PAYMENT,75012.54,2026-01-16 01:05:09.0000000,Online Payment,Mumbai,0,1,Medium
160799,C1076770426,M218983822,PAYMENT,52492.38,2026-01-08 11:08:32.0000000,Online Payment,Delhi,0,1,Medium
160830,C804912499,M1563120318,PAYMENT,58017.03,2026-01-15 13:24:14.0000000,Online Payment,Bangalore,0,1,Medium
160877,C1694669484,M514515821,PAYMENT,52135.06,2026-01-15 10:37:36.0000000,Online Payment,Hyderabad,0,1,Medium
161108,C393453671,C510394039,CASH_OUT,1537539.63,2026-01-10 17:46:52.0000000,ATM Withdrawal,Ahmedabad,0,1,Medium
161164,C692173347,M1777068215,PAYMENT,69754.28,2026-01-22 21:33:30.0000000,Online Payment,Chennai,0,1,Medium
161186,C391018084,M2003364942,PAYMENT,75242.91,2026-01-01 13:01:11.0000000,Online Payment,Bangalore,0,1,Medium
161295,C300255104,M951550568,PAYMENT,50782.22,2026-01-13 12:42:37.0000000,Online Payment,Delhi,0,1,Medium
161331,C1123941391,M362934869,PAYMENT,55239.87,2026-01-02 12:16:03.0000000,Online Payment,Mumbai,0,1,Medium
161359,C69514487,C1950044555,TRANSFER,6189358.00,2026-01-14 16:45:07.0000000,Wire Transfer,Hyderabad,0,1,Medium
161398,C964596243,M1882248358,PAYMENT,58253.18,2026-01-19 19:04:52.0000000,Online Payment,Mumbai,0,1,Medium
161478,C2060486170,M1614903465,PAYMENT,56338.49,2026-01-10 18:16:37.0000000,Online Payment,Pune,0,1,Medium
161585,C1230243784,M753480420,PAYMENT,56204.15,2026-01-14 11:26:33.0000000,Online Payment,Bangalore,0,1,Medium
161768,C703761305,M1524706434,PAYMENT,67677.47,2026-01-14 16:39:35.0000000,Online Payment,Kolkata,0,1,Medium
161769,C114355385,M1148035508,PAYMENT,66460.32,2026-01-14 12:16:53.0000000,Online Payment,Chennai,0,1,Medium
161784,C1174663271,M1362761647,PAYMENT,69680.93,2026-01-04 23:45:47.0000000,Online Payment,Delhi,0,1,Medium
161819,C1677991121,C1007919598,TRANSFER,4239619.00,2026-01-15 19:10:39.0000000,Wire Transfer,Delhi,0,1,Medium
161990,C1142437534,M338246237,PAYMENT,56411.65,2026-01-12 19:29:09.0000000,Online Payment,Ahmedabad,0,1,Medium
162040,C66609092,M265949176,PAYMENT,71110.69,2026-01-15 11:48:21.0000000,Online Payment,Mumbai,0,1,Medium
162130,C1204848504,C576384471,TRANSFER,4297186.00,2026-01-14 20:00:37.0000000,Wire Transfer,Bangalore,0,1,Medium
162223,C444505655,C1166175379,CASH_IN,587887.88,2026-01-01 11:36:57.0000000,Cash Deposit,Delhi,0,1,Medium
162287,C547701921,M561299851,PAYMENT,59200.45,2026-01-16 20:32:55.0000000,Online Payment,Ahmedabad,0,1,Medium
162394,C1040831159,M1677765761,PAYMENT,59722.53,2026-01-10 20:41:51.0000000,Online Payment,Bangalore,0,1,Medium
162566,C293507478,C1005145271,TRANSFER,6691769.00,2026-01-14 15:34:08.0000000,Wire Transfer,Bangalore,0,1,Medium
162645,C1094386427,C576113786,CASH_IN,717280.06,2026-01-06 11:16:56.0000000,Cash Deposit,Mumbai,0,1,Medium
162665,C763563671,C705265015,CASH_IN,940033.63,2026-01-10 19:57:50.0000000,Cash Deposit,Chennai,0,1,Medium
162688,C741299960,M1283985981,PAYMENT,57045.16,2026-01-16 20:19:50.0000000,Online Payment,Hyderabad,0,1,Medium
162708,C514492442,M1411495293,PAYMENT,62060.20,2026-01-23 17:10:57.0000000,Online Payment,Kolkata,0,1,Medium
162930,C369296693,C1850180796,CASH_IN,646361.25,2026-01-01 08:13:03.0000000,Wire Transfer,Bangalore,0,1,Medium
163034,C1000790031,M569456471,PAYMENT,73153.74,2026-01-08 12:22:05.0000000,Online Payment,Mumbai,0,1,Medium
163078,C50779516,M377948670,PAYMENT,66334.87,2026-01-14 09:35:47.0000000,Online Payment,Pune,0,1,Medium
163158,C277578252,C2003513504,TRANSFER,4753972.50,2026-01-16 16:16:22.0000000,Wire Transfer,Delhi,0,1,Medium
163328,C1028014020,M1438084753,PAYMENT,62425.64,2026-01-07 09:13:41.0000000,Online Payment,Delhi,0,1,Medium
163413,C1027678346,M1869996777,PAYMENT,82240.41,2026-01-13 14:46:29.0000000,Online Payment,Ahmedabad,0,1,Medium
163511,C429737528,C1917371091,TRANSFER,5105618.50,2026-01-14 12:11:32.0000000,Wire Transfer,Bangalore,0,1,Medium
163526,C1541049546,M1538120728,PAYMENT,75658.47,2026-01-13 00:40:11.0000000,Online Payment,Kolkata,0,1,Medium
163534,C2093586127,C342082598,TRANSFER,4915053.50,2026-01-14 15:22:48.0000000,Wire Transfer,Mumbai,0,1,Medium
163814,C1915298065,C1285313809,TRANSFER,4523894.50,2026-01-15 17:52:51.0000000,Wire Transfer,Delhi,0,1,Medium
163849,C327548365,M190468869,PAYMENT,52191.93,2026-01-17 11:30:11.0000000,Online Payment,Mumbai,0,1,Medium
163851,C1374942303,M1059964389,PAYMENT,64348.87,2026-01-17 17:35:54.0000000,Online Payment,Hyderabad,0,1,Medium
163971,C2056720878,M1603512083,PAYMENT,68683.24,2026-01-06 09:13:02.0000000,Online Payment,Bangalore,0,1,Medium
164450,C1267070095,M556091441,PAYMENT,63342.22,2026-01-17 22:15:53.0000000,Online Payment,Delhi,0,1,Medium
164464,C1479575955,C2002027219,CASH_IN,584293.38,2026-01-02 11:36:58.0000000,Cash Deposit,Bangalore,0,1,Medium
164567,C1010703924,C158997929,TRANSFER,5056135.00,2026-01-29 12:37:33.0000000,Wire Transfer,Hyderabad,0,1,Medium
164575,C1984977035,C1567456777,CASH_IN,547931.19,2026-01-13 21:06:23.0000000,Cash Deposit,Pune,0,1,Medium
164621,C942081766,M1808840969,PAYMENT,62219.82,2026-01-15 19:21:00.0000000,Online Payment,Bangalore,0,1,Medium
164695,C1142281731,M1744306641,PAYMENT,56587.63,2026-01-06 13:24:36.0000000,Online Payment,Chennai,0,1,Medium
164719,C634693215,M1516203450,PAYMENT,56299.58,2026-01-13 10:50:00.0000000,Online Payment,Mumbai,0,1,Medium
164777,C1405712704,M1010797258,PAYMENT,55738.06,2026-01-01 12:42:00.0000000,Online Payment,Mumbai,0,1,Medium
164932,C434378645,M1947480561,PAYMENT,58782.56,2026-01-13 16:48:44.0000000,Online Payment,Kolkata,0,1,Medium
164949,C969898692,M1818753814,PAYMENT,53323.80,2026-01-17 13:05:13.0000000,Online Payment,Bangalore,0,1,Medium
165055,C2010381150,M1801542941,PAYMENT,61624.83,2026-01-01 13:34:42.0000000,Online Payment,Pune,0,1,Medium
165085,C1407600632,M376322297,PAYMENT,60855.68,2026-01-02 17:35:51.0000000,Online Payment,Bangalore,0,1,Medium
165242,C888623254,M1055051720,PAYMENT,57304.28,2026-01-08 13:01:12.0000000,Online Payment,Kolkata,0,1,Medium
165316,C1417562233,M2042772643,PAYMENT,77829.59,2026-01-10 10:31:29.0000000,Online Payment,Kolkata,0,1,Medium
165338,C1314055393,M1867889682,PAYMENT,65104.61,2026-01-06 09:38:32.0000000,Online Payment,Ahmedabad,0,1,Medium
165433,C1467574089,C1165773679,CASH_IN,577111.44,2026-01-07 12:32:03.0000000,Wire Transfer,Bangalore,0,1,Medium
165452,C389669014,C379117299,CASH_IN,551456.13,2026-01-22 14:40:10.0000000,Cash Deposit,Pune,0,1,Medium
165493,C1929738509,C1413174619,CASH_IN,594427.88,2026-01-02 17:42:26.0000000,Cash Deposit,Hyderabad,0,1,Medium
165500,C250035654,C1507024252,TRANSFER,5114441.50,2026-01-13 16:11:32.0000000,Wire Transfer,Mumbai,0,1,Medium
165502,C1774713032,M1155638950,PAYMENT,56708.25,2026-01-14 14:39:47.0000000,Online Payment,Mumbai,0,1,Medium
165564,C944138528,M510671908,PAYMENT,63707.86,2026-01-15 17:06:46.0000000,Online Payment,Bangalore,0,1,Medium
165589,C223961407,M487493995,PAYMENT,74183.23,2026-01-12 19:06:04.0000000,Online Payment,Kolkata,0,1,Medium
165716,C1311878325,M1975243882,PAYMENT,56865.59,2026-01-13 13:00:06.0000000,Online Payment,Chennai,0,1,Medium
165768,C1477028100,M278390350,PAYMENT,74189.39,2026-01-22 18:59:49.0000000,Online Payment,Delhi,0,1,Medium
165841,C111258509,M1045354512,PAYMENT,56721.33,2026-01-07 18:57:48.0000000,Online Payment,Delhi,0,1,Medium
165931,C1828687143,C1288399963,CASH_IN,592419.75,2026-01-08 19:02:54.0000000,Cash Deposit,Bangalore,0,1,Medium
166114,C277438851,M1401640413,PAYMENT,80386.98,2026-01-12 19:48:10.0000000,Online Payment,Mumbai,0,1,Medium
166250,C1912035045,M337485114,PAYMENT,175941.98,2026-01-13 00:22:43.0000000,Online Payment,Bangalore,0,1,Medium
166301,C533238477,M367517171,PAYMENT,96415.47,2026-01-13 10:35:09.0000000,Online Payment,Kolkata,0,1,Medium
166379,C1330949092,M1263107104,PAYMENT,57615.67,2026-01-08 20:54:12.0000000,Online Payment,Mumbai,0,1,Medium
166388,C1318152552,M633367253,PAYMENT,52019.58,2026-01-13 12:00:59.0000000,Online Payment,Delhi,0,1,Medium
166420,C920906134,M1005201233,PAYMENT,59742.64,2026-01-18 11:24:16.0000000,Online Payment,Kolkata,0,1,Medium
166656,C224262262,M1998664236,PAYMENT,66419.41,2026-01-11 12:50:06.0000000,Online Payment,Bangalore,0,1,Medium
166661,C177499059,C32151644,TRANSFER,5370108.00,2026-01-17 18:16:58.0000000,Wire Transfer,Delhi,0,1,Medium
166986,C314088247,M294299188,PAYMENT,56819.95,2026-01-17 09:45:58.0000000,Online Payment,Pune,0,1,Medium
167103,C1559464011,M67721042,PAYMENT,68450.30,2026-01-14 13:54:29.0000000,Online Payment,Delhi,0,1,Medium
167181,C1491762258,M245480313,PAYMENT,60755.54,2026-01-17 16:59:09.0000000,Online Payment,Mumbai,0,1,Medium
167190,C303882311,C662070365,CASH_IN,697192.06,2026-01-16 12:37:27.0000000,Cash Deposit,Bangalore,0,1,Medium
167283,C1901643579,C305259590,CASH_IN,592776.00,2026-01-01 19:06:45.0000000,Cash Deposit,Hyderabad,0,1,Medium
167307,C453409963,M537287849,PAYMENT,51136.57,2026-01-10 09:18:06.0000000,Online Payment,Kolkata,0,1,Medium
167416,C2035520191,M581616558,PAYMENT,54263.44,2026-01-16 16:56:09.0000000,Online Payment,Chennai,0,1,Medium
167423,C1993583724,M1854608203,PAYMENT,58325.52,2026-01-18 12:03:05.0000000,Online Payment,Hyderabad,0,1,Medium
167456,C621926724,M1658853861,PAYMENT,54068.56,2026-01-22 21:45:24.0000000,Online Payment,Bangalore,0,1,Medium
167898,C1763465079,C1619015505,TRANSFER,6311593.50,2026-01-14 16:27:00.0000000,Wire Transfer,Hyderabad,0,1,Medium
167967,C553252439,M1013633208,PAYMENT,78990.32,2026-01-23 16:58:59.0000000,Online Payment,Mumbai,0,1,Medium
168078,C2100080896,C670177943,TRANSFER,8581337.00,2026-01-14 14:52:18.0000000,Wire Transfer,Mumbai,0,1,Medium
168184,C989663110,M138124509,PAYMENT,58937.34,2026-01-17 11:21:42.0000000,Online Payment,Hyderabad,0,1,Medium
168298,C873156221,M676637681,PAYMENT,65932.83,2026-01-14 11:38:35.0000000,Online Payment,Pune,0,1,Medium
168329,C2143356979,C2059099983,TRANSFER,4528069.00,2026-01-16 13:15:32.0000000,Wire Transfer,Chennai,0,1,Medium
168420,C438563756,C1808713999,CASH_IN,714997.88,2026-01-20 22:17:09.0000000,Cash Deposit,Kolkata,0,1,Medium
168434,C219217737,C414244036,TRANSFER,7673130.50,2026-01-14 13:22:33.0000000,Wire Transfer,Mumbai,0,1,Medium
168462,C979211377,C1677812283,CASH_IN,565413.00,2026-01-08 16:05:00.0000000,Cash Deposit,Hyderabad,0,1,Medium
168665,C1716873051,M429573166,PAYMENT,58534.58,2026-01-16 10:33:34.0000000,Online Payment,Delhi,0,1,Medium
168675,C639573500,C1119147784,CASH_IN,565436.44,2026-01-14 11:58:53.0000000,Cash Deposit,Pune,0,1,Medium
168721,C398596865,C1599451683,CASH_IN,826532.81,2026-01-11 11:46:37.0000000,Cash Deposit,Mumbai,0,1,Medium
168831,C1771252550,M1182620624,PAYMENT,51913.66,2026-01-08 18:31:45.0000000,Online Payment,Delhi,0,1,Medium
168837,C1559976854,M531789800,PAYMENT,52048.91,2026-01-09 23:05:18.0000000,Online Payment,Hyderabad,0,1,Medium
168898,C1976577078,M1107324962,PAYMENT,53055.28,2026-01-11 10:21:36.0000000,Online Payment,Mumbai,0,1,Medium
168922,C1024893171,C1113528601,CASH_IN,588135.31,2026-01-15 17:22:50.0000000,Cash Deposit,Delhi,0,1,Medium
168983,C1845305385,M1414746798,PAYMENT,76944.32,2026-01-02 15:17:42.0000000,Online Payment,Mumbai,0,1,Medium
168989,C697572312,M1640208778,PAYMENT,64388.23,2026-01-09 18:00:15.0000000,Online Payment,Hyderabad,0,1,Medium
169333,C1807933859,C1080701934,TRANSFER,4818999.50,2026-01-13 16:11:35.0000000,Wire Transfer,Chennai,0,1,Medium
169379,C554047319,M892547439,PAYMENT,76706.33,2026-01-15 13:29:28.0000000,Online Payment,Mumbai,0,1,Medium
169672,C1064470661,C81672248,CASH_IN,616100.69,2026-01-13 09:41:45.0000000,Cash Deposit,Bangalore,0,1,Medium
169752,C1494282674,C810756973,CASH_IN,1290876.38,2026-01-06 12:06:29.0000000,Cash Deposit,Chennai,0,1,Medium
169944,C2093433699,C1491731455,CASH_OUT,1474026.00,2026-01-10 13:04:05.0000000,Cash Deposit,Pune,0,1,Medium
169945,C2099029627,C602519143,TRANSFER,6660820.00,2026-01-22 18:23:07.0000000,Wire Transfer,Bangalore,0,1,Medium
169988,C492741871,M1505678691,PAYMENT,51079.39,2026-01-14 16:43:56.0000000,Online Payment,Ahmedabad,0,1,Medium
170252,C1746014802,M2070324768,PAYMENT,54623.02,2026-01-22 18:54:04.0000000,Online Payment,Pune,0,1,Medium
170264,C1941620495,C1808486333,TRANSFER,9616194.00,2026-01-13 17:28:37.0000000,Wire Transfer,Delhi,0,1,Medium
170344,C2108108484,M1667957705,PAYMENT,53548.70,2026-01-02 21:41:00.0000000,Online Payment,Bangalore,0,1,Medium
170351,C1409471874,M923297784,PAYMENT,58231.88,2026-01-17 20:33:06.0000000,Online Payment,Mumbai,0,1,Medium
170485,C21967997,C1998742957,TRANSFER,5008015.00,2026-01-13 15:30:14.0000000,Wire Transfer,Pune,0,1,Medium
170516,C82071336,C1744254480,CASH_IN,554901.13,2026-01-01 14:39:22.0000000,Cash Deposit,Mumbai,0,1,Medium
170668,C304964714,C881128838,CASH_IN,548334.69,2026-01-01 12:39:06.0000000,Cash Deposit,Ahmedabad,0,1,Medium
170706,C1130663961,M100627826,PAYMENT,52302.43,2026-01-13 10:38:28.0000000,Online Payment,Chennai,0,1,Medium
171001,C1608522447,M908210172,PAYMENT,62432.22,2026-01-13 15:29:00.0000000,Online Payment,Bangalore,0,1,Medium
171090,C26723161,M798772764,PAYMENT,58284.05,2026-01-17 18:08:14.0000000,Online Payment,Chennai,0,1,Medium
171319,C1062678920,M1895339801,PAYMENT,53743.62,2026-01-14 14:53:41.0000000,Online Payment,Pune,0,1,Medium
171342,C252423178,M655024715,PAYMENT,66703.76,2026-01-10 09:21:44.0000000,Online Payment,Delhi,0,1,Medium
171395,C452146977,C628825291,CASH_IN,579561.00,2026-01-17 19:42:17.0000000,Wire Transfer,Ahmedabad,0,1,Medium
171595,C245288406,C1203591710,CASH_IN,768677.63,2026-01-17 16:07:58.0000000,Cash Deposit,Hyderabad,0,1,Medium
171608,C71188962,C882484948,CASH_IN,607444.19,2026-01-13 15:55:53.0000000,Cash Deposit,Bangalore,0,1,Medium
171617,C232956759,M949646458,PAYMENT,50704.50,2026-01-02 21:21:57.0000000,Online Payment,Chennai,0,1,Medium
171624,C55001135,M928369899,PAYMENT,54087.37,2026-01-13 18:00:09.0000000,Online Payment,Ahmedabad,0,1,Medium
171727,C440977959,M262690118,PAYMENT,65516.00,2026-01-24 18:53:07.0000000,Online Payment,Pune,0,1,Medium
171846,C926158638,M977371846,PAYMENT,95672.05,2026-01-06 10:08:22.0000000,Online Payment,Ahmedabad,0,1,Medium
171989,C1732299670,M759753887,PAYMENT,55477.63,2026-01-15 14:43:37.0000000,Online Payment,Ahmedabad,0,1,Medium
172090,C669289228,C771162998,TRANSFER,4515326.50,2026-01-29 12:49:17.0000000,Wire Transfer,Pune,0,1,Medium
172114,C671785524,C73380468,CASH_IN,619123.31,2026-01-06 10:53:19.0000000,Cash Deposit,Pune,0,1,Medium
172155,C757942455,M172928676,PAYMENT,63660.13,2026-01-13 00:28:38.0000000,Online Payment,Mumbai,0,1,Medium
172158,C227312652,C1000430572,TRANSFER,9172856.00,2026-01-13 16:57:51.0000000,Wire Transfer,Ahmedabad,0,1,Medium
172192,C1780861001,M333699879,PAYMENT,66949.99,2026-01-07 20:59:30.0000000,Online Payment,Pune,0,1,Medium
172210,C765766965,M1859215669,PAYMENT,65131.69,2026-01-15 13:54:28.0000000,Online Payment,Bangalore,0,1,Medium
172221,C1729091456,M1142103405,PAYMENT,55073.34,2026-01-12 17:02:58.0000000,Online Payment,Kolkata,0,1,Medium
172235,C663600454,C1244586212,CASH_IN,714301.50,2026-01-10 12:38:30.0000000,Cash Deposit,Hyderabad,0,1,Medium
172313,C1099108165,M1031668285,PAYMENT,57223.48,2026-01-13 10:30:16.0000000,Online Payment,Delhi,0,1,Medium
172322,C1547672355,C218063823,CASH_IN,737303.56,2026-01-07 18:52:42.0000000,Wire Transfer,Mumbai,0,1,Medium
172365,C2144036613,M872072759,PAYMENT,62605.31,2026-01-11 11:38:33.0000000,Online Payment,Hyderabad,0,1,Medium
172430,C492669232,C762627288,CASH_IN,657902.25,2026-01-17 11:32:28.0000000,Cash Deposit,Chennai,0,1,Medium
172660,C1117611503,C1939780419,CASH_IN,786937.81,2026-01-08 14:37:35.0000000,Cash Deposit,Bangalore,0,1,Medium
172733,C1221429612,C832762371,TRANSFER,5122896.50,2026-01-21 20:47:39.0000000,Wire Transfer,Kolkata,0,1,Medium
172803,C1216226695,C815510640,CASH_IN,553427.13,2026-01-17 12:25:42.0000000,Cash Deposit,Pune,0,1,Medium
173001,C927637963,M2024533150,PAYMENT,83273.25,2026-01-11 10:15:28.0000000,Online Payment,Mumbai,0,1,Medium
173019,C2070918641,C933523478,CASH_IN,566588.06,2026-01-15 14:17:21.0000000,Cash Deposit,Kolkata,0,1,Medium
173236,C1830362809,C1718017640,TRANSFER,4399899.00,2026-01-13 16:27:00.0000000,Wire Transfer,Chennai,0,1,Medium
173242,C499000200,M1324795676,PAYMENT,63352.89,2026-01-13 14:05:51.0000000,Online Payment,Pune,0,1,Medium
173348,C1249207447,C1096031435,TRANSFER,5213151.00,2026-01-15 21:10:42.0000000,Wire Transfer,Mumbai,0,1,Medium
173368,C2072302127,M186638685,PAYMENT,58964.11,2026-01-10 10:28:59.0000000,Online Payment,Chennai,0,1,Medium
173641,C291753335,M1498077884,PAYMENT,51659.24,2026-01-06 19:45:48.0000000,Online Payment,Hyderabad,0,1,Medium
174000,C532176335,M1171930846,PAYMENT,52310.45,2026-01-13 11:19:24.0000000,Online Payment,Chennai,0,1,Medium
174044,C673254641,M1039849253,PAYMENT,70088.88,2026-01-10 19:24:33.0000000,Online Payment,Ahmedabad,0,1,Medium
174171,C47486811,M1872100749,PAYMENT,57045.69,2026-01-10 10:03:24.0000000,Online Payment,Kolkata,0,1,Medium
174268,C1821782708,M1699710017,PAYMENT,108762.30,2026-01-14 11:23:32.0000000,Online Payment,Bangalore,0,1,Medium
174368,C1748285644,M1556237330,PAYMENT,51783.75,2026-01-11 13:48:44.0000000,Online Payment,Chennai,0,1,Medium
174408,C177281377,C846695802,CASH_IN,596488.63,2026-01-17 12:43:25.0000000,Cash Deposit,Bangalore,0,1,Medium
174666,C1101487670,C520996208,CASH_IN,630189.06,2026-01-01 16:03:00.0000000,Cash Deposit,Ahmedabad,0,1,Medium
174748,C1301048250,M932878456,PAYMENT,69011.78,2026-01-17 15:08:57.0000000,Online Payment,Kolkata,0,1,Medium
174893,C1115867608,M168043838,PAYMENT,71454.35,2026-01-13 09:31:36.0000000,Online Payment,Chennai,0,1,Medium
174964,C300071273,M1970769198,PAYMENT,56648.99,2026-01-14 12:50:03.0000000,Online Payment,Ahmedabad,0,1,Medium
175013,C1460121767,M2072357175,PAYMENT,59663.83,2026-01-04 22:45:41.0000000,Online Payment,Pune,0,1,Medium
175136,C1606139447,M1396939795,PAYMENT,54631.63,2026-01-10 12:34:27.0000000,Online Payment,Mumbai,0,1,Medium
175148,C333600787,M984410269,PAYMENT,54922.37,2026-01-02 12:27:21.0000000,Online Payment,Chennai,0,1,Medium
175290,C1814465253,M621717966,PAYMENT,67246.48,2026-01-13 21:53:40.0000000,Online Payment,Hyderabad,0,1,Medium
175389,C1597504626,M1323023018,PAYMENT,66812.17,2026-01-13 10:06:01.0000000,Online Payment,Ahmedabad,0,1,Medium
175475,C142727332,M1586235502,PAYMENT,58158.62,2026-01-16 22:31:12.0000000,Online Payment,Chennai,0,1,Medium
175511,C1899086336,M1843017066,PAYMENT,55156.03,2026-01-15 19:38:28.0000000,Online Payment,Mumbai,0,1,Medium
175518,C297073046,M1714884226,PAYMENT,68647.95,2026-01-13 20:18:29.0000000,Online Payment,Mumbai,0,1,Medium
175668,C1680133936,M332251385,PAYMENT,65705.27,2026-01-06 09:50:58.0000000,Online Payment,Hyderabad,0,1,Medium
175872,C1859448270,M111009647,PAYMENT,68420.35,2026-01-09 11:10:44.0000000,Online Payment,Kolkata,0,1,Medium
175903,C1934893386,C825598935,TRANSFER,5788994.00,2026-01-13 14:29:24.0000000,Wire Transfer,Ahmedabad,0,1,Medium
176073,C1636231282,C1942330558,CASH_IN,586800.88,2026-01-12 18:31:22.0000000,Cash Deposit,Ahmedabad,0,1,Medium
176123,C341176927,C409508664,CASH_IN,583689.50,2026-01-02 12:50:10.0000000,Cash Deposit,Delhi,0,1,Medium
176155,C1864386378,M954729753,PAYMENT,65585.79,2026-01-15 16:30:42.0000000,Online Payment,Hyderabad,0,1,Medium
176223,C1263530073,M791097480,PAYMENT,67406.71,2026-01-11 11:25:25.0000000,Online Payment,Hyderabad,0,1,Medium
176282,C161541461,M505883492,PAYMENT,57411.55,2026-01-09 12:09:00.0000000,Online Payment,Bangalore,0,1,Medium
176371,C1863113828,M1407364984,PAYMENT,90996.66,2026-01-13 09:40:54.0000000,Online Payment,Chennai,0,1,Medium
176469,C528841112,C1832546921,CASH_IN,651140.69,2026-01-15 15:36:28.0000000,Cash Deposit,Delhi,0,1,Medium
176674,C981003353,M350613889,PAYMENT,54060.18,2026-01-02 18:20:00.0000000,Online Payment,Chennai,0,1,Medium
176746,C2111938566,M1952224747,PAYMENT,55800.02,2026-01-16 12:13:37.0000000,Online Payment,Mumbai,0,1,Medium
176882,C601286023,M16487769,PAYMENT,67719.76,2026-01-12 16:01:28.0000000,Online Payment,Hyderabad,0,1,Medium
176903,C278552222,M1238112440,PAYMENT,52047.35,2026-01-15 11:13:17.0000000,Online Payment,Pune,0,1,Medium
177140,C1092245703,M1916403649,PAYMENT,52380.34,2026-01-16 19:31:17.0000000,Online Payment,Chennai,0,1,Medium
177142,C1278848434,C4906527,TRANSFER,4397915.00,2026-01-20 18:07:41.0000000,Wire Transfer,Pune,0,1,Medium
177408,C782293551,M1964436639,PAYMENT,92595.57,2026-01-01 21:48:08.0000000,Online Payment,Chennai,0,1,Medium
177517,C1622787277,C1367620735,CASH_IN,563763.00,2026-01-14 14:59:07.0000000,Cash Deposit,Hyderabad,0,1,Medium
177632,C974360268,C60227728,TRANSFER,7928273.50,2026-01-13 09:52:13.0000000,Wire Transfer,Hyderabad,0,1,Medium
177662,C889496956,M319237902,PAYMENT,50614.29,2026-01-10 18:46:22.0000000,Online Payment,Chennai,0,1,Medium
177669,C13573520,C2050869464,CASH_IN,777954.19,2026-01-13 14:33:13.0000000,Cash Deposit,Pune,0,1,Medium
177720,C1135432587,C237658572,CASH_IN,571335.75,2026-01-06 11:43:12.0000000,Cash Deposit,Mumbai,0,1,Medium
177905,C853145984,M299594813,PAYMENT,54596.25,2026-01-17 11:28:19.0000000,Online Payment,Kolkata,0,1,Medium
177989,C1898692743,M399278981,PAYMENT,62066.66,2026-01-15 14:15:21.0000000,Online Payment,Mumbai,0,1,Medium
177997,C1047602526,M870646629,PAYMENT,67438.73,2026-01-14 12:46:47.0000000,Online Payment,Delhi,0,1,Medium
178515,C1260170095,M1816891720,PAYMENT,59272.47,2026-01-06 17:03:56.0000000,Online Payment,Delhi,0,1,Medium
178875,C1798998953,M616588469,PAYMENT,52585.12,2026-01-15 22:20:19.0000000,Online Payment,Hyderabad,0,1,Medium
178907,C1513092904,M1843220796,PAYMENT,56276.71,2026-01-17 17:26:10.0000000,Online Payment,Mumbai,0,1,Medium
178919,C1523848952,C1153305953,TRANSFER,4379618.50,2026-01-14 14:31:41.0000000,Wire Transfer,Kolkata,0,1,Medium
179068,C2106644294,M2094048817,PAYMENT,51914.16,2026-01-10 09:23:07.0000000,Online Payment,Pune,0,1,Medium
179128,C345914102,M439847693,PAYMENT,110850.25,2026-01-13 00:07:26.0000000,Online Payment,Ahmedabad,0,1,Medium
179206,C1799260970,M1846163579,PAYMENT,87728.08,2026-01-13 15:51:49.0000000,Online Payment,Delhi,0,1,Medium
179237,C1266776278,M1258199240,PAYMENT,87913.13,2026-01-17 16:12:39.0000000,Online Payment,Hyderabad,0,1,Medium
179243,C1424951184,M2039128900,PAYMENT,56620.42,2026-01-15 16:31:13.0000000,Online Payment,Chennai,0,1,Medium
179252,C170229112,C296847872,CASH_IN,611709.50,2026-01-02 14:40:53.0000000,Cash Deposit,Ahmedabad,0,1,Medium
179789,C253866258,M1981567,PAYMENT,57001.97,2026-01-12 22:07:32.0000000,Online Payment,Bangalore,0,1,Medium
180195,C2029460480,M1414291169,PAYMENT,65510.47,2026-01-11 13:56:00.0000000,Online Payment,Kolkata,0,1,Medium
180260,C1493997778,M1670808721,PAYMENT,53610.57,2026-01-11 11:02:49.0000000,Online Payment,Mumbai,0,1,Medium
180603,C977582846,C714463399,CASH_IN,638049.38,2026-01-06 00:57:11.0000000,Cash Deposit,Delhi,0,1,Medium
180614,C1733206583,C158898155,CASH_IN,604855.13,2026-01-14 09:30:42.0000000,Cash Deposit,Bangalore,0,1,Medium
180853,C1230416266,C30464481,CASH_IN,593033.13,2026-01-01 21:29:32.0000000,Cash Deposit,Bangalore,0,1,Medium
180874,C442210006,M2088355520,PAYMENT,61158.60,2026-01-11 10:05:47.0000000,Online Payment,Hyderabad,0,1,Medium
180970,C456996321,C258558685,CASH_IN,619905.81,2026-01-06 18:44:02.0000000,Cash Deposit,Ahmedabad,0,1,Medium
181014,C1408238126,C240830541,CASH_IN,630928.13,2026-01-15 16:59:51.0000000,Cash Deposit,Kolkata,0,1,Medium
181020,C1164376053,M36588493,PAYMENT,52065.72,2026-01-06 13:45:36.0000000,Online Payment,Mumbai,0,1,Medium
181060,C1460447098,M1576134263,PAYMENT,114904.94,2026-01-13 09:59:29.0000000,Online Payment,Kolkata,0,1,Medium
181090,C615237423,C1274992776,CASH_IN,570163.00,2026-01-11 11:01:03.0000000,Cash Deposit,Ahmedabad,0,1,Medium
181237,C542093921,M1713911261,PAYMENT,54293.87,2026-01-13 09:00:28.0000000,Online Payment,Bangalore,0,1,Medium
181309,C1342075034,C1540554564,TRANSFER,4792657.00,2026-01-15 12:15:57.0000000,Wire Transfer,Kolkata,0,1,Medium
181404,C614904848,M1564089529,PAYMENT,69747.62,2026-01-18 18:12:02.0000000,Online Payment,Ahmedabad,0,1,Medium
181490,C372706516,C856705580,CASH_IN,621052.69,2026-01-10 17:38:45.0000000,Cash Deposit,Delhi,0,1,Medium
181618,C231445410,C1021770972,TRANSFER,4394573.00,2026-01-16 15:09:42.0000000,Wire Transfer,Bangalore,0,1,Medium
181688,C725031818,M640093485,PAYMENT,63982.02,2026-01-23 12:20:08.0000000,Online Payment,Chennai,0,1,Medium
181727,C895557349,C1637373249,CASH_IN,558199.88,2026-01-10 10:08:32.0000000,Cash Deposit,Mumbai,0,1,Medium
181746,C2009260559,M119034311,PAYMENT,61411.57,2026-01-09 18:52:45.0000000,Online Payment,Hyderabad,0,1,Medium
181933,C790686843,M1441406152,PAYMENT,57066.83,2026-01-11 11:40:48.0000000,Online Payment,Ahmedabad,0,1,Medium
182079,C1775994429,C819498334,TRANSFER,5240909.00,2026-01-12 12:13:10.0000000,Wire Transfer,Hyderabad,0,1,Medium
182253,C708275663,M1466570885,PAYMENT,59137.88,2026-01-02 12:00:35.0000000,Online Payment,Ahmedabad,0,1,Medium
182340,C1416113924,C42154328,TRANSFER,9640565.00,2026-01-29 03:12:09.0000000,Wire Transfer,Hyderabad,0,1,Medium
182514,C1840669233,M220780025,PAYMENT,55524.69,2026-01-16 11:15:46.0000000,Online Payment,Delhi,0,1,Medium
182556,C559758720,C762740382,TRANSFER,5889288.50,2026-01-11 10:23:13.0000000,Wire Transfer,Hyderabad,0,1,Medium
182669,C2050139053,C1423669284,CASH_IN,795011.13,2026-01-12 16:20:16.0000000,Cash Deposit,Bangalore,0,1,Medium
182686,C1693669868,M1701454734,PAYMENT,61396.81,2026-01-10 21:52:49.0000000,Online Payment,Pune,0,1,Medium
182881,C228098233,M693260349,PAYMENT,68093.05,2026-01-11 12:12:57.0000000,Online Payment,Chennai,0,1,Medium
183102,C812794894,C1628521639,CASH_IN,581800.38,2026-01-11 22:45:46.0000000,Cash Deposit,Hyderabad,0,1,Medium
183139,C7114862,C1703018314,CASH_IN,598683.81,2026-01-11 13:58:17.0000000,Cash Deposit,Delhi,0,1,Medium
183232,C468994756,M711106566,PAYMENT,75500.01,2026-01-17 17:04:06.0000000,Online Payment,Delhi,0,1,Medium
183256,C680567691,M1711095125,PAYMENT,66187.69,2026-01-14 17:11:10.0000000,Online Payment,Hyderabad,0,1,Medium
183272,C1845324168,C738016159,TRANSFER,7420169.00,2026-01-20 18:49:31.0000000,Wire Transfer,Pune,0,1,Medium
183333,C985035921,M1588420087,PAYMENT,65972.07,2026-01-10 19:24:24.0000000,Online Payment,Chennai,0,1,Medium
183411,C1574066707,M1375998870,PAYMENT,50911.06,2026-01-14 11:17:58.0000000,Online Payment,Chennai,0,1,Medium
183470,C1560319449,M810318953,PAYMENT,96107.36,2026-01-25 12:32:19.0000000,Online Payment,Chennai,0,1,Medium
183590,C1216733511,C748261222,CASH_IN,554966.00,2026-01-15 23:05:31.0000000,Wire Transfer,Pune,0,1,Medium
183613,C378959260,M372175564,PAYMENT,63654.00,2026-01-16 19:35:18.0000000,Online Payment,Pune,0,1,Medium
183826,C1876580139,M282837765,PAYMENT,58380.32,2026-01-13 22:50:54.0000000,Online Payment,Pune,0,1,Medium
183837,C1446610394,M871704513,PAYMENT,73423.16,2026-01-25 12:33:18.0000000,Online Payment,Kolkata,0,1,Medium
184247,C1323507371,M1010106607,PAYMENT,61971.54,2026-01-09 16:17:01.0000000,Online Payment,Pune,0,1,Medium
184337,C2010403253,M2090329817,PAYMENT,67180.10,2026-01-11 10:03:41.0000000,Online Payment,Hyderabad,0,1,Medium
184523,C755019700,M1755795733,PAYMENT,73752.57,2026-01-11 12:10:09.0000000,Online Payment,Chennai,0,1,Medium
184539,C1292648018,C1562852235,TRANSFER,8197456.00,2026-01-13 17:29:56.0000000,Wire Transfer,Mumbai,0,1,Medium
184620,C753661933,M1646339109,PAYMENT,55391.27,2026-01-11 10:13:46.0000000,Online Payment,Bangalore,0,1,Medium
184675,C53189479,M207691248,PAYMENT,76207.18,2026-01-17 11:41:57.0000000,Online Payment,Bangalore,0,1,Medium
184848,C1096014158,M526526653,PAYMENT,67716.88,2026-01-02 21:16:36.0000000,Online Payment,Hyderabad,0,1,Medium
184977,C522469982,M916135409,PAYMENT,79730.03,2026-01-13 12:29:54.0000000,Online Payment,Mumbai,0,1,Medium
184983,C1439111670,M1918869903,PAYMENT,56316.61,2026-01-11 11:15:45.0000000,Online Payment,Pune,0,1,Medium
185083,C1721435500,C643175298,TRANSFER,6769297.00,2026-01-16 12:07:31.0000000,Wire Transfer,Delhi,0,1,Medium
185431,C878943890,M1942264451,PAYMENT,57309.13,2026-01-17 14:18:37.0000000,Online Payment,Pune,0,1,Medium
186019,C1212076913,M226298630,PAYMENT,52465.70,2026-01-22 18:03:48.0000000,Online Payment,Hyderabad,0,1,Medium
186029,C1975257822,M1127438180,PAYMENT,53347.14,2026-01-14 15:57:14.0000000,Online Payment,Delhi,0,1,Medium
186036,C199488017,M1806264731,PAYMENT,70060.25,2026-01-14 12:07:16.0000000,Online Payment,Chennai,0,1,Medium
186057,C1336560029,M491083241,PAYMENT,58614.36,2026-01-14 11:13:24.0000000,Online Payment,Mumbai,0,1,Medium
186125,C1631080844,M1302873997,PAYMENT,50781.08,2026-01-13 22:06:47.0000000,Online Payment,Bangalore,0,1,Medium
186169,C2134921784,M2143811851,PAYMENT,83233.53,2026-01-15 13:47:12.0000000,Online Payment,Chennai,0,1,Medium
186259,C374267869,M1882093017,PAYMENT,76987.82,2026-01-13 09:40:10.0000000,Online Payment,Hyderabad,0,1,Medium
186317,C1103004511,M131739783,PAYMENT,90102.89,2026-01-10 10:27:06.0000000,Online Payment,Delhi,0,1,Medium
186447,C158350421,M303586868,PAYMENT,54034.03,2026-01-04 23:12:14.0000000,Online Payment,Mumbai,0,1,Medium
186517,C1377759225,M1667216699,PAYMENT,57723.50,2026-01-10 18:50:16.0000000,Online Payment,Mumbai,0,1,Medium
186545,C892720137,M1263189126,PAYMENT,76443.41,2026-01-14 11:34:13.0000000,Online Payment,Delhi,0,1,Medium
186581,C649794123,M286883794,PAYMENT,56042.90,2026-01-12 12:19:57.0000000,Online Payment,Mumbai,0,1,Medium
186596,C40914348,C2134414565,TRANSFER,5492524.50,2026-01-14 18:26:32.0000000,Wire Transfer,Hyderabad,0,1,Medium
186676,C1942562782,M237211895,PAYMENT,62913.50,2026-01-10 13:08:24.0000000,Online Payment,Kolkata,0,1,Medium
186686,C180884025,M1088140372,PAYMENT,59668.77,2026-01-15 11:48:01.0000000,Online Payment,Bangalore,0,1,Medium
186689,C1755208800,M445549267,PAYMENT,57689.51,2026-01-13 14:20:52.0000000,Online Payment,Delhi,0,1,Medium
186793,C1770624389,M784741436,PAYMENT,66675.80,2026-01-10 11:54:24.0000000,Online Payment,Hyderabad,0,1,Medium
186816,C1322361129,M129018400,PAYMENT,50586.18,2026-01-10 16:14:52.0000000,Online Payment,Chennai,0,1,Medium
186858,C927298155,M341360882,PAYMENT,54238.60,2026-01-14 11:09:41.0000000,Online Payment,Mumbai,0,1,Medium
186891,C790897735,M1365185630,PAYMENT,67831.20,2026-01-17 16:46:23.0000000,Online Payment,Kolkata,0,1,Medium
186976,C1500270252,M1504076715,PAYMENT,51622.77,2026-01-22 13:14:48.0000000,Online Payment,Delhi,0,1,Medium
186981,C706208198,M1961469514,PAYMENT,54522.15,2026-01-14 17:01:09.0000000,Online Payment,Delhi,0,1,Medium
187077,C788090570,M1036099143,PAYMENT,51552.14,2026-01-13 15:46:40.0000000,Online Payment,Pune,0,1,Medium
187083,C1430269605,M936704053,PAYMENT,70674.92,2026-01-21 12:07:20.0000000,Online Payment,Chennai,0,1,Medium
187153,C1439877321,C697268734,TRANSFER,5814272.50,2026-01-13 14:56:34.0000000,Wire Transfer,Kolkata,0,1,Medium
187240,C11094324,M991660485,PAYMENT,63711.25,2026-01-10 11:52:00.0000000,Online Payment,Bangalore,0,1,Medium
187312,C307740002,M6927621,PAYMENT,67758.74,2026-01-22 21:31:25.0000000,Online Payment,Hyderabad,0,1,Medium
187345,C1323078684,M1489751599,PAYMENT,73665.48,2026-01-21 20:01:13.0000000,Online Payment,Bangalore,0,1,Medium
187379,C305769858,C307886493,CASH_IN,691648.63,2026-01-01 15:21:12.0000000,Cash Deposit,Bangalore,0,1,Medium
187443,C1835132864,C1470515582,TRANSFER,5586051.50,2026-01-14 18:30:27.0000000,Wire Transfer,Delhi,0,1,Medium
187599,C1125604238,M258927088,PAYMENT,65026.25,2026-01-15 13:54:35.0000000,Online Payment,Pune,0,1,Medium
187684,C1769541268,C1714387541,TRANSFER,5093250.00,2026-01-14 23:23:49.0000000,Wire Transfer,Ahmedabad,0,1,Medium
187872,C1200234508,M1118330331,PAYMENT,54106.22,2026-01-17 14:11:12.0000000,Online Payment,Chennai,0,1,Medium
187962,C94575718,M436898226,PAYMENT,51622.17,2026-01-10 11:33:27.0000000,Online Payment,Mumbai,0,1,Medium
188063,C1584967026,M2008081334,PAYMENT,64411.13,2026-01-13 20:33:23.0000000,Online Payment,Ahmedabad,0,1,Medium
188153,C1454465042,M566786334,PAYMENT,51842.36,2026-01-06 14:38:58.0000000,Online Payment,Mumbai,0,1,Medium
188201,C227829059,M565442783,PAYMENT,51143.29,2026-01-14 17:25:25.0000000,Online Payment,Mumbai,0,1,Medium
188230,C998127822,M2065003719,PAYMENT,72037.10,2026-01-11 11:48:06.0000000,Online Payment,Delhi,0,1,Medium
188407,C2110614574,M330447826,PAYMENT,70799.49,2026-01-13 09:33:42.0000000,Online Payment,Hyderabad,0,1,Medium
188545,C326631007,M1882575927,PAYMENT,57808.13,2026-01-23 17:17:29.0000000,Online Payment,Delhi,0,1,Medium
188595,C281480813,C342278672,CASH_IN,642311.38,2026-01-01 13:26:54.0000000,Cash Deposit,Kolkata,0,1,Medium
188652,C1566702030,C672506150,TRANSFER,5120232.50,2026-01-16 10:06:03.0000000,Wire Transfer,Bangalore,0,1,Medium
188657,C807030181,C1972842,TRANSFER,7965628.00,2026-01-14 15:10:27.0000000,Wire Transfer,Chennai,0,1,Medium
188688,C1837645139,C884166426,TRANSFER,9413577.00,2026-01-14 18:54:34.0000000,Wire Transfer,Ahmedabad,0,1,Medium
188784,C1624747864,C394643479,TRANSFER,4302638.50,2026-01-14 16:58:10.0000000,Wire Transfer,Ahmedabad,0,1,Medium
188890,C78922462,M1384041157,PAYMENT,54416.35,2026-01-16 12:48:31.0000000,Online Payment,Chennai,0,1,Medium
189117,C661668223,M369550014,PAYMENT,80659.80,2026-01-10 23:32:12.0000000,Online Payment,Mumbai,0,1,Medium
189127,C1925632911,C2128198077,CASH_IN,656315.50,2026-01-17 16:07:16.0000000,Cash Deposit,Ahmedabad,0,1,Medium
189305,C1843748261,C266914514,TRANSFER,4303151.50,2026-01-13 17:19:53.0000000,Wire Transfer,Chennai,0,1,Medium
189320,C1682595439,M807709522,PAYMENT,89596.10,2026-01-23 16:57:24.0000000,Online Payment,Ahmedabad,0,1,Medium
189503,C568502616,M1272165888,PAYMENT,54850.47,2026-01-14 16:46:30.0000000,Online Payment,Pune,0,1,Medium
189759,C1369046584,M315531590,PAYMENT,51223.69,2026-01-21 12:49:37.0000000,Online Payment,Chennai,0,1,Medium
189849,C1928634518,M320103315,PAYMENT,55563.28,2026-01-08 12:40:08.0000000,Online Payment,Chennai,0,1,Medium
189980,C2067845789,M178761584,PAYMENT,58293.55,2026-01-10 11:12:43.0000000,Online Payment,Hyderabad,0,1,Medium
190208,C621171061,C1782580546,CASH_IN,558661.56,2026-01-09 17:18:14.0000000,Cash Deposit,Hyderabad,0,1,Medium
190346,C1789549968,M1250290848,PAYMENT,52640.83,2026-01-29 20:53:59.0000000,Online Payment,Pune,0,1,Medium
190426,C1464469856,M843623483,PAYMENT,63414.60,2026-01-13 15:12:48.0000000,Online Payment,Delhi,0,1,Medium
190495,C654719243,M1100852174,PAYMENT,61594.34,2026-01-12 23:57:14.0000000,Online Payment,Pune,0,1,Medium
190755,C1392207948,C1183211605,TRANSFER,8635958.00,2026-01-14 15:34:38.0000000,Wire Transfer,Hyderabad,0,1,Medium
190855,C1283830692,M1278344472,PAYMENT,57282.95,2026-01-14 15:42:46.0000000,Online Payment,Bangalore,0,1,Medium
190895,C548166783,C1593636760,CASH_IN,637474.56,2026-01-01 15:48:33.0000000,Wire Transfer,Kolkata,0,1,Medium
191023,C954902932,M1747644753,PAYMENT,60916.80,2026-01-13 09:51:13.0000000,Online Payment,Chennai,0,1,Medium
191196,C763693204,M333582213,PAYMENT,55718.86,2026-01-13 17:54:59.0000000,Online Payment,Chennai,0,1,Medium
191390,C1983939781,M509616904,PAYMENT,72492.36,2026-01-10 09:09:05.0000000,Online Payment,Ahmedabad,0,1,Medium
191587,C894247829,M2066872281,PAYMENT,67852.05,2026-01-13 00:45:25.0000000,Online Payment,Ahmedabad,0,1,Medium
191594,C422271146,M1050449074,PAYMENT,58569.84,2026-01-15 09:06:24.0000000,Online Payment,Delhi,0,1,Medium
192015,C211096665,M1246360995,PAYMENT,56609.10,2026-01-13 17:02:10.0000000,Online Payment,Mumbai,0,1,Medium
192023,C1387567420,M1545112192,PAYMENT,53843.32,2026-01-17 12:09:50.0000000,Online Payment,Delhi,0,1,Medium
192207,C1074899236,C214713138,TRANSFER,9477949.00,2026-01-12 22:47:40.0000000,Wire Transfer,Bangalore,0,1,Medium
192776,C137581897,M1039315684,PAYMENT,65296.98,2026-01-01 16:47:26.0000000,Online Payment,Ahmedabad,0,1,Medium
192853,C1795186977,C1826171272,CASH_IN,570254.50,2026-01-17 11:28:04.0000000,Cash Deposit,Mumbai,0,1,Medium
193036,C2057238405,M620991756,PAYMENT,74177.16,2026-01-16 22:13:16.0000000,Online Payment,Mumbai,0,1,Medium
193264,C1177717637,C1225447965,CASH_IN,596619.13,2026-01-13 10:35:52.0000000,Cash Deposit,Ahmedabad,0,1,Medium
193318,C169474072,C758326792,TRANSFER,4623715.50,2026-01-14 22:24:13.0000000,Wire Transfer,Mumbai,0,1,Medium
193341,C1346479897,C1937294500,CASH_IN,560376.38,2026-01-07 15:26:52.0000000,Wire Transfer,Pune,0,1,Medium
193391,C1006162731,M1176809249,PAYMENT,76549.72,2026-01-17 11:24:41.0000000,Online Payment,Mumbai,0,1,Medium
193633,C631381930,M2129867153,PAYMENT,55106.22,2026-01-08 18:15:20.0000000,Online Payment,Pune,0,1,Medium
193634,C1412009609,M1649738630,PAYMENT,51728.41,2026-01-17 12:32:36.0000000,Online Payment,Bangalore,0,1,Medium
193711,C1143078350,C600863274,CASH_IN,660270.31,2026-01-12 13:52:54.0000000,Cash Deposit,Kolkata,0,1,Medium
193865,C271949503,M799453155,PAYMENT,54270.18,2026-01-15 16:33:43.0000000,Online Payment,Pune,0,1,Medium
193980,C126124727,C1176811988,CASH_IN,560502.88,2026-01-07 14:25:12.0000000,Cash Deposit,Hyderabad,0,1,Medium
194003,C863470442,M2130518577,PAYMENT,53798.02,2026-01-17 16:54:37.0000000,Online Payment,Hyderabad,0,1,Medium
194268,C1045039012,M1960123648,PAYMENT,58668.94,2026-01-18 01:49:26.0000000,Online Payment,Kolkata,0,1,Medium
194277,C1844774689,M666546809,PAYMENT,53505.80,2026-01-02 12:53:31.0000000,Online Payment,Bangalore,0,1,Medium
194452,C1997498226,M627680427,PAYMENT,60431.90,2026-01-07 18:56:48.0000000,Online Payment,Kolkata,0,1,Medium
194520,C2114379122,C1538125111,DEBIT,49933.88,2026-01-07 17:47:41.0000000,Wire Transfer,Delhi,0,1,Medium
194619,C2071014697,C1966838826,CASH_IN,561820.50,2026-01-13 14:28:20.0000000,Cash Deposit,Pune,0,1,Medium
194683,C805432013,M703071544,PAYMENT,58760.91,2026-01-14 23:26:41.0000000,Online Payment,Delhi,0,1,Medium
194846,C812880784,M1756945104,PAYMENT,59392.74,2026-01-14 10:58:30.0000000,Online Payment,Bangalore,0,1,Medium
194851,C568063206,M920453887,PAYMENT,64282.80,2026-01-17 16:49:32.0000000,Online Payment,Hyderabad,0,1,Medium
194887,C1912716932,C1584077350,TRANSFER,4871231.00,2026-01-13 17:10:06.0000000,Wire Transfer,Hyderabad,0,1,Medium
195302,C709249868,C1829558698,TRANSFER,4882845.50,2026-01-25 14:41:58.0000000,Wire Transfer,Ahmedabad,0,1,Medium
195634,C1775960914,M1760160078,PAYMENT,62568.49,2026-01-16 15:46:00.0000000,Online Payment,Mumbai,0,1,Medium
195805,C320804604,C310383504,TRANSFER,5672929.50,2026-01-12 12:34:30.0000000,Wire Transfer,Ahmedabad,0,1,Medium
195821,C1097734892,M1874061824,PAYMENT,66018.85,2026-01-17 13:47:09.0000000,Online Payment,Mumbai,0,1,Medium
195882,C1717182472,C2144597437,TRANSFER,4689939.00,2026-01-13 21:22:57.0000000,Wire Transfer,Delhi,0,1,Medium
196073,C22077610,M1578543302,PAYMENT,60655.86,2026-01-10 09:22:54.0000000,Online Payment,Kolkata,0,1,Medium
196115,C1175864903,M1147907849,PAYMENT,57333.36,2026-01-07 18:39:33.0000000,Online Payment,Mumbai,0,1,Medium
196241,C1553294217,C1093235949,TRANSFER,9089850.00,2026-01-09 22:22:53.0000000,Wire Transfer,Bangalore,0,1,Medium
196376,C1152911230,M1766234532,PAYMENT,53318.82,2026-01-10 11:39:11.0000000,Online Payment,Hyderabad,0,1,Medium
196403,C1213806286,M1168553010,PAYMENT,69333.39,2026-01-10 11:09:40.0000000,Online Payment,Delhi,0,1,Medium
196418,C1281607529,M441359554,PAYMENT,63938.04,2026-01-13 14:36:06.0000000,Online Payment,Hyderabad,0,1,Medium
196572,C1859197893,M973722450,PAYMENT,52653.09,2026-01-09 22:25:12.0000000,Online Payment,Kolkata,0,1,Medium
196674,C1374152962,M1712606885,PAYMENT,75245.94,2026-01-17 15:01:42.0000000,Online Payment,Chennai,0,1,Medium
196785,C876062684,M1079100264,PAYMENT,57754.40,2026-01-13 09:45:38.0000000,Online Payment,Bangalore,0,1,Medium
197029,C1053255099,C32284016,CASH_IN,641776.25,2026-01-14 09:03:31.0000000,Cash Deposit,Pune,0,1,Medium
197032,C1730480591,C1157654026,TRANSFER,7808379.50,2026-01-16 16:24:03.0000000,Wire Transfer,Chennai,0,1,Medium
197049,C1050204488,C1752713668,CASH_IN,567702.69,2026-01-06 17:58:20.0000000,Retail Debit,Chennai,0,1,Medium
197116,C19986003,M1025434855,PAYMENT,55643.52,2026-01-16 19:40:57.0000000,Online Payment,Bangalore,0,1,Medium
197159,C1357550403,C1842845809,CASH_IN,573633.38,2026-01-11 13:04:01.0000000,Cash Deposit,Hyderabad,0,1,Medium
197282,C406048475,M1803587355,PAYMENT,93367.98,2026-01-13 00:24:42.0000000,Online Payment,Bangalore,0,1,Medium
197421,C1301461811,M917037856,PAYMENT,55980.38,2026-01-29 12:39:18.0000000,Online Payment,Kolkata,0,1,Medium
197472,C1420476627,M1863676046,PAYMENT,80702.80,2026-01-10 10:31:22.0000000,Online Payment,Mumbai,0,1,Medium
197499,C2027955492,C1776479507,CASH_IN,568554.06,2026-01-21 12:33:05.0000000,Cash Deposit,Chennai,0,1,Medium
197515,C1358858320,C1548218207,CASH_IN,566935.31,2026-01-06 13:14:34.0000000,Cash Deposit,Pune,0,1,Medium
197577,C511747067,M1915744963,PAYMENT,64743.74,2026-01-13 21:33:00.0000000,Online Payment,Mumbai,0,1,Medium
197692,C242588253,M1952444217,PAYMENT,73577.46,2026-01-13 00:54:59.0000000,Online Payment,Pune,0,1,Medium
197899,C1316686840,C1190220287,DEBIT,44986.52,2026-01-07 19:19:59.0000000,Retail Debit,Ahmedabad,0,1,Medium
197905,C240946440,C474556764,CASH_IN,677280.38,2026-01-08 19:08:09.0000000,Cash Deposit,Hyderabad,0,1,Medium
197909,C275810088,M999824479,PAYMENT,93223.88,2026-01-10 11:04:40.0000000,Online Payment,Mumbai,0,1,Medium
198042,C1513788412,C2069626659,TRANSFER,5038124.50,2026-01-14 11:13:43.0000000,Wire Transfer,Ahmedabad,0,1,Medium
198051,C150641550,M1463136568,PAYMENT,58962.02,2026-01-10 10:35:49.0000000,Online Payment,Delhi,0,1,Medium
198070,C96740604,C844650878,CASH_IN,596032.38,2026-01-10 16:15:37.0000000,Wire Transfer,Mumbai,0,1,Medium
198324,C1812171414,C1360915583,CASH_IN,707656.94,2026-01-16 12:36:45.0000000,Wire Transfer,Chennai,0,1,Medium
198398,C191773866,M700503693,PAYMENT,60599.56,2026-01-17 10:29:58.0000000,Online Payment,Delhi,0,1,Medium
198399,C1558913070,C899896932,TRANSFER,5890619.50,2026-01-22 16:20:22.0000000,Wire Transfer,Kolkata,0,1,Medium
198566,C421391010,M1023346479,PAYMENT,76894.32,2026-01-13 11:39:54.0000000,Online Payment,Pune,0,1,Medium
198597,C361975416,C2141477298,CASH_IN,686715.06,2026-01-17 19:52:36.0000000,Cash Deposit,Mumbai,0,1,Medium
199272,C1067644025,M944272099,PAYMENT,55461.63,2026-01-10 13:48:07.0000000,Online Payment,Mumbai,0,1,Medium
199357,C2017259189,M1245137341,PAYMENT,54803.86,2026-01-17 10:40:34.0000000,Online Payment,Delhi,0,1,Medium
199642,C1617956205,C1281855264,CASH_IN,654116.63,2026-01-15 19:29:41.0000000,Wire Transfer,Hyderabad,0,1,Medium
199649,C916907892,C2021871328,CASH_IN,633365.00,2026-01-11 13:00:11.0000000,Cash Deposit,Kolkata,0,1,Medium
199656,C1133409548,M1239164678,PAYMENT,76698.27,2026-01-17 10:16:51.0000000,Online Payment,Hyderabad,0,1,Medium
199749,C452004157,M1784232651,PAYMENT,53272.73,2026-01-13 19:28:37.0000000,Online Payment,Pune,0,1,Medium
199753,C862788538,M622048773,PAYMENT,77633.45,2026-01-13 09:58:38.0000000,Online Payment,Ahmedabad,0,1,Medium
199833,C321508969,M536731739,PAYMENT,58617.86,2026-01-12 23:55:28.0000000,Online Payment,Kolkata,0,1,Medium
199967,C1164339487,C529836978,CASH_IN,605857.44,2026-01-16 18:11:04.0000000,Cash Deposit,Bangalore,0,1,Medium
200153,C1060123216,C1289604665,CASH_IN,598976.31,2026-01-08 18:28:56.0000000,Cash Deposit,Delhi,0,1,Medium
200180,C587538811,M579580129,PAYMENT,56038.23,2026-01-08 10:25:48.0000000,Online Payment,Mumbai,0,1,Medium
200318,C1046985308,C190554294,CASH_IN,993198.31,2026-01-17 13:41:11.0000000,Cash Deposit,Mumbai,0,1,Medium
200347,C543289602,M1771579851,PAYMENT,52201.69,2026-01-12 12:48:05.0000000,Online Payment,Pune,0,1,Medium
200403,C120979413,C2145647937,CASH_IN,570550.50,2026-01-07 11:37:16.0000000,Cash Deposit,Chennai,0,1,Medium
200428,C551781027,C435265038,CASH_IN,665245.56,2026-01-17 20:12:49.0000000,Cash Deposit,Bangalore,0,1,Medium
200463,C1961576477,M1339204872,PAYMENT,53026.71,2026-01-14 16:53:41.0000000,Online Payment,Mumbai,0,1,Medium
200467,C68629566,M1077460937,PAYMENT,57912.03,2026-01-06 18:15:26.0000000,Online Payment,Chennai,0,1,Medium
200549,C818517197,C2031805626,CASH_IN,557985.94,2026-01-14 22:51:37.0000000,Cash Deposit,Delhi,0,1,Medium
200656,C2026010147,C80507451,DEBIT,84756.16,2026-01-11 13:39:48.0000000,Retail Debit,Bangalore,0,1,Medium
200682,C1826331935,C1930851375,TRANSFER,4784304.50,2026-01-19 16:22:35.0000000,Wire Transfer,Ahmedabad,0,1,Medium
200984,C1563169687,C1426962491,CASH_IN,596054.63,2026-01-10 12:36:29.0000000,Cash Deposit,Hyderabad,0,1,Medium
201139,C180421005,M960879792,PAYMENT,73884.87,2026-01-17 13:11:49.0000000,Online Payment,Hyderabad,0,1,Medium
201184,C752285779,M2008088803,PAYMENT,52875.74,2026-01-10 13:48:31.0000000,Online Payment,Hyderabad,0,1,Medium
201241,C850025307,M1205214199,PAYMENT,59106.17,2026-01-09 13:54:15.0000000,Online Payment,Chennai,0,1,Medium
201292,C1987043353,M256212739,PAYMENT,56920.05,2026-01-06 17:31:51.0000000,Online Payment,Hyderabad,0,1,Medium
201488,C1924876036,C1472709234,CASH_IN,596396.19,2026-01-10 09:27:57.0000000,Cash Deposit,Mumbai,0,1,Medium
201543,C1347778809,C1605267418,CASH_IN,689757.88,2026-01-10 20:38:42.0000000,Cash Deposit,Mumbai,0,1,Medium
201700,C226216414,M318115271,PAYMENT,57070.02,2026-01-13 21:05:08.0000000,Online Payment,Chennai,0,1,Medium
201724,C671513513,M560244888,PAYMENT,73816.69,2026-01-13 11:04:24.0000000,Online Payment,Kolkata,0,1,Medium
201795,C1351592992,M637538388,PAYMENT,51952.79,2026-01-15 11:25:56.0000000,Online Payment,Bangalore,0,1,Medium
201968,C45313310,M927684752,PAYMENT,55196.74,2026-01-11 11:36:09.0000000,Online Payment,Ahmedabad,0,1,Medium
202020,C724085777,C1092892511,CASH_IN,568953.25,2026-01-14 16:48:50.0000000,Cash Deposit,Mumbai,0,1,Medium
202035,C906683175,M777438859,PAYMENT,54696.78,2026-01-13 20:30:53.0000000,Online Payment,Ahmedabad,0,1,Medium
202049,C438465803,M1795043025,PAYMENT,51597.66,2026-01-11 12:21:42.0000000,Online Payment,Hyderabad,0,1,Medium
202135,C908627879,M1587235369,PAYMENT,51084.72,2026-01-17 13:34:02.0000000,Online Payment,Ahmedabad,0,1,Medium
202230,C1658185588,C985122655,CASH_IN,559931.44,2026-01-15 17:41:30.0000000,Cash Deposit,Mumbai,0,1,Medium
202267,C908863461,M1189611448,PAYMENT,61045.57,2026-01-13 00:25:56.0000000,Online Payment,Pune,0,1,Medium
202775,C1317844431,M1673819743,PAYMENT,68281.44,2026-01-13 00:42:53.0000000,Online Payment,Hyderabad,0,1,Medium
202987,C521314381,C705362344,CASH_IN,552714.94,2026-01-06 19:00:28.0000000,Cash Deposit,Chennai,0,1,Medium
203197,C1658100991,M207928721,PAYMENT,73306.98,2026-01-13 14:57:13.0000000,Online Payment,Chennai,0,1,Medium
203278,C910594556,M1015700221,PAYMENT,53577.36,2026-01-06 14:28:02.0000000,Online Payment,Chennai,0,1,Medium
203469,C622153376,M1692464830,PAYMENT,54733.81,2026-01-18 11:18:55.0000000,Online Payment,Bangalore,0,1,Medium
203591,C1235730803,C583360662,CASH_IN,585754.56,2026-01-02 15:32:25.0000000,Cash Deposit,Hyderabad,0,1,Medium
203654,C381122426,M1428601498,PAYMENT,106714.44,2026-01-18 11:04:07.0000000,Online Payment,Mumbai,0,1,Medium
203665,C618404288,M832472962,PAYMENT,55854.78,2026-01-01 17:59:51.0000000,Online Payment,Delhi,0,1,Medium
203681,C614990983,M1662724918,PAYMENT,72380.34,2026-01-13 15:56:18.0000000,Online Payment,Chennai,0,1,Medium
203994,C851289212,C1067196911,CASH_IN,564024.06,2026-01-15 17:46:51.0000000,Cash Deposit,Delhi,0,1,Medium
204121,C652390809,M2083917125,PAYMENT,64552.93,2026-01-02 12:59:51.0000000,Online Payment,Bangalore,0,1,Medium
204199,C999004410,M1027511577,PAYMENT,53223.63,2026-01-06 19:22:23.0000000,Online Payment,Bangalore,0,1,Medium
204225,C583534622,M1128207185,PAYMENT,56744.73,2026-01-01 12:26:17.0000000,Online Payment,Hyderabad,0,1,Medium
204309,C1318434240,M1236498421,PAYMENT,66883.07,2026-01-10 09:00:38.0000000,Online Payment,Pune,0,1,Medium
204325,C332801130,M1971211779,PAYMENT,90961.82,2026-01-13 00:00:24.0000000,Online Payment,Kolkata,0,1,Medium
204328,C862306884,M112032591,PAYMENT,74326.95,2026-01-23 20:02:26.0000000,Online Payment,Ahmedabad,0,1,Medium
204399,C473055886,C1222855366,CASH_IN,667038.00,2026-01-10 11:48:07.0000000,Cash Deposit,Ahmedabad,0,1,Medium
204457,C1813831870,M2008986911,PAYMENT,53288.14,2026-01-14 16:25:13.0000000,Online Payment,Pune,0,1,Medium
204490,C1417831341,M2104637643,PAYMENT,62917.78,2026-01-06 10:18:20.0000000,Online Payment,Pune,0,1,Medium
204780,C1872272892,M1364719196,PAYMENT,52908.50,2026-01-11 11:01:48.0000000,Online Payment,Bangalore,0,1,Medium
204934,C975945056,M1508568788,PAYMENT,52748.64,2026-01-13 11:38:13.0000000,Online Payment,Ahmedabad,0,1,Medium
205005,C828869924,M746524867,PAYMENT,72933.34,2026-01-10 17:09:24.0000000,Online Payment,Bangalore,0,1,Medium
205199,C1743574167,C1482365485,CASH_IN,608316.81,2026-01-10 19:31:33.0000000,Cash Deposit,Ahmedabad,0,1,Medium
205381,C142355027,C267707520,CASH_IN,568868.00,2026-01-11 11:39:32.0000000,Cash Deposit,Ahmedabad,0,1,Medium
205427,C1773283203,M411601970,PAYMENT,54171.16,2026-01-06 14:58:48.0000000,Online Payment,Chennai,0,1,Medium
205596,C548089844,M1145268100,PAYMENT,71087.72,2026-01-10 13:20:56.0000000,Online Payment,Pune,0,1,Medium
205669,C1512057481,C1609197261,TRANSFER,5976939.50,2026-01-13 17:53:59.0000000,Wire Transfer,Ahmedabad,0,1,Medium
205742,C1199113873,M762708118,PAYMENT,61191.10,2026-01-17 15:49:39.0000000,Online Payment,Mumbai,0,1,Medium
205941,C938140270,C1954003690,TRANSFER,7926278.50,2026-01-14 14:40:55.0000000,Wire Transfer,Ahmedabad,0,1,Medium
205985,C253269159,C1127722850,CASH_IN,556747.75,2026-01-17 10:24:29.0000000,Cash Deposit,Hyderabad,0,1,Medium
206043,C1701071750,C908720953,CASH_IN,662214.00,2026-01-02 14:31:14.0000000,Cash Deposit,Pune,0,1,Medium
206129,C1720609820,M30432867,PAYMENT,58764.22,2026-01-13 11:05:09.0000000,Online Payment,Delhi,0,1,Medium
206181,C897543837,M975102688,PAYMENT,65209.22,2026-01-12 17:41:35.0000000,Online Payment,Ahmedabad,0,1,Medium
206294,C2133123761,M260685055,PAYMENT,51956.52,2026-01-11 12:25:52.0000000,Online Payment,Chennai,0,1,Medium
206324,C708316548,M1396534783,PAYMENT,60141.14,2026-01-11 12:44:25.0000000,Online Payment,Kolkata,0,1,Medium
206327,C860988703,M2022346193,PAYMENT,51416.88,2026-01-16 15:29:22.0000000,Online Payment,Bangalore,0,1,Medium
206355,C768099368,C681229409,CASH_IN,773076.81,2026-01-07 19:11:00.0000000,Cash Deposit,Ahmedabad,0,1,Medium
206359,C867640854,M1610584986,PAYMENT,82734.23,2026-01-13 14:15:44.0000000,Online Payment,Delhi,0,1,Medium
206366,C199860856,C35420740,DEBIT,96269.78,2026-01-02 22:36:13.0000000,Retail Debit,Bangalore,0,1,Medium
206375,C645821645,M1562362405,PAYMENT,103728.65,2026-01-13 14:55:10.0000000,Online Payment,Delhi,0,1,Medium
206686,C1971923511,M2116875230,PAYMENT,63089.86,2026-01-14 16:23:36.0000000,Online Payment,Pune,0,1,Medium
206776,C65434003,M1276650436,PAYMENT,88094.30,2026-01-16 15:51:57.0000000,Online Payment,Mumbai,0,1,Medium
207031,C2056612281,C2102108743,CASH_IN,627267.50,2026-01-25 23:05:28.0000000,Cash Deposit,Delhi,0,1,Medium
207160,C705776837,C1697378157,CASH_IN,611045.44,2026-01-17 16:13:53.0000000,Wire Transfer,Delhi,0,1,Medium
207252,C1981406604,M741005915,PAYMENT,81136.29,2026-01-06 14:03:21.0000000,Online Payment,Chennai,0,1,Medium
207387,C1704809326,C2062812167,CASH_IN,580632.31,2026-01-10 13:24:03.0000000,Cash Deposit,Ahmedabad,0,1,Medium
207406,C1531522384,M343175893,PAYMENT,76412.93,2026-01-06 13:49:18.0000000,Online Payment,Mumbai,0,1,Medium
207667,C660855906,M1708579311,PAYMENT,70270.00,2026-01-15 14:05:06.0000000,Online Payment,Kolkata,0,1,Medium
207801,C1114676611,M1929086684,PAYMENT,55558.50,2026-01-09 21:00:12.0000000,Online Payment,Kolkata,0,1,Medium
207915,C401448559,C804966011,CASH_IN,630278.31,2026-01-17 19:54:04.0000000,Wire Transfer,Kolkata,0,1,Medium
208233,C782739154,M299770368,PAYMENT,52700.42,2026-01-10 12:19:03.0000000,Online Payment,Bangalore,0,1,Medium
208248,C1070727043,M648637534,PAYMENT,89741.66,2026-01-12 23:01:34.0000000,Online Payment,Bangalore,0,1,Medium
208264,C426527746,M853068026,PAYMENT,56573.86,2026-01-10 17:46:14.0000000,Online Payment,Bangalore,0,1,Medium
208324,C1290388610,C28801658,TRANSFER,4746381.50,2026-01-16 10:53:01.0000000,Wire Transfer,Ahmedabad,0,1,Medium
208398,C1388148994,C1941645734,TRANSFER,5916445.00,2026-01-17 10:15:44.0000000,Wire Transfer,Delhi,0,1,Medium
208523,C2062334818,M659066908,PAYMENT,59352.24,2026-01-12 21:47:53.0000000,Online Payment,Chennai,0,1,Medium
208534,C127603427,M342747276,PAYMENT,54503.52,2026-01-16 14:41:19.0000000,Online Payment,Hyderabad,0,1,Medium
208538,C1297107631,M1482184998,PAYMENT,57682.97,2026-01-12 23:03:16.0000000,Online Payment,Hyderabad,0,1,Medium
208638,C1418920617,C914287724,CASH_IN,663682.81,2026-01-10 15:24:04.0000000,Cash Deposit,Mumbai,0,1,Medium
208683,C842430649,C1918631578,CASH_IN,596484.75,2026-01-02 21:59:31.0000000,Cash Deposit,Mumbai,0,1,Medium
208736,C257929989,C1790411005,TRANSFER,5932323.00,2026-01-06 09:23:13.0000000,Wire Transfer,Pune,0,1,Medium
208837,C509885280,C1474464180,TRANSFER,5560278.50,2026-01-13 23:26:52.0000000,Wire Transfer,Kolkata,0,1,Medium
208897,C1774142801,C1889477951,DEBIT,67646.85,2026-01-12 21:15:06.0000000,Retail Debit,Delhi,0,1,Medium
209200,C1917525799,M796408381,PAYMENT,59808.04,2026-01-14 12:45:50.0000000,Online Payment,Pune,0,1,Medium
209444,C459403034,M712189712,PAYMENT,55620.13,2026-01-14 15:33:29.0000000,Online Payment,Chennai,0,1,Medium
209512,C1342914181,M1970458453,PAYMENT,88975.69,2026-01-13 00:53:48.0000000,Online Payment,Ahmedabad,0,1,Medium
209552,C1028835816,M414880412,PAYMENT,55607.72,2026-01-09 23:19:56.0000000,Online Payment,Delhi,0,1,Medium
209572,C1238491227,M1663084725,PAYMENT,116385.21,2026-01-24 15:27:18.0000000,Online Payment,Mumbai,0,1,Medium
209574,C1861793290,M1062508296,PAYMENT,72894.85,2026-01-18 00:47:32.0000000,Online Payment,Chennai,0,1,Medium
209807,C1065149566,M1057458705,PAYMENT,56279.00,2026-01-13 10:26:28.0000000,Online Payment,Chennai,0,1,Medium
210126,C239583690,C1101131494,TRANSFER,4839516.50,2026-01-21 15:54:47.0000000,Wire Transfer,Delhi,0,1,Medium
210619,C282578778,M1001190921,PAYMENT,63454.45,2026-01-14 15:49:02.0000000,Online Payment,Hyderabad,0,1,Medium
210771,C503473764,C718808809,CASH_IN,581087.75,2026-01-11 14:48:46.0000000,Cash Deposit,Mumbai,0,1,Medium
210817,C348345921,C451112465,TRANSFER,8213310.50,2026-01-29 12:24:15.0000000,Wire Transfer,Kolkata,0,1,Medium
210949,C569084968,M581567300,PAYMENT,58067.50,2026-01-06 14:05:55.0000000,Online Payment,Delhi,0,1,Medium
210970,C1081876279,M1336890537,PAYMENT,50874.87,2026-01-13 10:31:38.0000000,Online Payment,Chennai,0,1,Medium
211021,C1699707053,M1571779404,PAYMENT,54717.64,2026-01-09 22:05:49.0000000,Online Payment,Bangalore,0,1,Medium
211062,C1503641697,M866409491,PAYMENT,53993.38,2026-01-17 13:54:49.0000000,Online Payment,Ahmedabad,0,1,Medium
211086,C709980208,M977128262,PAYMENT,81881.67,2026-01-14 20:36:11.0000000,Online Payment,Pune,0,1,Medium
211457,C1455764798,M656577259,PAYMENT,59674.39,2026-01-08 13:36:07.0000000,Online Payment,Ahmedabad,0,1,Medium
211498,C1075387907,M1671922159,PAYMENT,54386.75,2026-01-22 10:43:55.0000000,Online Payment,Hyderabad,0,1,Medium
211541,C2003778748,C1788230622,CASH_IN,550463.94,2026-01-09 10:00:37.0000000,Cash Deposit,Bangalore,0,1,Medium
211676,C740406939,M2019387770,PAYMENT,59373.96,2026-01-17 00:53:24.0000000,Online Payment,Ahmedabad,0,1,Medium
211991,C1045705096,C588975072,CASH_IN,603978.06,2026-01-12 11:30:02.0000000,Cash Deposit,Hyderabad,0,1,Medium
212032,C1398906267,M1526228454,PAYMENT,59279.28,2026-01-06 13:56:11.0000000,Online Payment,Pune,0,1,Medium
212082,C1507725577,C1721246847,TRANSFER,4620190.50,2026-01-06 19:13:25.0000000,Wire Transfer,Bangalore,0,1,Medium
212126,C1103348355,M788844499,PAYMENT,62115.97,2026-01-11 11:03:10.0000000,Online Payment,Bangalore,0,1,Medium
212220,C1267586590,M31611279,PAYMENT,90068.10,2026-01-10 11:28:51.0000000,Online Payment,Hyderabad,0,1,Medium
212235,C1018228093,M1761597972,PAYMENT,78153.27,2026-01-14 12:48:56.0000000,Online Payment,Ahmedabad,0,1,Medium
212315,C400951929,M350693905,PAYMENT,52610.02,2026-01-17 10:07:15.0000000,Online Payment,Pune,0,1,Medium
212402,C91320165,M1899352195,PAYMENT,60236.34,2026-01-16 14:27:29.0000000,Online Payment,Kolkata,0,1,Medium
212416,C813120189,M488199781,PAYMENT,60164.54,2026-01-09 22:11:54.0000000,Online Payment,Kolkata,0,1,Medium
212515,C28034769,M952981168,PAYMENT,53835.28,2026-01-11 12:11:53.0000000,Online Payment,Kolkata,0,1,Medium
212880,C2033235594,M2025925781,PAYMENT,64820.77,2026-01-17 11:43:16.0000000,Online Payment,Delhi,0,1,Medium
212979,C477611741,M1589816160,PAYMENT,53690.48,2026-01-18 00:29:12.0000000,Online Payment,Mumbai,0,1,Medium
213004,C1309640168,M121322178,PAYMENT,54315.51,2026-01-16 17:30:35.0000000,Online Payment,Kolkata,0,1,Medium
213083,C7595973,M970713508,PAYMENT,81274.71,2026-01-11 10:41:04.0000000,Online Payment,Chennai,0,1,Medium
213120,C474736690,C834662525,CASH_IN,720081.88,2026-01-11 19:35:30.0000000,Cash Deposit,Bangalore,0,1,Medium
213178,C768398028,M1418951066,PAYMENT,53522.21,2026-01-01 15:25:11.0000000,Online Payment,Pune,0,1,Medium
213257,C221630730,M1391781051,PAYMENT,57530.46,2026-01-17 13:27:47.0000000,Online Payment,Pune,0,1,Medium
213265,C421386671,C320919849,DEBIT,110856.70,2026-01-01 12:07:51.0000000,Wire Transfer,Kolkata,0,1,Medium
213350,C1707181992,M586936984,PAYMENT,77943.17,2026-01-22 21:15:46.0000000,Online Payment,Hyderabad,0,1,Medium
213364,C1280191597,M1763057497,PAYMENT,57885.80,2026-01-13 11:50:41.0000000,Online Payment,Ahmedabad,0,1,Medium
213529,C1819644782,C576350822,CASH_IN,627861.63,2026-01-08 10:36:51.0000000,Wire Transfer,Pune,0,1,Medium
213559,C494914246,M1613143640,PAYMENT,65291.42,2026-01-14 16:45:19.0000000,Online Payment,Pune,0,1,Medium
213713,C1392629907,M442074190,PAYMENT,55343.43,2026-01-10 10:36:43.0000000,Online Payment,Hyderabad,0,1,Medium
214287,C2052763688,C1440950458,TRANSFER,5412077.00,2026-01-14 15:48:16.0000000,Wire Transfer,Mumbai,0,1,Medium
214290,C1790775663,M986180859,PAYMENT,70267.33,2026-01-18 08:22:52.0000000,Online Payment,Pune,0,1,Medium
214292,C1722473030,M1201524804,PAYMENT,80290.57,2026-01-12 13:08:29.0000000,Online Payment,Kolkata,0,1,Medium
214346,C287599971,M2032939339,PAYMENT,58332.69,2026-01-15 09:09:41.0000000,Online Payment,Chennai,0,1,Medium
214406,C633412025,M2015480831,PAYMENT,75707.18,2026-01-13 14:26:09.0000000,Online Payment,Mumbai,0,1,Medium
214425,C1869638009,M1550783917,PAYMENT,65439.88,2026-01-10 12:32:06.0000000,Online Payment,Hyderabad,0,1,Medium
214590,C1414558359,M756218052,PAYMENT,56056.28,2026-01-17 18:13:21.0000000,Online Payment,Chennai,0,1,Medium
214699,C1443390655,M297415473,PAYMENT,52625.96,2026-01-16 13:28:42.0000000,Online Payment,Mumbai,0,1,Medium
214885,C435012593,M732807479,PAYMENT,58764.77,2026-01-10 10:38:15.0000000,Online Payment,Pune,0,1,Medium
215017,C268586419,C1666893297,CASH_IN,569698.19,2026-01-02 18:45:55.0000000,Cash Deposit,Bangalore,0,1,Medium
215120,C911419897,M185741911,PAYMENT,66881.75,2026-01-12 18:37:31.0000000,Online Payment,Kolkata,0,1,Medium
215533,C716369261,M590393675,PAYMENT,65625.25,2026-01-11 11:09:23.0000000,Online Payment,Mumbai,0,1,Medium
215618,C442138245,M1592573570,PAYMENT,50939.96,2026-01-14 17:28:45.0000000,Online Payment,Hyderabad,0,1,Medium
215682,C1110341070,C2027569559,TRANSFER,9863890.00,2026-01-13 18:06:36.0000000,Wire Transfer,Pune,0,1,Medium
215906,C1218322330,C200792587,TRANSFER,4800773.50,2026-01-08 10:29:24.0000000,Wire Transfer,Bangalore,0,1,Medium
215968,C1331293464,M1462198391,PAYMENT,54599.51,2026-01-13 19:49:19.0000000,Online Payment,Kolkata,0,1,Medium
216089,C1827064063,M1719998233,PAYMENT,57382.53,2026-01-17 10:19:31.0000000,Online Payment,Delhi,0,1,Medium
216147,C415436567,M1848112296,PAYMENT,52041.22,2026-01-14 17:01:16.0000000,Online Payment,Hyderabad,0,1,Medium
216163,C1717499503,C1258662321,CASH_IN,644014.25,2026-01-11 16:36:40.0000000,Wire Transfer,Mumbai,0,1,Medium
216419,C1003422251,C1649774015,CASH_IN,589407.19,2026-01-15 20:58:56.0000000,Cash Deposit,Kolkata,0,1,Medium
216508,C2129228304,M18034967,PAYMENT,51102.73,2026-01-10 11:18:44.0000000,Online Payment,Bangalore,0,1,Medium
216674,C1359362040,C1832033268,CASH_IN,578120.50,2026-01-12 14:56:09.0000000,Cash Deposit,Delhi,0,1,Medium
216686,C38189324,C1293023821,CASH_IN,650560.31,2026-01-13 12:15:28.0000000,Cash Deposit,Bangalore,0,1,Medium
216725,C1638970953,M1433114714,PAYMENT,56506.15,2026-01-13 17:11:27.0000000,Online Payment,Chennai,0,1,Medium
216763,C109000141,M1568227399,PAYMENT,50614.15,2026-01-04 22:14:19.0000000,Online Payment,Pune,0,1,Medium
216867,C326683467,M571376634,PAYMENT,82421.12,2026-01-11 11:24:49.0000000,Online Payment,Chennai,0,1,Medium
217202,C807752858,C519600503,DEBIT,56054.37,2026-01-16 15:52:45.0000000,Wire Transfer,Pune,0,1,Medium
217240,C98318521,M1633514285,PAYMENT,58910.27,2026-01-11 10:04:01.0000000,Online Payment,Ahmedabad,0,1,Medium
217491,C501516650,C1238735674,CASH_IN,581450.31,2026-01-07 14:59:42.0000000,Cash Deposit,Pune,0,1,Medium
217519,C1501442765,C2017118277,TRANSFER,7152223.00,2026-01-14 17:51:24.0000000,Wire Transfer,Kolkata,0,1,Medium
217766,C612626419,C1143992171,CASH_IN,821281.88,2026-01-01 12:48:50.0000000,Cash Deposit,Chennai,0,1,Medium
218233,C1182485051,C1598454946,CASH_IN,627541.19,2026-01-06 16:16:30.0000000,Cash Deposit,Delhi,0,1,Medium
218424,C1059271812,M1069116309,PAYMENT,52871.15,2026-01-10 11:31:09.0000000,Online Payment,Delhi,0,1,Medium
218497,C1603872740,M341880672,PAYMENT,53221.69,2026-01-06 11:33:49.0000000,Online Payment,Kolkata,0,1,Medium
218499,C438869359,M2080401342,PAYMENT,62437.71,2026-01-06 14:02:51.0000000,Online Payment,Pune,0,1,Medium
218649,C1097570087,C326534250,CASH_IN,614118.50,2026-01-11 18:27:42.0000000,Cash Deposit,Mumbai,0,1,Medium
218686,C4081990,M1182396404,PAYMENT,87656.56,2026-01-14 10:08:04.0000000,Online Payment,Delhi,0,1,Medium
218687,C1888899996,M1774011101,PAYMENT,55008.53,2026-01-08 18:10:48.0000000,Online Payment,Bangalore,0,1,Medium
218745,C1380456420,M683336782,PAYMENT,64300.23,2026-01-06 14:54:26.0000000,Online Payment,Kolkata,0,1,Medium
218816,C865571307,M629982833,PAYMENT,53077.37,2026-01-11 12:41:31.0000000,Online Payment,Hyderabad,0,1,Medium
219474,C1877901393,M527703671,PAYMENT,57366.60,2026-01-13 09:48:10.0000000,Online Payment,Delhi,0,1,Medium
219510,C739909553,C1389285882,TRANSFER,5139432.50,2026-01-14 10:37:27.0000000,Wire Transfer,Ahmedabad,0,1,Medium
219619,C807984615,C715532985,TRANSFER,6168495.50,2026-01-14 15:27:49.0000000,Wire Transfer,Delhi,0,1,Medium
219625,C1237683023,M1049930533,PAYMENT,75838.70,2026-01-23 16:16:10.0000000,Online Payment,Mumbai,0,1,Medium
219682,C3294236,M489906629,PAYMENT,88054.77,2026-01-17 17:19:49.0000000,Online Payment,Chennai,0,1,Medium
219735,C423206165,C1287881802,TRANSFER,4836893.00,2026-01-15 18:44:38.0000000,Wire Transfer,Delhi,0,1,Medium
219955,C1320216765,M1504361660,PAYMENT,56477.82,2026-01-14 12:15:57.0000000,Online Payment,Ahmedabad,0,1,Medium
220043,C1323137843,C1936765658,TRANSFER,4631791.00,2026-01-16 09:54:05.0000000,Wire Transfer,Bangalore,0,1,Medium
220424,C1334017126,M160706570,PAYMENT,71737.71,2026-01-21 12:30:37.0000000,Online Payment,Ahmedabad,0,1,Medium
220526,C1003858303,M372174612,PAYMENT,57253.82,2026-01-16 18:35:23.0000000,Online Payment,Chennai,0,1,Medium
220530,C1787772921,M1101308220,PAYMENT,50590.08,2026-01-02 11:08:46.0000000,Online Payment,Pune,0,1,Medium
220804,C1112881005,C1272215083,CASH_IN,562459.94,2026-01-17 14:46:07.0000000,Cash Deposit,Hyderabad,0,1,Medium
220857,C1176904509,C1606546362,CASH_IN,556665.88,2026-01-07 17:07:50.0000000,Cash Deposit,Bangalore,0,1,Medium
220925,C1187285779,C617545150,CASH_IN,737486.44,2026-01-14 16:51:58.0000000,Cash Deposit,Hyderabad,0,1,Medium
221081,C1744642310,C1673501963,TRANSFER,9430604.00,2026-01-16 15:54:40.0000000,Wire Transfer,Pune,0,1,Medium
221091,C1751791171,C1631535256,TRANSFER,7206381.50,2026-01-12 22:51:55.0000000,Wire Transfer,Ahmedabad,0,1,Medium
221124,C1913290107,C1090819384,CASH_IN,564039.19,2026-01-24 19:13:46.0000000,Cash Deposit,Mumbai,0,1,Medium
221381,C1119155672,M1582639152,PAYMENT,52196.48,2026-01-13 09:08:12.0000000,Online Payment,Kolkata,0,1,Medium
221447,C1713771294,M1127115280,PAYMENT,68408.77,2026-01-09 16:50:46.0000000,Online Payment,Ahmedabad,0,1,Medium
221474,C1825406739,C1043233019,CASH_IN,836302.56,2026-01-08 17:57:12.0000000,Cash Deposit,Delhi,0,1,Medium
221624,C1467910253,M1811960139,PAYMENT,65227.07,2026-01-06 14:19:20.0000000,Online Payment,Chennai,0,1,Medium
221738,C920526032,C904075137,TRANSFER,4461834.50,2026-01-15 14:07:02.0000000,Wire Transfer,Hyderabad,0,1,Medium
221790,C1926236505,C416974260,CASH_IN,631236.06,2026-01-11 17:55:15.0000000,Wire Transfer,Hyderabad,0,1,Medium
221862,C1177623814,C1426317832,CASH_IN,548539.94,2026-01-01 17:49:29.0000000,Cash Deposit,Hyderabad,0,1,Medium
222076,C1676862705,M404258291,PAYMENT,92654.57,2026-01-15 13:05:48.0000000,Online Payment,Bangalore,0,1,Medium
222124,C1188692228,C1221597896,DEBIT,83453.16,2026-01-17 09:54:02.0000000,Retail Debit,Hyderabad,0,1,Medium
222146,C1057045138,C1307784396,CASH_IN,596499.19,2026-01-24 12:54:13.0000000,Cash Deposit,Delhi,0,1,Medium
222290,C1234810311,M1176567304,PAYMENT,64808.85,2026-01-14 15:45:39.0000000,Online Payment,Ahmedabad,0,1,Medium
222365,C473452065,M1132358261,PAYMENT,51807.71,2026-01-12 22:53:44.0000000,Online Payment,Bangalore,0,1,Medium
222615,C1130074022,M763612211,PAYMENT,70601.43,2026-01-10 16:33:12.0000000,Online Payment,Delhi,0,1,Medium
222675,C200985983,C1149847833,CASH_IN,565633.50,2026-01-08 14:32:48.0000000,Cash Deposit,Delhi,0,1,Medium
222702,C689693248,C2059240998,CASH_IN,591054.13,2026-01-08 12:33:47.0000000,Cash Deposit,Mumbai,0,1,Medium
222717,C22200714,M1795043720,PAYMENT,52386.85,2026-01-17 14:31:24.0000000,Online Payment,Mumbai,0,1,Medium
223317,C1067064646,C633083677,CASH_IN,554425.75,2026-01-08 17:16:07.0000000,Cash Deposit,Kolkata,0,1,Medium
223396,C1179053928,C720103842,TRANSFER,9051892.00,2026-01-13 16:51:59.0000000,Wire Transfer,Chennai,0,1,Medium
223451,C1943649659,M1947233369,PAYMENT,55898.21,2026-01-17 20:23:05.0000000,Online Payment,Mumbai,0,1,Medium
223454,C768414287,M1715899470,PAYMENT,58862.78,2026-01-06 17:07:58.0000000,Online Payment,Ahmedabad,0,1,Medium
223513,C472284085,M1730625603,PAYMENT,63448.33,2026-01-18 00:26:45.0000000,Online Payment,Bangalore,0,1,Medium
223548,C1545201844,M1172612922,PAYMENT,52684.90,2026-01-11 11:33:55.0000000,Online Payment,Hyderabad,0,1,Medium
223577,C808970812,M961707995,PAYMENT,61484.37,2026-01-11 12:00:54.0000000,Online Payment,Ahmedabad,0,1,Medium
223602,C320852064,M1417610791,PAYMENT,63746.80,2026-01-11 11:29:33.0000000,Online Payment,Mumbai,0,1,Medium
223665,C1141653234,M1634439004,PAYMENT,52017.82,2026-01-06 13:57:18.0000000,Online Payment,Kolkata,0,1,Medium
223719,C1777224505,C815018570,TRANSFER,5708196.50,2026-01-13 16:29:39.0000000,Wire Transfer,Chennai,0,1,Medium
223745,C585646880,C711890386,CASH_IN,688187.13,2026-01-01 16:20:36.0000000,Cash Deposit,Pune,0,1,Medium
223824,C581277735,M891339603,PAYMENT,54086.32,2026-01-13 11:40:45.0000000,Online Payment,Hyderabad,0,1,Medium
223871,C793700737,C1048855692,CASH_IN,663530.06,2026-01-02 15:30:32.0000000,Wire Transfer,Chennai,0,1,Medium
223892,C2020731564,C1412509872,CASH_IN,612346.13,2026-01-08 15:52:17.0000000,Cash Deposit,Pune,0,1,Medium
224190,C1374223697,M1913707507,PAYMENT,81437.44,2026-01-10 11:52:45.0000000,Online Payment,Delhi,0,1,Medium
224393,C86485246,C1681350294,CASH_IN,587612.69,2026-01-14 10:17:11.0000000,Cash Deposit,Ahmedabad,0,1,Medium
224446,C833839212,M1501798933,PAYMENT,75491.21,2026-01-09 01:39:01.0000000,Online Payment,Mumbai,0,1,Medium
224469,C1783119910,M97629645,PAYMENT,61219.09,2026-01-08 18:17:09.0000000,Online Payment,Kolkata,0,1,Medium
224508,C119828113,M1906885192,PAYMENT,55396.14,2026-01-13 17:07:55.0000000,Online Payment,Delhi,0,1,Medium
224691,C1189626490,M1648164321,PAYMENT,56467.50,2026-01-12 13:39:42.0000000,Online Payment,Hyderabad,0,1,Medium
224804,C1073015505,C1964099340,TRANSFER,6246545.00,2026-01-13 17:09:17.0000000,Wire Transfer,Mumbai,0,1,Medium
224914,C1277178308,C1570946952,CASH_IN,757884.69,2026-01-14 23:19:49.0000000,Cash Deposit,Mumbai,0,1,Medium
225109,C1179377567,M1308608398,PAYMENT,65600.73,2026-01-11 12:42:24.0000000,Online Payment,Ahmedabad,0,1,Medium
225134,C319817285,C1760839107,CASH_IN,551336.69,2026-01-06 12:37:41.0000000,Cash Deposit,Pune,0,1,Medium
225337,C416927073,M462619368,PAYMENT,82102.84,2026-01-17 14:58:08.0000000,Online Payment,Bangalore,0,1,Medium
225439,C1300689302,C182342660,CASH_IN,844818.63,2026-01-17 22:32:29.0000000,Cash Deposit,Bangalore,0,1,Medium
225474,C717929016,C609283413,CASH_IN,673034.44,2026-01-06 12:53:32.0000000,Cash Deposit,Mumbai,0,1,Medium
225476,C255356285,C838900069,CASH_IN,594539.88,2026-01-09 13:00:27.0000000,Cash Deposit,Pune,0,1,Medium
225544,C324475095,M1141888648,PAYMENT,67174.96,2026-01-15 11:04:29.0000000,Online Payment,Mumbai,0,1,Medium
225615,C669291151,M583183548,PAYMENT,54584.28,2026-01-14 11:47:18.0000000,Online Payment,Mumbai,0,1,Medium
225784,C675640222,C880020216,CASH_IN,581459.06,2026-01-01 17:10:22.0000000,Cash Deposit,Ahmedabad,0,1,Medium
225832,C874424735,M323733617,PAYMENT,53635.69,2026-01-14 14:55:45.0000000,Online Payment,Chennai,0,1,Medium
225948,C1242368163,M509644104,PAYMENT,55160.07,2026-01-14 17:17:10.0000000,Online Payment,Pune,0,1,Medium
226058,C1265651626,C754555473,CASH_IN,620509.38,2026-01-16 16:20:38.0000000,Cash Deposit,Pune,0,1,Medium
226156,C1336462304,M326955706,PAYMENT,62992.82,2026-01-14 10:37:09.0000000,Online Payment,Mumbai,0,1,Medium
226175,C1170525364,M285012000,PAYMENT,52484.56,2026-01-14 10:00:15.0000000,Online Payment,Kolkata,0,1,Medium
226385,C1627675958,M402057398,PAYMENT,52786.73,2026-01-10 12:25:37.0000000,Online Payment,Bangalore,0,1,Medium
226400,C609942006,M852228073,PAYMENT,52744.27,2026-01-19 10:28:55.0000000,Online Payment,Hyderabad,0,1,Medium
226430,C1902427242,M1965313402,PAYMENT,69397.60,2026-01-16 10:30:40.0000000,Online Payment,Pune,0,1,Medium
226557,C1377119691,C438460372,TRANSFER,4430420.00,2026-01-17 09:58:56.0000000,Wire Transfer,Hyderabad,0,1,Medium
226593,C41293758,M1273901067,PAYMENT,56779.19,2026-01-17 12:54:42.0000000,Online Payment,Bangalore,0,1,Medium
226697,C1288632300,M1945206915,PAYMENT,89761.03,2026-01-13 13:23:41.0000000,Online Payment,Kolkata,0,1,Medium
226720,C1626608156,M1897549477,PAYMENT,54967.36,2026-01-13 20:29:11.0000000,Online Payment,Pune,0,1,Medium
226731,C1509850462,C2134081829,CASH_IN,590858.94,2026-01-15 18:22:54.0000000,Cash Deposit,Chennai,0,1,Medium
227058,C829352235,M606996635,PAYMENT,102851.95,2026-01-12 19:18:19.0000000,Online Payment,Delhi,0,1,Medium
227079,C587660687,C599995814,CASH_IN,628285.69,2026-01-17 10:41:24.0000000,Retail Debit,Mumbai,0,1,Medium
227151,C1746496375,M302935653,PAYMENT,51543.88,2026-01-10 10:07:06.0000000,Online Payment,Hyderabad,0,1,Medium
227320,C1583369583,M430979975,PAYMENT,53460.15,2026-01-02 21:43:27.0000000,Online Payment,Mumbai,0,1,Medium
227529,C417303992,M438603487,PAYMENT,61493.13,2026-01-02 16:51:13.0000000,Online Payment,Ahmedabad,0,1,Medium
227621,C1975245911,M486767143,PAYMENT,55297.43,2026-01-08 17:33:09.0000000,Online Payment,Pune,0,1,Medium
227719,C638071114,C680875335,CASH_IN,577287.25,2026-01-07 19:45:38.0000000,Cash Deposit,Kolkata,0,1,Medium
227833,C1953188586,M894730871,PAYMENT,52210.53,2026-01-06 11:25:37.0000000,Online Payment,Ahmedabad,0,1,Medium
227888,C2123204875,M1058178740,PAYMENT,69004.13,2026-01-15 11:55:54.0000000,Online Payment,Mumbai,0,1,Medium
227898,C755727543,M868872524,PAYMENT,71568.64,2026-01-12 19:21:18.0000000,Online Payment,Ahmedabad,0,1,Medium
227992,C1215048457,M127227644,PAYMENT,66996.77,2026-01-13 10:28:47.0000000,Online Payment,Mumbai,0,1,Medium
228117,C1426660380,M388331038,PAYMENT,62182.06,2026-01-13 19:19:11.0000000,Online Payment,Kolkata,0,1,Medium
228434,C1707624323,M797956949,PAYMENT,52216.97,2026-01-15 11:49:19.0000000,Online Payment,Chennai,0,1,Medium
228484,C703029955,M771963050,PAYMENT,60269.64,2026-01-13 15:22:24.0000000,Online Payment,Ahmedabad,0,1,Medium
228715,C1470574542,M173179996,PAYMENT,55833.17,2026-01-13 22:40:55.0000000,Online Payment,Pune,0,1,Medium
228753,C682514397,M2083409647,PAYMENT,83954.81,2026-01-13 14:03:48.0000000,Online Payment,Mumbai,0,1,Medium
228910,C1219999496,C286432297,CASH_IN,569455.81,2026-01-24 15:07:13.0000000,Cash Deposit,Bangalore,0,1,Medium
228976,C1095362483,M894439481,PAYMENT,55364.66,2026-01-17 19:02:07.0000000,Online Payment,Hyderabad,0,1,Medium
229277,C950620130,M718891964,PAYMENT,56209.41,2026-01-06 14:26:50.0000000,Online Payment,Ahmedabad,0,1,Medium
229324,C884080852,C1375824861,CASH_IN,666442.69,2026-01-08 17:47:18.0000000,Cash Deposit,Delhi,0,1,Medium
229351,C421209733,C1854305896,CASH_IN,671242.38,2026-01-10 16:02:54.0000000,Cash Deposit,Hyderabad,0,1,Medium
229473,C1730521937,M1921730781,PAYMENT,56864.60,2026-01-08 11:44:16.0000000,Online Payment,Pune,0,1,Medium
229484,C1156643312,M1338863127,PAYMENT,65798.65,2026-01-16 20:49:54.0000000,Online Payment,Ahmedabad,0,1,Medium
229506,C1783676414,M1335675251,PAYMENT,52729.06,2026-01-13 12:02:33.0000000,Online Payment,Chennai,0,1,Medium
229534,C493763443,C724883034,TRANSFER,4821755.50,2026-01-15 09:34:35.0000000,Wire Transfer,Pune,0,1,Medium
229672,C1831102420,C1245034037,TRANSFER,9902479.00,2026-01-13 15:31:09.0000000,Wire Transfer,Ahmedabad,0,1,Medium
229687,C554438118,C228918840,TRANSFER,7456524.00,2026-01-13 10:55:40.0000000,Wire Transfer,Chennai,0,1,Medium
229756,C789638503,M2119425621,PAYMENT,80002.62,2026-01-13 22:26:58.0000000,Online Payment,Chennai,0,1,Medium
229778,C262943188,C100741938,TRANSFER,7400784.50,2026-01-14 16:09:16.0000000,Wire Transfer,Pune,0,1,Medium
229806,C1882804588,C886489127,CASH_IN,615795.00,2026-01-27 20:15:45.0000000,Cash Deposit,Chennai,0,1,Medium
229895,C883268055,M202804752,PAYMENT,52088.28,2026-01-14 21:32:53.0000000,Online Payment,Delhi,0,1,Medium
229976,C101439576,C787913833,CASH_IN,667728.69,2026-01-07 15:39:57.0000000,Cash Deposit,Chennai,0,1,Medium
230229,C831340055,C994497875,CASH_IN,563078.38,2026-01-06 10:40:06.0000000,Cash Deposit,Mumbai,0,1,Medium
230569,C1848583308,M155590785,PAYMENT,120339.08,2026-01-10 10:29:59.0000000,Online Payment,Mumbai,0,1,Medium
230733,C1732147952,M1312890378,PAYMENT,69259.74,2026-01-17 17:59:05.0000000,Online Payment,Ahmedabad,0,1,Medium
230834,C762977618,M892917026,PAYMENT,58445.18,2026-01-13 21:58:51.0000000,Online Payment,Kolkata,0,1,Medium
230852,C37425341,M1162679448,PAYMENT,89155.10,2026-01-17 10:46:46.0000000,Online Payment,Kolkata,0,1,Medium
230869,C779810548,M574533207,PAYMENT,60577.04,2026-01-13 17:14:26.0000000,Online Payment,Ahmedabad,0,1,Medium
230984,C1602424661,C198213026,CASH_IN,558027.31,2026-01-14 11:32:17.0000000,Cash Deposit,Mumbai,0,1,Medium
231063,C716436961,C1458391293,TRANSFER,4916894.00,2026-01-13 15:55:46.0000000,Wire Transfer,Hyderabad,0,1,Medium
231340,C527546216,M1618966558,PAYMENT,55731.53,2026-01-17 13:41:37.0000000,Online Payment,Kolkata,0,1,Medium
231364,C865860414,C186754202,TRANSFER,7593354.00,2026-01-14 18:09:21.0000000,Wire Transfer,Pune,0,1,Medium
231388,C883092010,C1295703865,CASH_IN,564769.00,2026-01-09 09:11:02.0000000,Cash Deposit,Kolkata,0,1,Medium
231577,C1294531678,M1665036659,PAYMENT,55803.41,2026-01-12 18:54:11.0000000,Online Payment,Hyderabad,0,1,Medium
231620,C21611123,M301904178,PAYMENT,55172.41,2026-01-13 14:52:00.0000000,Online Payment,Hyderabad,0,1,Medium
231660,C1671506308,C1389259354,TRANSFER,4507243.50,2026-01-15 12:53:20.0000000,Wire Transfer,Hyderabad,0,1,Medium
231671,C585827552,M1988449835,PAYMENT,74898.29,2026-01-02 12:25:43.0000000,Online Payment,Chennai,0,1,Medium
231676,C937456179,C1111110462,CASH_IN,549965.63,2026-01-10 11:16:41.0000000,Cash Deposit,Delhi,0,1,Medium
231753,C326061001,C1055507543,TRANSFER,4867085.50,2026-01-08 10:45:47.0000000,Wire Transfer,Ahmedabad,0,1,Medium
231761,C1173272953,M543100553,PAYMENT,51215.10,2026-01-11 10:57:44.0000000,Online Payment,Chennai,0,1,Medium
231763,C1217646472,M754833592,PAYMENT,58056.04,2026-01-16 23:19:12.0000000,Online Payment,Pune,0,1,Medium
231766,C1446700314,M1126038996,PAYMENT,58275.89,2026-01-17 12:54:53.0000000,Online Payment,Mumbai,0,1,Medium
231886,C1943011397,M1978181767,PAYMENT,53639.38,2026-01-13 12:11:13.0000000,Online Payment,Ahmedabad,0,1,Medium
232053,C1388499772,M1730569249,PAYMENT,70763.73,2026-01-15 10:06:01.0000000,Online Payment,Ahmedabad,0,1,Medium
232137,C1777583122,M562854972,PAYMENT,81211.85,2026-01-14 21:17:19.0000000,Online Payment,Pune,0,1,Medium
232166,C2106408157,M1609033692,PAYMENT,50696.16,2026-01-10 23:55:00.0000000,Online Payment,Mumbai,0,1,Medium
232226,C619846396,C187096591,CASH_IN,612944.69,2026-01-16 22:34:22.0000000,Cash Deposit,Mumbai,0,1,Medium
232476,C1761692046,C509121235,CASH_IN,557581.94,2026-01-11 11:32:30.0000000,Cash Deposit,Pune,0,1,Medium
232511,C699448568,M1433804449,PAYMENT,56503.79,2026-01-17 12:40:02.0000000,Online Payment,Delhi,0,1,Medium
232587,C1050401789,C558962453,CASH_IN,664303.31,2026-01-06 15:25:51.0000000,Cash Deposit,Mumbai,0,1,Medium
232639,C1402135051,M980665737,PAYMENT,109143.12,2026-01-14 10:50:55.0000000,Online Payment,Delhi,0,1,Medium
232897,C1533625626,C1852278480,CASH_IN,669734.31,2026-01-13 15:15:17.0000000,Cash Deposit,Kolkata,0,1,Medium
232930,C1780972664,M459328294,PAYMENT,72701.78,2026-01-09 23:42:17.0000000,Online Payment,Delhi,0,1,Medium
233012,C1813468793,M1366190451,PAYMENT,64666.02,2026-01-01 12:20:18.0000000,Online Payment,Ahmedabad,0,1,Medium
233038,C79165044,M592096029,PAYMENT,75095.10,2026-01-13 17:34:58.0000000,Online Payment,Chennai,0,1,Medium
233125,C1072546292,M1870754693,PAYMENT,50828.15,2026-01-14 14:06:54.0000000,Online Payment,Hyderabad,0,1,Medium
233139,C1899748774,C617704137,CASH_IN,894340.88,2026-01-17 19:11:34.0000000,Cash Deposit,Bangalore,0,1,Medium
233204,C331116530,M386924898,PAYMENT,70833.24,2026-01-10 09:31:34.0000000,Online Payment,Delhi,0,1,Medium
233233,C803099538,C752032345,CASH_IN,644672.94,2026-01-11 15:22:15.0000000,Cash Deposit,Hyderabad,0,1,Medium
233293,C450266165,C2098282684,CASH_IN,602549.31,2026-01-17 12:23:07.0000000,Cash Deposit,Chennai,0,1,Medium
233337,C1548750269,M1291226176,PAYMENT,62140.72,2026-01-17 10:56:39.0000000,Online Payment,Pune,0,1,Medium
233598,C312503641,M932956862,PAYMENT,55949.89,2026-01-17 12:59:52.0000000,Online Payment,Ahmedabad,0,1,Medium
233750,C746402526,C732215074,TRANSFER,4515662.50,2026-01-15 11:02:24.0000000,Wire Transfer,Pune,0,1,Medium
233808,C1759402299,M422454982,PAYMENT,74624.46,2026-01-02 16:45:55.0000000,Online Payment,Ahmedabad,0,1,Medium
233857,C771521308,C1139636566,CASH_IN,560039.56,2026-01-12 11:36:17.0000000,Cash Deposit,Mumbai,0,1,Medium
233869,C240881913,C1071152200,DEBIT,54134.41,2026-01-11 13:28:21.0000000,Retail Debit,Delhi,0,1,Medium
233981,C1466036828,M1027221559,PAYMENT,54188.27,2026-01-01 10:32:17.0000000,Online Payment,Bangalore,0,1,Medium
233993,C510775613,M86629570,PAYMENT,70485.77,2026-01-13 09:54:54.0000000,Online Payment,Pune,0,1,Medium
234118,C1497327203,C1506434828,CASH_IN,680348.69,2026-01-08 19:19:49.0000000,Cash Deposit,Mumbai,0,1,Medium
234131,C479927549,M1549421042,PAYMENT,59452.10,2026-01-10 10:45:14.0000000,Online Payment,Pune,0,1,Medium
234787,C1555958565,M2133657544,PAYMENT,78061.28,2026-01-06 10:42:04.0000000,Online Payment,Delhi,0,1,Medium
234800,C1872680500,C1750787180,TRANSFER,4859493.00,2026-01-13 19:04:07.0000000,Wire Transfer,Kolkata,0,1,Medium
234854,C49348125,M234184637,PAYMENT,70001.01,2026-01-17 10:27:11.0000000,Online Payment,Chennai,0,1,Medium
235075,C437905080,C1812627994,CASH_IN,792794.38,2026-01-01 15:17:49.0000000,Cash Deposit,Chennai,0,1,Medium
235086,C959856580,C540263796,CASH_IN,561254.31,2026-01-07 20:23:06.0000000,Cash Deposit,Pune,0,1,Medium
235207,C1222919902,M1958391677,PAYMENT,73654.21,2026-01-25 13:31:21.0000000,Online Payment,Pune,0,1,Medium
235226,C26056706,M1630687607,PAYMENT,57942.04,2026-01-02 18:43:12.0000000,Online Payment,Delhi,0,1,Medium
235286,C1564544888,M2004011881,PAYMENT,51000.15,2026-01-17 17:37:40.0000000,Online Payment,Chennai,0,1,Medium
235443,C1057121373,M496071200,PAYMENT,51350.95,2026-01-17 18:10:55.0000000,Online Payment,Bangalore,0,1,Medium
235494,C701278045,M327158214,PAYMENT,51874.20,2026-01-07 17:42:47.0000000,Online Payment,Hyderabad,0,1,Medium
235661,C1535123337,C1296399294,CASH_IN,610213.25,2026-01-23 17:33:05.0000000,Cash Deposit,Kolkata,0,1,Medium
235666,C461961785,M1843755671,PAYMENT,86979.18,2026-01-14 11:41:40.0000000,Online Payment,Pune,0,1,Medium
235842,C1052491425,M839424347,PAYMENT,61870.82,2026-01-14 16:37:34.0000000,Online Payment,Chennai,0,1,Medium
235962,C213891934,C648358342,CASH_IN,593870.44,2026-01-06 16:46:39.0000000,Cash Deposit,Mumbai,0,1,Medium
235972,C1612093294,C19946453,TRANSFER,9615140.00,2026-01-13 17:36:34.0000000,Wire Transfer,Delhi,0,1,Medium
236015,C468800211,M962300105,PAYMENT,55356.96,2026-01-09 21:45:45.0000000,Online Payment,Ahmedabad,0,1,Medium
236022,C2053855124,M135932378,PAYMENT,68085.33,2026-01-13 10:03:35.0000000,Online Payment,Kolkata,0,1,Medium
236048,C1678857736,C2074540190,CASH_IN,551706.75,2026-01-14 18:34:01.0000000,Cash Deposit,Bangalore,0,1,Medium
236297,C1886487116,M1982215448,PAYMENT,61099.98,2026-01-11 11:02:41.0000000,Online Payment,Pune,0,1,Medium
236326,C457395429,C1233442332,CASH_IN,624996.50,2026-01-08 12:38:10.0000000,Cash Deposit,Pune,0,1,Medium
236372,C995288493,M1866476092,PAYMENT,63329.40,2026-01-15 13:46:56.0000000,Online Payment,Hyderabad,0,1,Medium
236460,C552034847,M165701299,PAYMENT,54704.11,2026-01-01 13:58:12.0000000,Online Payment,Bangalore,0,1,Medium
236500,C467021501,M549500673,PAYMENT,113806.19,2026-01-13 15:31:03.0000000,Online Payment,Kolkata,0,1,Medium
236675,C1601596517,M917274989,PAYMENT,76996.60,2026-01-09 19:35:49.0000000,Online Payment,Chennai,0,1,Medium
236710,C908042566,M1633214040,PAYMENT,52986.59,2026-01-22 18:25:57.0000000,Online Payment,Kolkata,0,1,Medium
236808,C1163110691,M864343638,PAYMENT,85317.15,2026-01-15 11:17:41.0000000,Online Payment,Chennai,0,1,Medium
236898,C954938092,M844696694,PAYMENT,55298.71,2026-01-05 01:44:06.0000000,Online Payment,Pune,0,1,Medium
236935,C1105338459,M1131194034,PAYMENT,51600.80,2026-01-11 12:01:20.0000000,Online Payment,Chennai,0,1,Medium
236980,C1921729426,M2085562346,PAYMENT,66433.07,2026-01-10 11:26:00.0000000,Online Payment,Ahmedabad,0,1,Medium
237000,C1900734972,C879761210,CASH_IN,679340.00,2026-01-11 11:16:21.0000000,Cash Deposit,Ahmedabad,0,1,Medium
237024,C277347751,C2063469838,CASH_IN,669226.69,2026-01-15 17:03:35.0000000,Cash Deposit,Hyderabad,0,1,Medium
237056,C398052849,C1226177039,DEBIT,112762.93,2026-01-01 12:16:11.0000000,Retail Debit,Delhi,0,1,Medium
237127,C971770956,M1231574080,PAYMENT,59480.16,2026-01-15 10:52:57.0000000,Online Payment,Ahmedabad,0,1,Medium
237183,C1203708620,M763680711,PAYMENT,80597.15,2026-01-16 13:02:05.0000000,Online Payment,Pune,0,1,Medium
237327,C691200351,M1033400986,PAYMENT,50747.77,2026-01-01 06:44:31.0000000,Online Payment,Chennai,0,1,Medium
237372,C509091836,M468125661,PAYMENT,63553.18,2026-01-14 01:14:47.0000000,Online Payment,Chennai,0,1,Medium
237378,C123108971,M840959008,PAYMENT,74322.41,2026-01-13 10:06:48.0000000,Online Payment,Kolkata,0,1,Medium
237625,C1740824801,M1415824532,PAYMENT,54255.93,2026-01-12 22:43:23.0000000,Online Payment,Ahmedabad,0,1,Medium
237647,C305375908,C610980981,CASH_IN,689011.88,2026-01-17 19:01:28.0000000,Cash Deposit,Ahmedabad,0,1,Medium
237728,C888452722,M720177609,PAYMENT,52279.69,2026-01-14 12:16:09.0000000,Online Payment,Bangalore,0,1,Medium
237870,C1950427816,M2016583112,PAYMENT,60155.78,2026-01-10 09:12:47.0000000,Online Payment,Pune,0,1,Medium
237986,C2085207104,M360129544,PAYMENT,62453.85,2026-01-11 10:39:06.0000000,Online Payment,Hyderabad,0,1,Medium
238063,C659819111,M257688529,PAYMENT,60468.84,2026-01-02 20:48:46.0000000,Online Payment,Kolkata,0,1,Medium
238151,C1455307931,M1502956782,PAYMENT,71273.89,2026-01-10 09:17:56.0000000,Online Payment,Hyderabad,0,1,Medium
238268,C959945801,M2006684996,PAYMENT,56143.82,2026-01-10 11:11:04.0000000,Online Payment,Delhi,0,1,Medium
238442,C1040959067,M798107340,PAYMENT,66447.68,2026-01-14 16:02:37.0000000,Online Payment,Ahmedabad,0,1,Medium
238506,C1674988418,M468570279,PAYMENT,71877.87,2026-01-10 12:59:53.0000000,Online Payment,Mumbai,0,1,Medium
238514,C469910727,M736327769,PAYMENT,51975.62,2026-01-13 18:36:13.0000000,Online Payment,Mumbai,0,1,Medium
238534,C641523078,M1377416100,PAYMENT,59135.50,2026-01-12 19:14:14.0000000,Online Payment,Hyderabad,0,1,Medium
238556,C686286858,M1506314316,PAYMENT,75992.31,2026-01-17 17:23:43.0000000,Online Payment,Pune,0,1,Medium
238582,C1269576391,M596584855,PAYMENT,61315.87,2026-01-09 17:42:45.0000000,Online Payment,Pune,0,1,Medium
238601,C1618871444,M203249854,PAYMENT,67295.06,2026-01-14 20:29:55.0000000,Online Payment,Hyderabad,0,1,Medium
238655,C2064057983,M459445929,PAYMENT,57659.09,2026-01-17 12:39:43.0000000,Online Payment,Mumbai,0,1,Medium
238676,C1403494321,C1164072660,CASH_IN,578617.88,2026-01-02 17:06:24.0000000,Cash Deposit,Kolkata,0,1,Medium
238693,C1167913396,C1057519201,CASH_IN,581803.25,2026-01-14 19:22:42.0000000,Cash Deposit,Hyderabad,0,1,Medium
238739,C892052066,M281028957,PAYMENT,52947.25,2026-01-08 13:02:03.0000000,Online Payment,Mumbai,0,1,Medium
238837,C2101603594,M719133880,PAYMENT,60125.11,2026-01-02 13:37:20.0000000,Online Payment,Delhi,0,1,Medium
239080,C1066062791,C120041568,TRANSFER,5687283.00,2026-01-18 20:53:22.0000000,Wire Transfer,Chennai,0,1,Medium
239146,C193302772,M1604921468,PAYMENT,65232.18,2026-01-15 11:22:52.0000000,Online Payment,Chennai,0,1,Medium
239203,C2072486411,C1211440690,CASH_IN,557579.56,2026-01-02 18:20:56.0000000,Cash Deposit,Kolkata,0,1,Medium
239208,C685672526,C297336928,CASH_IN,682090.13,2026-01-16 17:45:57.0000000,Cash Deposit,Delhi,0,1,Medium
239349,C1795315862,M48144461,PAYMENT,54222.99,2026-01-16 10:22:33.0000000,Online Payment,Bangalore,0,1,Medium
239961,C1282928321,C1745096940,CASH_IN,718057.25,2026-01-02 11:23:10.0000000,Cash Deposit,Ahmedabad,0,1,Medium
240218,C1578389603,M1090812144,PAYMENT,68062.25,2026-01-09 20:27:11.0000000,Online Payment,Mumbai,0,1,Medium
240266,C1319604089,M1232910857,PAYMENT,60038.58,2026-01-13 12:42:04.0000000,Online Payment,Bangalore,0,1,Medium
240302,C1221368669,C949613831,TRANSFER,8269788.50,2026-01-13 17:13:00.0000000,Wire Transfer,Ahmedabad,0,1,Medium
240599,C1450384644,M913879462,PAYMENT,52838.50,2026-01-06 12:31:00.0000000,Online Payment,Mumbai,0,1,Medium
240671,C163650244,M172343506,PAYMENT,92168.80,2026-01-13 12:57:46.0000000,Online Payment,Pune,0,1,Medium
240852,C1314182220,C1533328386,TRANSFER,5614878.00,2026-01-13 16:27:06.0000000,Wire Transfer,Ahmedabad,0,1,Medium
240966,C1472591878,C1758265849,TRANSFER,7986597.50,2026-01-13 15:48:36.0000000,Wire Transfer,Hyderabad,0,1,Medium
240995,C301115218,C1940387083,CASH_IN,575515.69,2026-01-11 19:47:38.0000000,Cash Deposit,Delhi,0,1,Medium
241007,C388721047,M712571603,PAYMENT,60645.16,2026-01-10 13:19:25.0000000,Online Payment,Chennai,0,1,Medium
241055,C12638749,M1284575011,PAYMENT,59251.08,2026-01-10 19:02:26.0000000,Online Payment,Mumbai,0,1,Medium
241070,C463248229,C1396820975,CASH_IN,620291.38,2026-01-11 22:00:27.0000000,Cash Deposit,Delhi,0,1,Medium
241168,C1883785377,M1362893510,PAYMENT,52866.51,2026-01-17 17:01:26.0000000,Online Payment,Bangalore,0,1,Medium
241219,C993959775,M831868313,PAYMENT,83133.32,2026-01-10 11:12:58.0000000,Online Payment,Bangalore,0,1,Medium
241228,C1043689082,M1899952345,PAYMENT,52652.03,2026-01-14 12:57:45.0000000,Online Payment,Pune,0,1,Medium
241332,C399233882,C679382023,CASH_IN,593988.38,2026-01-16 11:38:18.0000000,Cash Deposit,Mumbai,0,1,Medium
241364,C380105801,C1803801192,TRANSFER,9841408.00,2026-01-13 15:52:48.0000000,Wire Transfer,Ahmedabad,0,1,Medium
241372,C66521301,M1358335466,PAYMENT,66233.95,2026-01-17 21:23:45.0000000,Online Payment,Pune,0,1,Medium
241562,C1152149683,C1628312699,CASH_IN,584259.63,2026-01-29 09:19:03.0000000,Cash Deposit,Mumbai,0,1,Medium
241594,C1529292443,M570758263,PAYMENT,64551.48,2026-01-13 10:35:27.0000000,Online Payment,Mumbai,0,1,Medium
241651,C159514605,C442717094,CASH_IN,630441.44,2026-01-06 15:10:15.0000000,Cash Deposit,Ahmedabad,0,1,Medium
241665,C35582855,M369988184,PAYMENT,65749.25,2026-01-11 17:26:02.0000000,Online Payment,Mumbai,0,1,Medium
241806,C516569582,C210878083,TRANSFER,4591856.50,2026-01-16 10:17:53.0000000,Wire Transfer,Hyderabad,0,1,Medium
241839,C627757046,C1569079182,TRANSFER,7564390.50,2026-01-16 09:37:17.0000000,Wire Transfer,Hyderabad,0,1,Medium
242081,C1727676439,C2136828280,CASH_IN,550912.00,2026-01-01 12:57:51.0000000,Cash Deposit,Delhi,0,1,Medium
242545,C1122299469,M260492068,PAYMENT,58858.89,2026-01-02 17:50:28.0000000,Online Payment,Kolkata,0,1,Medium
242761,C755290029,M1415192182,PAYMENT,94565.20,2026-01-09 01:25:19.0000000,Online Payment,Pune,0,1,Medium
242766,C737017171,M437127388,PAYMENT,58010.68,2026-01-10 11:51:40.0000000,Online Payment,Kolkata,0,1,Medium
242801,C1350051029,M1260702756,PAYMENT,61213.79,2026-01-09 15:28:35.0000000,Online Payment,Chennai,0,1,Medium
242897,C1664666892,M816617977,PAYMENT,57787.27,2026-01-17 14:30:20.0000000,Online Payment,Hyderabad,0,1,Medium
242936,C2036574090,C449172951,CASH_IN,556978.56,2026-01-14 18:44:43.0000000,Cash Deposit,Mumbai,0,1,Medium
243132,C301361408,M389591166,PAYMENT,71613.12,2026-01-15 11:42:30.0000000,Online Payment,Pune,0,1,Medium
243167,C1571853037,M1098409518,PAYMENT,70786.78,2026-01-02 21:54:26.0000000,Online Payment,Kolkata,0,1,Medium
243173,C471873569,C41759967,CASH_IN,618192.75,2026-01-01 13:16:50.0000000,Wire Transfer,Delhi,0,1,Medium
243228,C846202326,M1050501262,PAYMENT,98829.98,2026-01-13 09:31:13.0000000,Online Payment,Chennai,0,1,Medium
243292,C1036440111,M235407839,PAYMENT,54341.62,2026-01-14 10:24:30.0000000,Online Payment,Ahmedabad,0,1,Medium
243420,C1483378301,C227240039,CASH_IN,636210.19,2026-01-09 22:27:57.0000000,Cash Deposit,Kolkata,0,1,Medium
243517,C2099306676,C3665433,TRANSFER,6153429.50,2026-01-13 17:20:01.0000000,Wire Transfer,Kolkata,0,1,Medium
243625,C1885988393,M2144297262,PAYMENT,61191.81,2026-01-17 20:58:50.0000000,Online Payment,Ahmedabad,0,1,Medium
243709,C1341143181,M385907617,PAYMENT,51854.11,2026-01-08 10:52:50.0000000,Online Payment,Kolkata,0,1,Medium
243802,C327461689,M818018385,PAYMENT,66159.95,2026-01-16 19:01:32.0000000,Online Payment,Mumbai,0,1,Medium
243853,C1326059892,M1231323351,PAYMENT,65167.21,2026-01-13 12:01:14.0000000,Online Payment,Mumbai,0,1,Medium
243970,C1505371578,C2060089914,CASH_IN,626368.38,2026-01-01 19:02:10.0000000,Wire Transfer,Hyderabad,0,1,Medium
244141,C1153088719,M1541159132,PAYMENT,58265.61,2026-01-13 10:54:05.0000000,Online Payment,Bangalore,0,1,Medium
244214,C984056675,M213788166,PAYMENT,57994.84,2026-01-11 12:39:03.0000000,Online Payment,Kolkata,0,1,Medium
244534,C1892195660,C999150950,CASH_IN,751060.50,2026-01-08 09:14:17.0000000,Cash Deposit,Bangalore,0,1,Medium
244552,C1822457709,C1639636024,CASH_IN,589390.94,2026-01-13 16:02:51.0000000,Cash Deposit,Bangalore,0,1,Medium
244641,C1867590066,C1376134067,CASH_IN,557518.56,2026-01-15 10:11:28.0000000,Cash Deposit,Hyderabad,0,1,Medium
244799,C2104103149,C697161012,CASH_IN,756758.00,2026-01-10 12:48:38.0000000,Cash Deposit,Mumbai,0,1,Medium
244818,C1034721924,M1627043021,PAYMENT,77926.09,2026-01-16 15:44:47.0000000,Online Payment,Mumbai,0,1,Medium
245046,C1374306692,C1328540395,TRANSFER,5107725.00,2026-01-15 12:11:25.0000000,Wire Transfer,Hyderabad,0,1,Medium
245095,C1344877978,C1071196731,CASH_IN,778799.75,2026-01-02 15:50:49.0000000,Cash Deposit,Mumbai,0,1,Medium
245189,C165247801,M1251629200,PAYMENT,73528.48,2026-01-12 23:25:15.0000000,Online Payment,Pune,0,1,Medium
245288,C810723061,C1647015718,CASH_IN,550991.38,2026-01-01 20:45:57.0000000,Wire Transfer,Hyderabad,0,1,Medium
245317,C769165751,C281382235,TRANSFER,6818754.50,2026-01-13 16:45:00.0000000,Wire Transfer,Ahmedabad,0,1,Medium
245348,C1308595453,M1192877113,PAYMENT,62209.99,2026-01-13 11:34:13.0000000,Online Payment,Hyderabad,0,1,Medium
245392,C717208885,M1841701059,PAYMENT,55793.78,2026-01-02 13:46:43.0000000,Online Payment,Delhi,0,1,Medium
245574,C1289992466,M338739210,PAYMENT,51969.99,2026-01-11 12:09:35.0000000,Online Payment,Hyderabad,0,1,Medium
245681,C1378838045,M1754166048,PAYMENT,74215.72,2026-01-06 09:18:02.0000000,Online Payment,Bangalore,0,1,Medium
245706,C1335357891,C1957237995,CASH_IN,548133.00,2026-01-16 13:22:04.0000000,Cash Deposit,Hyderabad,0,1,Medium
245710,C1799733780,C115423035,TRANSFER,4453825.50,2026-01-13 10:19:32.0000000,Wire Transfer,Delhi,0,1,Medium
245750,C60252270,M1246645310,PAYMENT,93247.33,2026-01-02 12:17:07.0000000,Online Payment,Mumbai,0,1,Medium
245781,C732163239,M1417922230,PAYMENT,59507.64,2026-01-13 00:05:21.0000000,Online Payment,Chennai,0,1,Medium
246107,C914256330,M1956735209,PAYMENT,59846.66,2026-01-09 14:36:32.0000000,Online Payment,Chennai,0,1,Medium
246119,C876333978,M353381451,PAYMENT,55944.23,2026-01-26 19:00:41.0000000,Online Payment,Bangalore,0,1,Medium
246245,C514569831,C448329123,TRANSFER,7720028.00,2026-01-13 12:02:26.0000000,Wire Transfer,Bangalore,0,1,Medium
246266,C1724353971,M1745374520,PAYMENT,58407.08,2026-01-15 23:22:39.0000000,Online Payment,Delhi,0,1,Medium
246303,C565610177,M3654186,PAYMENT,84589.06,2026-01-14 22:40:28.0000000,Online Payment,Delhi,0,1,Medium
246309,C1330899270,M2085125407,PAYMENT,60208.07,2026-01-15 10:12:13.0000000,Online Payment,Bangalore,0,1,Medium
246352,C1013486152,M241299578,PAYMENT,58004.05,2026-01-11 12:48:54.0000000,Online Payment,Pune,0,1,Medium
246460,C1209881552,M2024295647,PAYMENT,78180.98,2026-01-15 11:54:39.0000000,Online Payment,Pune,0,1,Medium
246467,C949746362,M376751000,PAYMENT,61159.57,2026-01-16 14:04:18.0000000,Online Payment,Mumbai,0,1,Medium
246565,C700400910,C456920797,CASH_IN,611657.50,2026-01-10 13:39:52.0000000,Wire Transfer,Delhi,0,1,Medium
246644,C789967289,C568035532,CASH_IN,573514.69,2026-01-09 18:17:22.0000000,Cash Deposit,Hyderabad,0,1,Medium
246719,C1040572740,M112893810,PAYMENT,63843.83,2026-01-13 11:00:53.0000000,Online Payment,Kolkata,0,1,Medium
246752,C1978053132,M1688432201,PAYMENT,53237.61,2026-01-17 11:54:36.0000000,Online Payment,Mumbai,0,1,Medium
246760,C707095291,C826762898,TRANSFER,6439539.50,2026-01-15 17:20:27.0000000,Wire Transfer,Mumbai,0,1,Medium
247067,C696517503,M1903923050,PAYMENT,75353.17,2026-01-15 12:58:41.0000000,Online Payment,Kolkata,0,1,Medium
247088,C1980652147,C1904708227,TRANSFER,8559700.00,2026-01-12 23:31:38.0000000,Wire Transfer,Bangalore,0,1,Medium
247384,C70419380,M805265821,PAYMENT,80299.03,2026-01-09 20:03:56.0000000,Online Payment,Pune,0,1,Medium
247494,C1626717513,C2044225062,CASH_IN,552913.69,2026-01-13 12:12:47.0000000,Cash Deposit,Mumbai,0,1,Medium
247598,C861085827,M1470600403,PAYMENT,59456.84,2026-01-15 10:41:31.0000000,Online Payment,Pune,0,1,Medium
247643,C413756893,M1087016896,PAYMENT,55264.82,2026-01-10 12:27:28.0000000,Online Payment,Ahmedabad,0,1,Medium
247788,C2070762242,C2004966938,TRANSFER,5042900.50,2026-01-14 13:48:50.0000000,Wire Transfer,Kolkata,0,1,Medium
247797,C452298567,C1302481420,CASH_IN,642393.13,2026-01-17 16:38:42.0000000,Cash Deposit,Chennai,0,1,Medium
247827,C665179184,C1797965977,CASH_IN,660658.06,2026-01-01 14:15:56.0000000,Cash Deposit,Kolkata,0,1,Medium
247902,C1709626070,C618117529,CASH_IN,578564.31,2026-01-16 19:30:15.0000000,Cash Deposit,Pune,0,1,Medium
247927,C2093185348,C1683963531,TRANSFER,4844414.00,2026-01-15 18:59:55.0000000,Wire Transfer,Bangalore,0,1,Medium
247947,C2120371760,M1297070341,PAYMENT,60284.67,2026-01-13 22:45:32.0000000,Online Payment,Mumbai,0,1,Medium
248000,C41381473,M704380756,PAYMENT,87977.77,2026-01-10 12:57:19.0000000,Online Payment,Bangalore,0,1,Medium
248082,C1507274503,M880670140,PAYMENT,54168.55,2026-01-17 17:30:09.0000000,Online Payment,Mumbai,0,1,Medium
248133,C1659589612,C19568116,TRANSFER,9264524.00,2026-01-13 22:45:36.0000000,Wire Transfer,Kolkata,0,1,Medium
248191,C656309005,C1414863396,TRANSFER,4404115.00,2026-01-17 10:51:53.0000000,Wire Transfer,Hyderabad,0,1,Medium
248221,C2025731136,C2127132683,CASH_IN,558829.69,2026-01-16 11:34:57.0000000,Cash Deposit,Mumbai,0,1,Medium
248266,C1609510492,M596574627,PAYMENT,68433.18,2026-01-17 18:09:22.0000000,Online Payment,Bangalore,0,1,Medium
248393,C36838257,C354186550,TRANSFER,4474035.50,2026-01-13 19:22:11.0000000,Wire Transfer,Mumbai,0,1,Medium
248502,C1686802198,M1498384687,PAYMENT,51295.98,2026-01-11 12:01:44.0000000,Online Payment,Delhi,0,1,Medium
248548,C756006695,M1255210492,PAYMENT,64320.46,2026-01-13 09:50:32.0000000,Online Payment,Kolkata,0,1,Medium
248680,C1211605178,C1535481925,CASH_IN,566858.56,2026-01-02 15:21:19.0000000,Cash Deposit,Chennai,0,1,Medium
249057,C2106239506,C1787965359,CASH_IN,649103.25,2026-01-14 11:28:38.0000000,Cash Deposit,Kolkata,0,1,Medium
249097,C2052898882,M383433081,PAYMENT,51832.92,2026-01-12 13:33:56.0000000,Online Payment,Delhi,0,1,Medium
249151,C10802214,M921418589,PAYMENT,52001.29,2026-01-13 10:18:50.0000000,Online Payment,Mumbai,0,1,Medium
249381,C584689063,C137796770,CASH_IN,620947.44,2026-01-12 17:39:38.0000000,Wire Transfer,Chennai,0,1,Medium
250031,C1568669486,M2117827499,PAYMENT,50659.03,2026-01-15 09:35:08.0000000,Online Payment,Kolkata,0,1,Medium
250068,C323493874,M1938439291,PAYMENT,62344.86,2026-01-17 16:17:15.0000000,Online Payment,Mumbai,0,1,Medium
250091,C1388273093,M2106323404,PAYMENT,60872.92,2026-01-13 10:28:51.0000000,Online Payment,Ahmedabad,0,1,Medium
250329,C1802316145,M1450555209,PAYMENT,60477.16,2026-01-06 13:07:27.0000000,Online Payment,Mumbai,0,1,Medium
250344,C139718865,M89271807,PAYMENT,90929.03,2026-01-11 12:29:36.0000000,Online Payment,Ahmedabad,0,1,Medium
250347,C1977620386,C992483683,CASH_IN,599504.19,2026-01-09 18:58:09.0000000,Cash Deposit,Pune,0,1,Medium
250363,C1112863890,M243152130,PAYMENT,73318.59,2026-01-17 19:35:24.0000000,Online Payment,Chennai,0,1,Medium
250562,C1748923583,M2058605320,PAYMENT,53557.50,2026-01-11 12:33:29.0000000,Online Payment,Chennai,0,1,Medium
250714,C2011640752,M1023970153,PAYMENT,58798.87,2026-01-14 11:15:44.0000000,Online Payment,Delhi,0,1,Medium
250991,C1779555817,M1753883323,PAYMENT,54685.92,2026-01-14 19:25:47.0000000,Online Payment,Hyderabad,0,1,Medium
251086,C842009967,C1906029492,CASH_IN,598458.94,2026-01-09 10:35:38.0000000,Cash Deposit,Ahmedabad,0,1,Medium
251197,C755757157,M191536361,PAYMENT,64854.20,2026-01-13 09:59:19.0000000,Online Payment,Pune,0,1,Medium
251248,C945223391,C256519360,CASH_IN,551407.00,2026-01-01 19:11:45.0000000,Cash Deposit,Hyderabad,0,1,Medium
251378,C135443663,M453325674,PAYMENT,75079.75,2026-01-17 23:24:42.0000000,Online Payment,Pune,0,1,Medium
251651,C113459730,M68838845,PAYMENT,67999.64,2026-01-16 18:55:05.0000000,Online Payment,Bangalore,0,1,Medium
251666,C541419657,M1207955559,PAYMENT,63036.80,2026-01-11 13:21:44.0000000,Online Payment,Kolkata,0,1,Medium
251701,C82344718,M156924205,PAYMENT,65412.23,2026-01-13 09:21:02.0000000,Online Payment,Chennai,0,1,Medium
251762,C125841542,M19265326,PAYMENT,90961.81,2026-01-13 15:42:33.0000000,Online Payment,Hyderabad,0,1,Medium
251798,C1530620089,M1622785461,PAYMENT,57578.48,2026-01-13 02:07:51.0000000,Online Payment,Chennai,0,1,Medium
251864,C352996881,M929273687,PAYMENT,83353.17,2026-01-13 10:39:00.0000000,Online Payment,Hyderabad,0,1,Medium
252172,C110313058,M2061144575,PAYMENT,59172.11,2026-01-01 17:36:28.0000000,Online Payment,Bangalore,0,1,Medium
252303,C568170153,M1377200196,PAYMENT,55465.06,2026-01-13 09:23:57.0000000,Online Payment,Kolkata,0,1,Medium
252312,C1048048167,C1737472516,CASH_IN,580622.94,2026-01-15 13:08:19.0000000,Cash Deposit,Kolkata,0,1,Medium
252551,C400992824,M1211929195,PAYMENT,56972.12,2026-01-13 13:16:43.0000000,Online Payment,Hyderabad,0,1,Medium
252564,C396777639,C1711451301,TRANSFER,4317740.50,2026-01-13 18:56:03.0000000,Wire Transfer,Ahmedabad,0,1,Medium
252710,C79902559,C960853362,CASH_IN,557331.63,2026-01-12 14:35:40.0000000,Cash Deposit,Hyderabad,0,1,Medium
252808,C1556651397,M715514560,PAYMENT,54490.64,2026-01-11 10:59:24.0000000,Online Payment,Ahmedabad,0,1,Medium
253086,C1053475880,M1320576775,PAYMENT,52796.42,2026-01-13 09:49:10.0000000,Online Payment,Delhi,0,1,Medium
253120,C1543540701,M380131558,PAYMENT,60553.64,2026-01-01 13:38:40.0000000,Online Payment,Delhi,0,1,Medium
253198,C2121040413,C1771102464,CASH_IN,557857.50,2026-01-06 11:26:43.0000000,Cash Deposit,Bangalore,0,1,Medium
253276,C742078239,C1247051677,CASH_IN,675492.31,2026-01-06 18:55:25.0000000,Cash Deposit,Delhi,0,1,Medium
253397,C509419123,C754924802,CASH_IN,579826.75,2026-01-16 10:42:29.0000000,Cash Deposit,Kolkata,0,1,Medium
253413,C727423090,M2140341327,PAYMENT,57962.29,2026-01-15 10:50:00.0000000,Online Payment,Mumbai,0,1,Medium
253440,C902174955,C1903867630,TRANSFER,5086779.50,2026-01-17 20:37:46.0000000,Wire Transfer,Delhi,0,1,Medium
253491,C1800650434,C770557603,TRANSFER,4923249.50,2026-01-14 10:33:14.0000000,Wire Transfer,Delhi,0,1,Medium
253554,C1068417826,C71780008,CASH_IN,576318.13,2026-01-14 17:12:45.0000000,Cash Deposit,Chennai,0,1,Medium
253774,C822553110,M2145643291,PAYMENT,110906.38,2026-01-14 01:33:50.0000000,Online Payment,Delhi,0,1,Medium
253802,C1961319766,M1845548150,PAYMENT,54321.02,2026-01-09 21:55:02.0000000,Online Payment,Chennai,0,1,Medium
253821,C1034253833,M1999972638,PAYMENT,55794.27,2026-01-02 12:14:10.0000000,Online Payment,Pune,0,1,Medium
253844,C1734481699,C1316575625,TRANSFER,4786867.50,2026-01-17 09:30:54.0000000,Wire Transfer,Kolkata,0,1,Medium
253991,C1324152669,M2075196458,PAYMENT,78487.44,2026-01-13 10:50:25.0000000,Online Payment,Pune,0,1,Medium
254073,C2044336655,M1024469393,PAYMENT,52307.98,2026-01-17 12:47:01.0000000,Online Payment,Chennai,0,1,Medium
254147,C1114303247,C1108927322,CASH_IN,650532.44,2026-01-09 22:19:51.0000000,Cash Deposit,Chennai,0,1,Medium
254263,C1185348785,C2134054685,CASH_IN,728747.94,2026-01-09 19:47:15.0000000,Wire Transfer,Mumbai,0,1,Medium
254269,C998599544,C1361032256,CASH_IN,582442.63,2026-01-13 14:02:47.0000000,Cash Deposit,Bangalore,0,1,Medium
254297,C1274822807,C358578366,TRANSFER,4338690.00,2026-01-14 23:34:49.0000000,Wire Transfer,Mumbai,0,1,Medium
254307,C312882846,C147689379,CASH_IN,700972.00,2026-01-09 17:36:55.0000000,Cash Deposit,Ahmedabad,0,1,Medium
254345,C2139063763,M402969669,PAYMENT,54505.02,2026-01-06 12:06:05.0000000,Online Payment,Pune,0,1,Medium
254374,C118642401,M610669433,PAYMENT,58574.18,2026-01-13 13:36:41.0000000,Online Payment,Chennai,0,1,Medium
254376,C889196862,M349911344,PAYMENT,52934.87,2026-01-10 13:51:33.0000000,Online Payment,Chennai,0,1,Medium
254503,C69042727,M127646827,PAYMENT,66369.54,2026-01-15 12:53:45.0000000,Online Payment,Chennai,0,1,Medium
254536,C710468977,M830742104,PAYMENT,63083.71,2026-01-15 10:00:11.0000000,Online Payment,Mumbai,0,1,Medium
254888,C1510198057,M23549382,PAYMENT,55829.95,2026-01-23 12:05:11.0000000,Online Payment,Mumbai,0,1,Medium
255014,C609002550,C846065934,TRANSFER,8277397.50,2026-01-15 12:34:34.0000000,Wire Transfer,Ahmedabad,0,1,Medium
255211,C51550729,M1845944747,PAYMENT,58835.41,2026-01-14 12:27:41.0000000,Online Payment,Mumbai,0,1,Medium
255325,C1981434295,C108034745,CASH_IN,801188.38,2026-01-01 13:04:29.0000000,Wire Transfer,Ahmedabad,0,1,Medium
255381,C862689375,C831673523,CASH_IN,585666.94,2026-01-08 12:28:06.0000000,Cash Deposit,Mumbai,0,1,Medium
255666,C703650960,M1909756087,PAYMENT,54111.99,2026-01-17 16:42:41.0000000,Online Payment,Delhi,0,1,Medium
255714,C793417620,M124752404,PAYMENT,54546.00,2026-01-14 11:37:44.0000000,Online Payment,Kolkata,0,1,Medium
255834,C2019014649,M1685580959,PAYMENT,52282.75,2026-01-14 10:47:42.0000000,Online Payment,Chennai,0,1,Medium
255905,C363760821,C1744813930,CASH_IN,549020.31,2026-01-01 19:51:30.0000000,Cash Deposit,Hyderabad,0,1,Medium
256018,C1084051681,C2005503893,TRANSFER,6444734.50,2026-01-14 16:14:42.0000000,Wire Transfer,Pune,0,1,Medium
256121,C2074557961,C697281164,CASH_IN,640154.13,2026-01-02 09:23:24.0000000,Wire Transfer,Mumbai,0,1,Medium
256185,C638833007,M1699015409,PAYMENT,59947.15,2026-01-02 11:18:37.0000000,Online Payment,Chennai,0,1,Medium
256260,C276906424,M1405589713,PAYMENT,52134.09,2026-01-17 10:38:54.0000000,Online Payment,Chennai,0,1,Medium
256274,C424302867,C1707773416,TRANSFER,6633753.50,2026-01-14 14:31:39.0000000,Wire Transfer,Ahmedabad,0,1,Medium
256357,C633847407,M1543562083,PAYMENT,59563.73,2026-01-15 10:39:45.0000000,Online Payment,Chennai,0,1,Medium
256402,C1070404573,M91726127,PAYMENT,66524.76,2026-01-13 12:06:20.0000000,Online Payment,Delhi,0,1,Medium
256446,C471202782,C1648896575,CASH_IN,558222.25,2026-01-10 16:45:28.0000000,Cash Deposit,Hyderabad,0,1,Medium
256448,C1550551768,C2115513087,CASH_IN,552477.81,2026-01-02 14:50:37.0000000,Cash Deposit,Ahmedabad,0,1,Medium
256471,C2109344022,M458557782,PAYMENT,62674.07,2026-01-14 17:58:11.0000000,Online Payment,Delhi,0,1,Medium
256531,C1201101255,M2029235797,PAYMENT,54981.70,2026-01-01 12:58:02.0000000,Online Payment,Chennai,0,1,Medium
256804,C574160878,C628648150,CASH_IN,625575.00,2026-01-15 13:13:47.0000000,Cash Deposit,Chennai,0,1,Medium
256896,C99442995,C1725440048,CASH_IN,603694.25,2026-01-09 16:04:32.0000000,Cash Deposit,Delhi,0,1,Medium
256936,C1172069025,M958351348,PAYMENT,75409.81,2026-01-13 13:40:11.0000000,Online Payment,Mumbai,0,1,Medium
256954,C296784390,C178284655,CASH_IN,550871.06,2026-01-01 21:03:46.0000000,Wire Transfer,Chennai,0,1,Medium
256957,C434091257,M1062819185,PAYMENT,64122.02,2026-01-08 21:55:32.0000000,Online Payment,Mumbai,0,1,Medium
257007,C985800871,M1646520614,PAYMENT,60829.41,2026-01-13 12:20:22.0000000,Online Payment,Pune,0,1,Medium
257049,C208200313,M350818790,PAYMENT,105646.03,2026-01-12 23:32:16.0000000,Online Payment,Bangalore,0,1,Medium
257425,C1714805928,M1750263389,PAYMENT,59043.25,2026-01-17 12:20:43.0000000,Online Payment,Chennai,0,1,Medium
257445,C915702847,C2030493231,CASH_IN,571609.81,2026-01-07 12:29:35.0000000,Cash Deposit,Kolkata,0,1,Medium
257632,C1002854427,C696761060,CASH_IN,581899.13,2026-01-28 11:05:23.0000000,Cash Deposit,Bangalore,0,1,Medium
257635,C862833680,C813017425,TRANSFER,4413500.00,2026-01-16 09:47:57.0000000,Wire Transfer,Mumbai,0,1,Medium
257714,C2000245773,M1878833392,PAYMENT,75494.51,2026-01-13 12:38:44.0000000,Online Payment,Mumbai,0,1,Medium
257814,C832388513,C711688085,CASH_IN,565138.81,2026-01-13 13:13:45.0000000,Cash Deposit,Delhi,0,1,Medium
257853,C221731523,C2007792854,CASH_IN,568937.75,2026-01-01 12:56:10.0000000,Cash Deposit,Chennai,0,1,Medium
257938,C447475848,C93093862,CASH_IN,555305.25,2026-01-11 15:09:25.0000000,Cash Deposit,Pune,0,1,Medium
257982,C1201427527,M1094131908,PAYMENT,93644.87,2026-01-17 13:43:52.0000000,Online Payment,Bangalore,0,1,Medium
257996,C2040202241,C883496428,TRANSFER,4451864.50,2026-01-15 17:32:46.0000000,Wire Transfer,Delhi,0,1,Medium
258089,C158532826,M691658096,PAYMENT,53877.51,2026-01-12 16:45:59.0000000,Online Payment,Chennai,0,1,Medium
258327,C2046105401,C548988947,TRANSFER,5164936.50,2026-01-14 09:12:03.0000000,Wire Transfer,Kolkata,0,1,Medium
258529,C1378099375,M689665997,PAYMENT,55286.77,2026-01-13 14:53:35.0000000,Online Payment,Mumbai,0,1,Medium
258649,C1153639690,M671352908,PAYMENT,51824.55,2026-01-21 10:22:17.0000000,Online Payment,Mumbai,0,1,Medium
258884,C1408581766,C1039916140,CASH_IN,565303.69,2026-01-06 17:52:47.0000000,Cash Deposit,Bangalore,0,1,Medium
259019,C678157252,M822571233,PAYMENT,75810.22,2026-01-02 12:33:03.0000000,Online Payment,Pune,0,1,Medium
259166,C1222400559,M1659887126,PAYMENT,65727.44,2026-01-15 10:22:43.0000000,Online Payment,Hyderabad,0,1,Medium
259252,C487747635,C1806454749,CASH_IN,572661.38,2026-01-17 15:51:31.0000000,Cash Deposit,Delhi,0,1,Medium
259285,C149904608,M1324740641,PAYMENT,70834.69,2026-01-14 15:12:07.0000000,Online Payment,Ahmedabad,0,1,Medium
259448,C1951628924,C732069575,TRANSFER,4506402.00,2026-01-15 17:15:25.0000000,Wire Transfer,Hyderabad,0,1,Medium
259541,C1575213448,M1547710414,PAYMENT,51160.39,2026-01-06 14:36:35.0000000,Online Payment,Bangalore,0,1,Medium
259556,C2038171492,M1516460711,PAYMENT,66901.81,2026-01-21 10:12:50.0000000,Online Payment,Hyderabad,0,1,Medium
259705,C594287793,M1314868688,PAYMENT,64470.80,2026-01-13 21:20:30.0000000,Online Payment,Mumbai,0,1,Medium
259834,C1353484020,M1357912104,PAYMENT,58305.81,2026-01-06 12:25:29.0000000,Online Payment,Delhi,0,1,Medium
259855,C1469857500,M1676212993,PAYMENT,51612.00,2026-01-11 13:52:07.0000000,Online Payment,Pune,0,1,Medium
259917,C266378003,C478120172,TRANSFER,6515493.00,2026-01-17 10:29:35.0000000,Wire Transfer,Hyderabad,0,1,Medium
259924,C1483485372,M1522355481,PAYMENT,51277.48,2026-01-08 11:02:46.0000000,Online Payment,Kolkata,0,1,Medium
260014,C1639743752,M122266647,PAYMENT,53085.03,2026-01-17 23:18:18.0000000,Online Payment,Kolkata,0,1,Medium
260166,C1342577112,M1182679380,PAYMENT,54781.63,2026-01-15 10:27:54.0000000,Online Payment,Kolkata,0,1,Medium
260218,C250844210,M1378086851,PAYMENT,63416.80,2026-01-16 16:19:13.0000000,Online Payment,Pune,0,1,Medium
260379,C116010218,M670591135,PAYMENT,59428.71,2026-01-10 09:25:01.0000000,Online Payment,Delhi,0,1,Medium
260399,C918523804,C750697863,CASH_IN,691379.00,2026-01-06 19:14:12.0000000,Wire Transfer,Delhi,0,1,Medium
260822,C1909076631,C1341276268,CASH_IN,583667.88,2026-01-01 12:46:32.0000000,Cash Deposit,Chennai,0,1,Medium
261080,C490750545,M1475318602,PAYMENT,61558.25,2026-01-15 12:10:31.0000000,Online Payment,Kolkata,0,1,Medium
261121,C1020326672,M2130937453,PAYMENT,55555.88,2026-01-14 19:40:47.0000000,Online Payment,Pune,0,1,Medium
261136,C637608101,M1640480978,PAYMENT,60843.59,2026-01-16 19:59:29.0000000,Online Payment,Pune,0,1,Medium
261337,C1662346294,M489594113,PAYMENT,73484.55,2026-01-08 17:18:19.0000000,Online Payment,Ahmedabad,0,1,Medium
261476,C1858000925,M552264371,PAYMENT,62339.44,2026-01-14 11:17:59.0000000,Online Payment,Hyderabad,0,1,Medium
261679,C667551808,M1875469737,PAYMENT,71553.68,2026-01-11 12:24:21.0000000,Online Payment,Pune,0,1,Medium
261872,C1227590922,M1228855282,PAYMENT,82110.81,2026-01-11 13:23:30.0000000,Online Payment,Ahmedabad,0,1,Medium
261982,C1440479319,M780697538,PAYMENT,70670.87,2026-01-09 11:44:47.0000000,Online Payment,Hyderabad,0,1,Medium
262015,C793152411,M1439397291,PAYMENT,56275.01,2026-01-10 09:20:52.0000000,Online Payment,Mumbai,0,1,Medium
262107,C2130192769,M2117654351,PAYMENT,57996.48,2026-01-13 15:13:06.0000000,Online Payment,Mumbai,0,1,Medium
262228,C405767124,M1738661612,PAYMENT,98449.27,2026-01-14 10:25:14.0000000,Online Payment,Bangalore,0,1,Medium
262239,C227756466,C1868882055,CASH_IN,570723.94,2026-01-06 14:17:39.0000000,Cash Deposit,Chennai,0,1,Medium
262266,C1644793065,C1501852034,TRANSFER,5823176.00,2026-01-13 23:59:27.0000000,Wire Transfer,Delhi,0,1,Medium
262356,C1038853449,M1763949702,PAYMENT,59438.98,2026-01-15 14:23:00.0000000,Online Payment,Mumbai,0,1,Medium
262371,C1507278830,M864190566,PAYMENT,74681.52,2026-01-17 23:29:24.0000000,Online Payment,Mumbai,0,1,Medium
262404,C637164405,C243691337,TRANSFER,4327208.00,2026-01-08 09:23:54.0000000,Wire Transfer,Delhi,0,1,Medium
262541,C799357843,M1665017938,PAYMENT,59049.91,2026-01-23 16:02:48.0000000,Online Payment,Kolkata,0,1,Medium
262660,C1366676671,C1134225239,TRANSFER,4895422.00,2026-01-17 09:36:30.0000000,Wire Transfer,Ahmedabad,0,1,Medium
262783,C1970673042,M1909125619,PAYMENT,59182.71,2026-01-09 22:40:15.0000000,Online Payment,Delhi,0,1,Medium
262810,C1562540051,M1386498420,PAYMENT,50617.56,2026-01-17 18:55:21.0000000,Online Payment,Kolkata,0,1,Medium
262900,C1157455339,M477423464,PAYMENT,56187.19,2026-01-12 21:19:11.0000000,Online Payment,Ahmedabad,0,1,Medium
263024,C1555101371,M500545390,PAYMENT,60126.78,2026-01-15 12:15:08.0000000,Online Payment,Ahmedabad,0,1,Medium
263114,C791882616,M153677135,PAYMENT,78128.35,2026-01-06 13:19:39.0000000,Online Payment,Kolkata,0,1,Medium
263204,C1672128378,C1482796670,TRANSFER,5063341.50,2026-01-15 14:59:07.0000000,Wire Transfer,Chennai,0,1,Medium
263258,C682842916,M385634806,PAYMENT,53864.85,2026-01-13 10:44:14.0000000,Online Payment,Delhi,0,1,Medium
263315,C203477883,C279261913,CASH_IN,547351.31,2026-01-10 13:24:17.0000000,Cash Deposit,Ahmedabad,0,1,Medium
263597,C180722818,M998671505,PAYMENT,53670.11,2026-01-06 11:26:22.0000000,Online Payment,Pune,0,1,Medium
263628,C2071274416,M1892470476,PAYMENT,64425.63,2026-01-09 16:12:36.0000000,Online Payment,Pune,0,1,Medium
263637,C352396627,M1195481233,PAYMENT,51301.22,2026-01-16 16:03:13.0000000,Online Payment,Chennai,0,1,Medium
263832,C1791177370,C2028508985,TRANSFER,4609470.50,2026-01-14 16:09:18.0000000,Wire Transfer,Ahmedabad,0,1,Medium
264062,C387382661,M1203808697,PAYMENT,63217.09,2026-01-08 12:27:02.0000000,Online Payment,Delhi,0,1,Medium
264079,C1654587639,M666607004,PAYMENT,60413.26,2026-01-02 12:02:48.0000000,Online Payment,Kolkata,0,1,Medium
264111,C2025234004,M1029367871,PAYMENT,55914.88,2026-01-15 09:47:52.0000000,Online Payment,Hyderabad,0,1,Medium
264131,C1285951641,M567670814,PAYMENT,51863.61,2026-01-10 11:09:10.0000000,Online Payment,Pune,0,1,Medium
264163,C555744707,M482111304,PAYMENT,55732.87,2026-01-04 22:45:35.0000000,Online Payment,Hyderabad,0,1,Medium
264270,C4764376,C2020180625,CASH_IN,626083.63,2026-01-08 09:10:08.0000000,Wire Transfer,Delhi,0,1,Medium
264431,C1195968310,M1881107380,PAYMENT,56087.61,2026-01-17 13:18:42.0000000,Online Payment,Ahmedabad,0,1,Medium
264484,C229998640,M1920156556,PAYMENT,56887.03,2026-01-15 20:50:08.0000000,Online Payment,Bangalore,0,1,Medium
264518,C839651496,C459857341,CASH_IN,648999.94,2026-01-01 07:11:17.0000000,Cash Deposit,Chennai,0,1,Medium
264555,C812023466,C1468427853,TRANSFER,4907206.50,2026-01-14 10:41:21.0000000,Wire Transfer,Chennai,0,1,Medium
264679,C517892546,M866801771,PAYMENT,59487.34,2026-01-11 13:16:04.0000000,Online Payment,Hyderabad,0,1,Medium
264846,C19294417,M610861425,PAYMENT,55826.17,2026-01-15 16:51:26.0000000,Online Payment,Bangalore,0,1,Medium
264872,C2105149738,M860453443,PAYMENT,51789.60,2026-01-13 17:36:50.0000000,Online Payment,Pune,0,1,Medium
265050,C1956559596,C1106272710,CASH_IN,556463.94,2026-01-09 17:39:16.0000000,Cash Deposit,Bangalore,0,1,Medium
265058,C455171783,C1774963307,CASH_IN,580434.38,2026-01-02 12:43:08.0000000,Cash Deposit,Mumbai,0,1,Medium
265076,C376140282,M869742181,PAYMENT,54251.70,2026-01-17 15:42:24.0000000,Online Payment,Delhi,0,1,Medium
265196,C253057030,C977745036,CASH_IN,653836.56,2026-01-06 12:32:12.0000000,Cash Deposit,Bangalore,0,1,Medium
265285,C933966729,M163842001,PAYMENT,51113.81,2026-01-08 12:05:39.0000000,Online Payment,Pune,0,1,Medium
265355,C1595189647,M2134611661,PAYMENT,78733.66,2026-01-13 14:41:13.0000000,Online Payment,Mumbai,0,1,Medium
265400,C682875208,C1340123681,DEBIT,94893.79,2026-01-01 08:00:02.0000000,Retail Debit,Delhi,0,1,Medium
265756,C643978287,M791741634,PAYMENT,82624.67,2026-01-18 00:12:32.0000000,Online Payment,Kolkata,0,1,Medium
265783,C1627613187,C1388213832,TRANSFER,4514806.00,2026-01-16 09:40:22.0000000,Wire Transfer,Bangalore,0,1,Medium
265794,C791027205,C1659407269,CASH_IN,615006.94,2026-01-10 12:24:30.0000000,Cash Deposit,Pune,0,1,Medium
265978,C732231359,C1360213023,CASH_IN,782858.19,2026-01-16 12:25:52.0000000,Cash Deposit,Ahmedabad,0,1,Medium
266254,C285585349,M529914939,PAYMENT,54973.78,2026-01-17 10:59:08.0000000,Online Payment,Hyderabad,0,1,Medium
266298,C928644072,C487457911,CASH_IN,762057.75,2026-01-07 11:17:25.0000000,Cash Deposit,Bangalore,0,1,Medium
266311,C1137784944,M898598096,PAYMENT,64020.54,2026-01-15 13:03:03.0000000,Online Payment,Mumbai,0,1,Medium
266732,C1466251064,C1240587156,TRANSFER,4516513.00,2026-01-16 16:01:04.0000000,Wire Transfer,Pune,0,1,Medium
266874,C1493790903,M1601939463,PAYMENT,55555.75,2026-01-13 20:14:29.0000000,Online Payment,Hyderabad,0,1,Medium
266993,C422102126,M2085322979,PAYMENT,68987.11,2026-01-14 10:07:12.0000000,Online Payment,Kolkata,0,1,Medium
267072,C876864769,M1797100349,PAYMENT,78754.44,2026-01-15 13:58:37.0000000,Online Payment,Kolkata,0,1,Medium
267143,C1787423226,C1421584804,CASH_IN,628226.63,2026-01-15 15:57:24.0000000,Wire Transfer,Kolkata,0,1,Medium
267232,C889125244,M1333070056,PAYMENT,57249.50,2026-01-09 20:29:46.0000000,Online Payment,Ahmedabad,0,1,Medium
267464,C582156367,C1532811995,CASH_IN,559721.50,2026-01-07 17:08:49.0000000,Cash Deposit,Hyderabad,0,1,Medium
267852,C416649130,M1588273274,PAYMENT,53702.86,2026-01-10 20:43:08.0000000,Online Payment,Ahmedabad,0,1,Medium
267854,C864434186,M2030319934,PAYMENT,54370.64,2026-01-17 14:05:42.0000000,Online Payment,Chennai,0,1,Medium
267954,C965481946,M712288949,PAYMENT,73189.13,2026-01-13 10:11:36.0000000,Online Payment,Kolkata,0,1,Medium
268492,C754761287,M757837883,PAYMENT,52267.37,2026-01-01 10:56:08.0000000,Online Payment,Hyderabad,0,1,Medium
268515,C1717044,M522410503,PAYMENT,52172.05,2026-01-16 11:50:37.0000000,Online Payment,Hyderabad,0,1,Medium
268626,C1422880903,C139435113,CASH_IN,621696.56,2026-01-08 09:14:10.0000000,Cash Deposit,Hyderabad,0,1,Medium
268654,C1199747609,C1139972603,CASH_IN,709491.50,2026-01-13 19:38:33.0000000,Cash Deposit,Bangalore,0,1,Medium
268690,C760832277,M2054855179,PAYMENT,56560.55,2026-01-13 13:53:14.0000000,Online Payment,Bangalore,0,1,Medium
268726,C2053161203,C752617468,TRANSFER,4303645.50,2026-01-14 11:31:28.0000000,Wire Transfer,Bangalore,0,1,Medium
268779,C927343477,M1118517202,PAYMENT,66801.41,2026-01-08 15:03:21.0000000,Online Payment,Mumbai,0,1,Medium
268855,C20380459,M1638296607,PAYMENT,51664.80,2026-01-13 23:00:10.0000000,Online Payment,Hyderabad,0,1,Medium
268993,C99984796,M361551394,PAYMENT,69704.87,2026-01-11 10:49:18.0000000,Online Payment,Bangalore,0,1,Medium
269104,C855401214,C1356064594,CASH_IN,691789.69,2026-01-08 10:10:26.0000000,Wire Transfer,Ahmedabad,0,1,Medium
269116,C1132897322,C185767641,CASH_IN,737171.13,2026-01-13 01:50:12.0000000,Cash Deposit,Delhi,0,1,Medium
269162,C278461075,M978011804,PAYMENT,69014.33,2026-01-13 18:36:33.0000000,Online Payment,Delhi,0,1,Medium
269322,C1063498900,M832801519,PAYMENT,56047.03,2026-01-01 09:14:23.0000000,Online Payment,Delhi,0,1,Medium
269368,C1119429821,C1937282284,CASH_IN,628870.00,2026-01-06 11:09:29.0000000,Cash Deposit,Kolkata,0,1,Medium
269595,C111625807,M1881250985,PAYMENT,54651.97,2026-01-08 17:08:24.0000000,Online Payment,Delhi,0,1,Medium
269603,C1495504791,C2100584284,TRANSFER,5633817.50,2026-01-16 10:10:31.0000000,Wire Transfer,Hyderabad,0,1,Medium
269629,C1407446849,C1353380319,TRANSFER,5549251.50,2026-01-08 10:15:29.0000000,Wire Transfer,Bangalore,0,1,Medium
269646,C1463387988,C420327417,CASH_IN,586778.00,2026-01-13 16:10:22.0000000,Cash Deposit,Chennai,0,1,Medium
269688,C1190718749,M1210730683,PAYMENT,56450.82,2026-01-11 12:02:13.0000000,Online Payment,Mumbai,0,1,Medium
269819,C1823530078,M2019291394,PAYMENT,53484.87,2026-01-15 14:08:48.0000000,Online Payment,Bangalore,0,1,Medium
269823,C403211986,M670908019,PAYMENT,58972.61,2026-01-16 20:35:11.0000000,Online Payment,Pune,0,1,Medium
269839,C200082758,M1495135712,PAYMENT,55148.99,2026-01-11 10:03:58.0000000,Online Payment,Hyderabad,0,1,Medium
269970,C736608761,M756419222,PAYMENT,73549.98,2026-01-12 22:17:39.0000000,Online Payment,Hyderabad,0,1,Medium
270043,C356621296,C2080338110,TRANSFER,5554621.00,2026-01-15 11:51:14.0000000,Wire Transfer,Pune,0,1,Medium
270071,C1341909708,M1918798566,PAYMENT,65227.24,2026-01-17 13:38:40.0000000,Online Payment,Chennai,0,1,Medium
270157,C1977377216,M463305183,PAYMENT,60231.34,2026-01-17 10:03:23.0000000,Online Payment,Pune,0,1,Medium
270233,C892311198,M518565643,PAYMENT,56037.75,2026-01-01 14:05:27.0000000,Online Payment,Kolkata,0,1,Medium
270356,C1768047422,M181347930,PAYMENT,54782.20,2026-01-14 10:59:51.0000000,Online Payment,Delhi,0,1,Medium
270365,C1196185679,M689892397,PAYMENT,50612.05,2026-01-06 14:37:04.0000000,Online Payment,Hyderabad,0,1,Medium
270376,C442927516,C1808974560,CASH_IN,576128.38,2026-01-21 12:38:16.0000000,Cash Deposit,Pune,0,1,Medium
270615,C1933639297,C1557132043,TRANSFER,4560185.50,2026-01-12 16:08:15.0000000,Wire Transfer,Pune,0,1,Medium
270629,C312007380,C244684090,CASH_IN,562593.81,2026-01-06 09:03:03.0000000,Cash Deposit,Mumbai,0,1,Medium
270711,C1834099527,C263227171,CASH_IN,650964.00,2026-01-16 19:39:47.0000000,Cash Deposit,Bangalore,0,1,Medium
270714,C1091664544,M17103846,PAYMENT,64554.07,2026-01-11 12:58:12.0000000,Online Payment,Mumbai,0,1,Medium
270883,C895517306,M1782164408,PAYMENT,64238.50,2026-01-17 17:25:30.0000000,Online Payment,Hyderabad,0,1,Medium
270995,C1744642689,C722491384,TRANSFER,4522733.50,2026-01-13 16:39:53.0000000,Wire Transfer,Chennai,0,1,Medium
271158,C470017262,M1621695141,PAYMENT,54722.05,2026-01-01 12:12:45.0000000,Online Payment,Kolkata,0,1,Medium
271236,C20633827,C1609759484,TRANSFER,4401041.00,2026-01-13 16:34:44.0000000,Wire Transfer,Hyderabad,0,1,Medium
271716,C360737415,C761382410,CASH_IN,559121.00,2026-01-15 18:34:25.0000000,Cash Deposit,Ahmedabad,0,1,Medium
271850,C603982300,M1933864134,PAYMENT,59793.31,2026-01-16 21:17:20.0000000,Online Payment,Bangalore,0,1,Medium
271879,C1067053782,M1309447064,PAYMENT,61435.41,2026-01-06 12:02:23.0000000,Online Payment,Delhi,0,1,Medium
271925,C76482455,M1296780088,PAYMENT,77003.96,2026-01-02 21:40:56.0000000,Online Payment,Mumbai,0,1,Medium
271996,C555455737,M1796233629,PAYMENT,51122.31,2026-01-08 17:31:57.0000000,Online Payment,Hyderabad,0,1,Medium
272147,C357902518,M2079423141,PAYMENT,52222.30,2026-01-16 15:18:05.0000000,Online Payment,Delhi,0,1,Medium
272174,C459288685,M225536899,PAYMENT,59968.59,2026-01-13 17:16:40.0000000,Online Payment,Delhi,0,1,Medium
272257,C1519442778,C1496008024,DEBIT,113889.51,2026-01-13 11:12:38.0000000,Retail Debit,Bangalore,0,1,Medium
272320,C924438926,M202532336,PAYMENT,66884.67,2026-01-07 16:03:34.0000000,Online Payment,Mumbai,0,1,Medium
272392,C1328056644,C538545923,CASH_IN,719892.63,2026-01-11 10:09:36.0000000,Wire Transfer,Hyderabad,0,1,Medium
272436,C1548511819,M1375126809,PAYMENT,63004.04,2026-01-16 14:33:05.0000000,Online Payment,Mumbai,0,1,Medium
272667,C1970841903,M2068125725,PAYMENT,51420.01,2026-01-10 12:41:21.0000000,Online Payment,Bangalore,0,1,Medium
272669,C1450992600,C1633476927,CASH_IN,704549.88,2026-01-08 14:24:19.0000000,Cash Deposit,Kolkata,0,1,Medium
272874,C150770783,M612009364,PAYMENT,80732.34,2026-01-12 15:34:36.0000000,Online Payment,Bangalore,0,1,Medium
272901,C434403304,C66207672,TRANSFER,4220611.50,2026-01-13 18:08:19.0000000,Wire Transfer,Hyderabad,0,1,Medium
273094,C456648415,M42323387,PAYMENT,82888.06,2026-01-13 00:37:54.0000000,Online Payment,Bangalore,0,1,Medium
273100,C15352402,C306206744,CASH_IN,596591.06,2026-01-01 07:05:16.0000000,Wire Transfer,Kolkata,0,1,Medium
273292,C1353933343,M2043898590,PAYMENT,130956.78,2026-01-13 14:10:50.0000000,Online Payment,Hyderabad,0,1,Medium
273339,C1868840989,M345141486,PAYMENT,51108.11,2026-01-11 12:17:52.0000000,Online Payment,Chennai,0,1,Medium
273390,C1999303221,C1604648314,CASH_IN,593425.69,2026-01-08 11:17:54.0000000,Cash Deposit,Ahmedabad,0,1,Medium
273686,C125081139,C1087470396,CASH_IN,579409.50,2026-01-10 19:13:56.0000000,Cash Deposit,Ahmedabad,0,1,Medium
273701,C817420979,M1620103626,PAYMENT,55031.35,2026-01-02 15:15:09.0000000,Online Payment,Pune,0,1,Medium
273791,C988075479,C1817805905,TRANSFER,5210980.00,2026-01-14 12:04:45.0000000,Wire Transfer,Bangalore,0,1,Medium
273912,C1196488579,M339870848,PAYMENT,57935.22,2026-01-13 13:18:42.0000000,Online Payment,Hyderabad,0,1,Medium
274081,C1342273804,C248863438,TRANSFER,8034257.00,2026-01-13 16:23:16.0000000,Wire Transfer,Bangalore,0,1,Medium
274202,C58403386,M209059445,PAYMENT,66536.63,2026-01-03 01:14:33.0000000,Online Payment,Ahmedabad,0,1,Medium
274270,C1696347635,C1903695296,TRANSFER,5849720.50,2026-01-14 11:57:32.0000000,Wire Transfer,Pune,0,1,Medium
274382,C780303391,M1385137084,PAYMENT,55568.87,2026-01-13 10:27:11.0000000,Online Payment,Mumbai,0,1,Medium
274456,C113590311,C510382951,CASH_IN,586976.88,2026-01-01 14:12:29.0000000,Cash Deposit,Delhi,0,1,Medium
274468,C683982560,M1795455205,PAYMENT,51711.31,2026-01-13 00:49:07.0000000,Online Payment,Kolkata,0,1,Medium
274543,C1732528482,C327760565,TRANSFER,5326409.50,2026-01-15 09:38:34.0000000,Wire Transfer,Delhi,0,1,Medium
274783,C352891273,M761922539,PAYMENT,64673.96,2026-01-16 17:34:10.0000000,Online Payment,Hyderabad,0,1,Medium
274816,C520543402,M1343051171,PAYMENT,60533.39,2026-01-27 13:22:31.0000000,Online Payment,Hyderabad,0,1,Medium
274894,C545603205,M124375734,PAYMENT,58521.80,2026-01-01 13:30:42.0000000,Online Payment,Ahmedabad,0,1,Medium
274912,C1554094440,M396770520,PAYMENT,69633.03,2026-01-13 00:18:15.0000000,Online Payment,Pune,0,1,Medium
275015,C1312121800,C463755612,CASH_IN,821001.94,2026-01-13 15:14:51.0000000,Cash Deposit,Ahmedabad,0,1,Medium
275054,C2007662538,M112711415,PAYMENT,63269.14,2026-01-09 18:21:38.0000000,Online Payment,Kolkata,0,1,Medium
275171,C652250968,M520453314,PAYMENT,58322.09,2026-01-10 12:44:40.0000000,Online Payment,Pune,0,1,Medium
275214,C2124235118,M200286385,PAYMENT,50751.05,2026-01-15 13:37:54.0000000,Online Payment,Bangalore,0,1,Medium
275288,C358987695,C684994567,CASH_IN,602483.56,2026-01-09 10:19:04.0000000,Wire Transfer,Pune,0,1,Medium
275416,C797543207,M640792293,PAYMENT,78015.29,2026-01-23 22:45:06.0000000,Online Payment,Pune,0,1,Medium
275458,C1847476972,M1389906265,PAYMENT,68216.83,2026-01-06 09:26:30.0000000,Online Payment,Pune,0,1,Medium
275543,C1372676696,M1550708210,PAYMENT,50927.35,2026-01-22 16:47:54.0000000,Online Payment,Chennai,0,1,Medium
275620,C954459009,M205696273,PAYMENT,54011.53,2026-01-02 10:46:57.0000000,Online Payment,Bangalore,0,1,Medium
275670,C1691113705,M197594911,PAYMENT,50605.23,2026-01-02 14:44:14.0000000,Online Payment,Mumbai,0,1,Medium
275703,C1901987859,C1883950292,TRANSFER,5726084.00,2026-01-15 09:15:13.0000000,Wire Transfer,Mumbai,0,1,Medium
275815,C2033934182,C1787521094,TRANSFER,6825015.00,2026-01-15 18:03:17.0000000,Wire Transfer,Pune,0,1,Medium
276038,C407994507,M1734242599,PAYMENT,51071.88,2026-01-01 13:24:02.0000000,Online Payment,Bangalore,0,1,Medium
276107,C760987411,M1926040174,PAYMENT,76423.74,2026-01-09 17:02:27.0000000,Online Payment,Bangalore,0,1,Medium
276150,C1008629104,C1449457070,TRANSFER,5811610.00,2026-01-16 13:36:56.0000000,Wire Transfer,Hyderabad,0,1,Medium
276193,C1852881108,M459691475,PAYMENT,68388.08,2026-01-13 12:11:23.0000000,Online Payment,Hyderabad,0,1,Medium
276226,C1211257304,C877351474,TRANSFER,9059425.00,2026-01-13 17:31:42.0000000,Wire Transfer,Hyderabad,0,1,Medium
276492,C629896891,M645866392,PAYMENT,68876.17,2026-01-10 11:47:21.0000000,Online Payment,Chennai,0,1,Medium
276517,C74096607,M73889735,PAYMENT,78065.16,2026-01-14 13:30:22.0000000,Online Payment,Chennai,0,1,Medium
276698,C1798937342,M2002581465,PAYMENT,54553.85,2026-01-14 16:34:58.0000000,Online Payment,Pune,0,1,Medium
276820,C706822071,C736977975,CASH_IN,549258.94,2026-01-13 10:44:56.0000000,Cash Deposit,Bangalore,0,1,Medium
276867,C1509253905,M1780645657,PAYMENT,81645.24,2026-01-15 10:29:35.0000000,Online Payment,Mumbai,0,1,Medium
277148,C1539069992,M2075091281,PAYMENT,56441.07,2026-01-21 12:26:01.0000000,Online Payment,Mumbai,0,1,Medium
277372,C6854475,M709966010,PAYMENT,64043.48,2026-01-09 19:46:36.0000000,Online Payment,Hyderabad,0,1,Medium
277390,C1277393087,M2121787713,PAYMENT,54511.14,2026-01-17 14:08:37.0000000,Online Payment,Bangalore,0,1,Medium
277436,C1281498735,M193297562,PAYMENT,52678.66,2026-01-10 13:32:04.0000000,Online Payment,Delhi,0,1,Medium
277518,C994358816,C791263708,CASH_IN,558955.88,2026-01-17 15:12:23.0000000,Cash Deposit,Kolkata,0,1,Medium
277568,C363471755,M1246750006,PAYMENT,65121.66,2026-01-13 15:25:05.0000000,Online Payment,Mumbai,0,1,Medium
277589,C1095727580,M490350529,PAYMENT,58446.37,2026-01-09 17:56:31.0000000,Online Payment,Pune,0,1,Medium
277595,C1308336001,M114843233,PAYMENT,55126.97,2026-01-15 12:33:47.0000000,Online Payment,Pune,0,1,Medium
277669,C905220954,M827224289,PAYMENT,78733.52,2026-01-11 10:02:51.0000000,Online Payment,Ahmedabad,0,1,Medium
277738,C437763789,C51694666,CASH_IN,893155.50,2026-01-12 18:00:28.0000000,Cash Deposit,Delhi,0,1,Medium
277839,C2100239684,C1987522403,TRANSFER,4987409.00,2026-01-08 10:15:12.0000000,Wire Transfer,Hyderabad,0,1,Medium
277889,C474868471,M1162957925,PAYMENT,73849.44,2026-01-09 20:17:30.0000000,Online Payment,Delhi,0,1,Medium
277992,C1684429582,M2089248082,PAYMENT,62295.48,2026-01-02 12:41:12.0000000,Online Payment,Pune,0,1,Medium
278057,C1749520943,M694645727,PAYMENT,62991.01,2026-01-13 18:03:09.0000000,Online Payment,Mumbai,0,1,Medium
278113,C1910474547,C1734639634,TRANSFER,7433979.50,2026-01-23 10:23:17.0000000,Wire Transfer,Mumbai,0,1,Medium
278122,C254244892,M381032947,PAYMENT,77289.30,2026-01-15 19:45:49.0000000,Online Payment,Delhi,0,1,Medium
278277,C276618372,M518470428,PAYMENT,66090.40,2026-01-22 18:32:38.0000000,Online Payment,Chennai,0,1,Medium
278687,C1176645975,M1343034322,PAYMENT,50754.78,2026-01-11 13:56:07.0000000,Online Payment,Chennai,0,1,Medium
278691,C1513981746,M1511490993,PAYMENT,60062.71,2026-01-13 15:00:42.0000000,Online Payment,Delhi,0,1,Medium
279029,C472884327,M1437708607,PAYMENT,59957.41,2026-01-14 20:19:06.0000000,Online Payment,Mumbai,0,1,Medium
279085,C1407055914,M589112861,PAYMENT,55545.02,2026-01-06 13:44:07.0000000,Online Payment,Hyderabad,0,1,Medium
279149,C637905679,M1029019978,PAYMENT,60357.17,2026-01-13 09:00:20.0000000,Online Payment,Ahmedabad,0,1,Medium
279214,C1569265146,M1958381717,PAYMENT,57745.57,2026-01-07 23:31:05.0000000,Online Payment,Ahmedabad,0,1,Medium
279245,C1058766441,M548392438,PAYMENT,58479.54,2026-01-02 19:38:46.0000000,Online Payment,Pune,0,1,Medium
279276,C1420205029,C1901200042,TRANSFER,6572687.00,2026-01-14 15:55:41.0000000,Wire Transfer,Bangalore,0,1,Medium
279351,C1700859900,M439511656,PAYMENT,65541.55,2026-01-10 11:31:27.0000000,Online Payment,Pune,0,1,Medium
279488,C1058454736,M786110672,PAYMENT,63876.50,2026-01-10 11:38:11.0000000,Online Payment,Bangalore,0,1,Medium
279520,C284802906,M257494471,PAYMENT,58599.75,2026-01-15 13:17:18.0000000,Online Payment,Ahmedabad,0,1,Medium
279556,C1270571620,M1533550612,PAYMENT,50678.10,2026-01-22 21:37:51.0000000,Online Payment,Kolkata,0,1,Medium
279643,C494146593,M485324346,PAYMENT,54147.70,2026-01-23 10:15:56.0000000,Online Payment,Ahmedabad,0,1,Medium
279657,C1080314259,C1311839277,CASH_IN,555452.00,2026-01-17 15:02:25.0000000,Cash Deposit,Mumbai,0,1,Medium
279675,C89672805,M150202225,PAYMENT,50735.44,2026-01-12 15:35:22.0000000,Online Payment,Bangalore,0,1,Medium
279858,C819183394,M1222940310,PAYMENT,50754.70,2026-01-08 12:37:11.0000000,Online Payment,Hyderabad,0,1,Medium
279940,C776780575,M222025064,PAYMENT,81096.60,2026-01-15 11:50:44.0000000,Online Payment,Pune,0,1,Medium
280054,C1394344759,M507423536,PAYMENT,51922.00,2026-01-06 11:19:40.0000000,Online Payment,Mumbai,0,1,Medium
280110,C1492646658,M1371464634,PAYMENT,58504.73,2026-01-14 13:14:53.0000000,Online Payment,Chennai,0,1,Medium
280189,C1632697104,C794265294,CASH_IN,664924.69,2026-01-08 00:23:52.0000000,Cash Deposit,Hyderabad,0,1,Medium
280190,C1744384407,M2133996819,PAYMENT,91243.89,2026-01-14 11:40:42.0000000,Online Payment,Hyderabad,0,1,Medium
280520,C1157618623,M482368345,PAYMENT,80091.94,2026-01-14 11:58:08.0000000,Online Payment,Mumbai,0,1,Medium
280575,C795230403,M1923096285,PAYMENT,77600.32,2026-01-15 11:56:38.0000000,Online Payment,Pune,0,1,Medium
280633,C412820737,C162596838,CASH_IN,585795.81,2026-01-02 16:04:12.0000000,Cash Deposit,Bangalore,0,1,Medium
280654,C1269442173,M1765048574,PAYMENT,61685.48,2026-01-13 11:21:26.0000000,Online Payment,Hyderabad,0,1,Medium
280728,C2027527870,M752853995,PAYMENT,59363.47,2026-01-08 18:07:32.0000000,Online Payment,Ahmedabad,0,1,Medium
280806,C2086416175,C1777776953,TRANSFER,4765510.00,2026-01-13 17:39:43.0000000,Wire Transfer,Hyderabad,0,1,Medium
280815,C94681270,M102827660,PAYMENT,67985.09,2026-01-17 15:14:23.0000000,Online Payment,Pune,0,1,Medium
280863,C1956997338,M685741708,PAYMENT,70433.38,2026-01-13 09:22:32.0000000,Online Payment,Pune,0,1,Medium
281054,C2008382848,M309649253,PAYMENT,65171.82,2026-01-08 13:40:30.0000000,Online Payment,Chennai,0,1,Medium
281169,C1205175459,M978026059,PAYMENT,57137.59,2026-01-06 13:39:57.0000000,Online Payment,Chennai,0,1,Medium
281298,C1598097046,C2007149130,CASH_IN,656723.75,2026-01-01 08:33:31.0000000,Cash Deposit,Kolkata,0,1,Medium
281302,C1212021261,C1090036086,TRANSFER,8009602.00,2026-01-13 18:32:34.0000000,Wire Transfer,Hyderabad,0,1,Medium
281330,C706250472,C1015463320,CASH_IN,645304.88,2026-01-02 23:27:56.0000000,Cash Deposit,Bangalore,0,1,Medium
281337,C1797598041,M615928402,PAYMENT,74160.84,2026-01-10 10:27:44.0000000,Online Payment,Pune,0,1,Medium
281353,C2032019808,C656005326,CASH_IN,611587.88,2026-01-08 18:56:48.0000000,Cash Deposit,Chennai,0,1,Medium
281882,C1842414208,M905431716,PAYMENT,51199.07,2026-01-13 17:17:03.0000000,Online Payment,Chennai,0,1,Medium
281973,C643401028,C1617381549,CASH_IN,597445.31,2026-01-17 19:20:32.0000000,Cash Deposit,Mumbai,0,1,Medium
281991,C1910218066,M693398397,PAYMENT,58425.41,2026-01-13 21:32:53.0000000,Online Payment,Mumbai,0,1,Medium
282108,C1243992375,M17051284,PAYMENT,52502.50,2026-01-14 14:51:22.0000000,Online Payment,Bangalore,0,1,Medium
282322,C1758357892,C523286804,TRANSFER,9356939.00,2026-01-15 12:42:55.0000000,Wire Transfer,Mumbai,0,1,Medium
282324,C1124404816,M1269015413,PAYMENT,56782.43,2026-01-17 13:49:37.0000000,Online Payment,Pune,0,1,Medium
282454,C1158670696,M1154585689,PAYMENT,52064.19,2026-01-08 16:51:31.0000000,Online Payment,Mumbai,0,1,Medium
282507,C24784941,M1403386010,PAYMENT,59170.02,2026-01-10 18:32:29.0000000,Online Payment,Ahmedabad,0,1,Medium
282782,C381325278,C1990445771,CASH_IN,685333.56,2026-01-14 18:32:42.0000000,Cash Deposit,Kolkata,0,1,Medium
282827,C1800367019,C1712533432,CASH_IN,576522.38,2026-01-01 15:29:03.0000000,Cash Deposit,Hyderabad,0,1,Medium
283014,C1991769994,C1816715712,CASH_IN,613993.00,2026-01-07 14:44:44.0000000,Cash Deposit,Pune,0,1,Medium
283052,C1034311798,C266616250,TRANSFER,5952838.00,2026-01-12 22:34:53.0000000,Wire Transfer,Pune,0,1,Medium
283210,C365211191,M1362947968,PAYMENT,56783.71,2026-01-14 17:49:05.0000000,Online Payment,Ahmedabad,0,1,Medium
283211,C1580549775,M1379288063,PAYMENT,55272.06,2026-01-12 10:25:39.0000000,Online Payment,Mumbai,0,1,Medium
283446,C1733683639,M656851445,PAYMENT,57304.07,2026-01-13 10:33:22.0000000,Online Payment,Ahmedabad,0,1,Medium
283455,C627470825,M1965883021,PAYMENT,85094.52,2026-01-13 09:34:24.0000000,Online Payment,Kolkata,0,1,Medium
283662,C369811498,M831966895,PAYMENT,55891.70,2026-01-11 11:42:53.0000000,Online Payment,Bangalore,0,1,Medium
283729,C1016998068,M939500162,PAYMENT,79064.15,2026-01-17 17:36:10.0000000,Online Payment,Delhi,0,1,Medium
283917,C826226156,M447008849,PAYMENT,63385.97,2026-01-13 09:19:25.0000000,Online Payment,Kolkata,0,1,Medium
283921,C705835697,M1225959117,PAYMENT,54330.81,2026-01-15 12:43:45.0000000,Online Payment,Bangalore,0,1,Medium
284085,C1319951209,M922135842,PAYMENT,55334.21,2026-01-15 13:32:35.0000000,Online Payment,Mumbai,0,1,Medium
284110,C2013249252,M1961553256,PAYMENT,60454.21,2026-01-02 19:49:20.0000000,Online Payment,Ahmedabad,0,1,Medium
284233,C1321828591,M903958695,PAYMENT,65913.53,2026-01-13 12:02:43.0000000,Online Payment,Bangalore,0,1,Medium
284246,C1723540085,M591912773,PAYMENT,87881.78,2026-01-06 14:24:36.0000000,Online Payment,Bangalore,0,1,Medium
284307,C1079280843,M332170216,PAYMENT,68975.93,2026-01-07 13:08:48.0000000,Online Payment,Mumbai,0,1,Medium
284409,C2056259646,M625919878,PAYMENT,51482.02,2026-01-17 16:21:50.0000000,Online Payment,Kolkata,0,1,Medium
284439,C560819727,C1641033375,CASH_IN,554112.75,2026-01-09 13:54:24.0000000,Cash Deposit,Bangalore,0,1,Medium
284464,C1440956397,M1375255460,PAYMENT,53503.60,2026-01-12 21:14:33.0000000,Online Payment,Delhi,0,1,Medium
284542,C1339947205,M453945587,PAYMENT,55530.92,2026-01-08 13:40:41.0000000,Online Payment,Chennai,0,1,Medium
284549,C2126280437,M1010123835,PAYMENT,51394.07,2026-01-06 18:07:16.0000000,Online Payment,Delhi,0,1,Medium
284594,C1884171207,M715298022,PAYMENT,83586.60,2026-01-17 15:07:57.0000000,Online Payment,Chennai,0,1,Medium
284674,C1626905783,M2122145282,PAYMENT,82161.53,2026-01-17 13:03:37.0000000,Online Payment,Chennai,0,1,Medium
284738,C1913642100,M1129866604,PAYMENT,83645.21,2026-01-14 12:12:35.0000000,Online Payment,Kolkata,0,1,Medium
284739,C1245606265,M169042508,PAYMENT,66557.53,2026-01-10 11:46:27.0000000,Online Payment,Ahmedabad,0,1,Medium
284809,C1444409954,M1066052501,PAYMENT,76146.84,2026-01-23 12:43:54.0000000,Online Payment,Chennai,0,1,Medium
284831,C505690018,M959035232,PAYMENT,52783.94,2026-01-08 10:07:48.0000000,Online Payment,Pune,0,1,Medium
284934,C1247332885,M59145238,PAYMENT,52396.27,2026-01-10 13:15:43.0000000,Online Payment,Bangalore,0,1,Medium
285012,C832735973,C965690704,CASH_IN,550190.44,2026-01-13 12:58:54.0000000,Cash Deposit,Bangalore,0,1,Medium
285080,C1892584286,M281610383,PAYMENT,66297.51,2026-01-19 19:57:23.0000000,Online Payment,Kolkata,0,1,Medium
285179,C267381534,C1921283275,TRANSFER,7052060.00,2026-01-16 15:01:13.0000000,Wire Transfer,Ahmedabad,0,1,Medium
285228,C1962840400,M1123872620,PAYMENT,65998.61,2026-01-14 11:42:51.0000000,Online Payment,Kolkata,0,1,Medium
285441,C530039440,M1561369346,PAYMENT,61438.75,2026-01-17 13:19:26.0000000,Online Payment,Ahmedabad,0,1,Medium
285731,C1218874154,C1232706569,CASH_IN,627520.81,2026-01-23 23:03:53.0000000,Cash Deposit,Chennai,0,1,Medium
285866,C1360820235,M1534550887,PAYMENT,57229.42,2026-01-13 14:11:26.0000000,Online Payment,Kolkata,0,1,Medium
285925,C1583223763,M1700028437,PAYMENT,66039.92,2026-01-17 12:06:59.0000000,Online Payment,Pune,0,1,Medium
286048,C1758938351,C2074601041,TRANSFER,4324032.00,2026-01-12 13:38:52.0000000,Wire Transfer,Delhi,0,1,Medium
286086,C1473551757,M462343778,PAYMENT,63179.26,2026-01-07 16:48:58.0000000,Online Payment,Hyderabad,0,1,Medium
286204,C1256133426,C779022502,CASH_IN,633103.19,2026-01-11 14:02:36.0000000,Cash Deposit,Kolkata,0,1,Medium
286239,C1851036708,M1418767648,PAYMENT,55245.04,2026-01-09 12:27:19.0000000,Online Payment,Hyderabad,0,1,Medium
286261,C648327788,C1012807933,CASH_IN,565975.44,2026-01-25 18:22:44.0000000,Cash Deposit,Mumbai,0,1,Medium
286410,C1926681966,C8886281,CASH_IN,610754.13,2026-01-07 12:55:56.0000000,Cash Deposit,Bangalore,0,1,Medium
286466,C1861935725,C1218440640,CASH_IN,608117.25,2026-01-17 15:19:53.0000000,Cash Deposit,Chennai,0,1,Medium
286597,C315924817,C1770484351,TRANSFER,6639831.00,2026-01-13 16:17:19.0000000,Wire Transfer,Ahmedabad,0,1,Medium
286608,C374664066,M1603162375,PAYMENT,54140.47,2026-01-07 13:27:50.0000000,Online Payment,Pune,0,1,Medium
286673,C683905858,C1000322805,CASH_IN,609694.25,2026-01-09 12:50:01.0000000,Cash Deposit,Kolkata,0,1,Medium
286845,C575062838,C1440282299,TRANSFER,6856339.50,2026-01-13 15:26:18.0000000,Wire Transfer,Bangalore,0,1,Medium
287226,C1344224432,M1216533941,PAYMENT,56060.78,2026-01-17 16:06:32.0000000,Online Payment,Chennai,0,1,Medium
287435,C1502707739,C1871050045,TRANSFER,4702052.00,2026-01-17 09:53:17.0000000,Wire Transfer,Kolkata,0,1,Medium
287440,C1648033944,M637405796,PAYMENT,53950.71,2026-01-06 18:42:40.0000000,Online Payment,Chennai,0,1,Medium
287523,C583740206,C22272767,CASH_IN,738688.94,2026-01-01 13:32:50.0000000,Wire Transfer,Ahmedabad,0,1,Medium
287668,C544903848,M242688544,PAYMENT,67045.14,2026-01-14 16:47:18.0000000,Online Payment,Ahmedabad,0,1,Medium
287716,C1990487378,M1079666716,PAYMENT,55010.93,2026-01-16 11:44:07.0000000,Online Payment,Mumbai,0,1,Medium
287741,C595237091,C1230733898,CASH_IN,698321.69,2026-01-09 11:27:22.0000000,Cash Deposit,Delhi,0,1,Medium
287751,C1583505732,M1834919603,PAYMENT,64940.46,2026-01-17 16:41:06.0000000,Online Payment,Pune,0,1,Medium
287830,C594909688,M467391170,PAYMENT,57094.32,2026-01-13 10:06:13.0000000,Online Payment,Ahmedabad,0,1,Medium
288007,C36628164,M1238440793,PAYMENT,65449.53,2026-01-01 12:00:14.0000000,Online Payment,Kolkata,0,1,Medium
288070,C112583291,M479895412,PAYMENT,59325.59,2026-01-13 17:33:15.0000000,Online Payment,Pune,0,1,Medium
288140,C911120261,C532794898,CASH_IN,564001.81,2026-01-17 19:52:48.0000000,Cash Deposit,Pune,0,1,Medium
288148,C1564739071,C1962277143,CASH_IN,813160.81,2026-01-06 11:19:29.0000000,Cash Deposit,Pune,0,1,Medium
288554,C1000196421,C1828698875,CASH_IN,573122.38,2026-01-02 12:07:06.0000000,Cash Deposit,Delhi,0,1,Medium
288569,C600386976,M109716450,PAYMENT,103730.57,2026-01-27 13:14:26.0000000,Online Payment,Delhi,0,1,Medium
288757,C1549366003,M1735678946,PAYMENT,51131.97,2026-01-13 12:31:56.0000000,Online Payment,Bangalore,0,1,Medium
288789,C1896925834,M618898247,PAYMENT,81234.60,2026-01-09 21:00:07.0000000,Online Payment,Kolkata,0,1,Medium
288869,C1610164801,M1739526378,PAYMENT,53064.72,2026-01-14 12:09:52.0000000,Online Payment,Ahmedabad,0,1,Medium
289305,C1591128741,M1690050107,PAYMENT,54948.45,2026-01-06 15:20:39.0000000,Online Payment,Kolkata,0,1,Medium
289375,C550610065,C121280641,CASH_IN,555954.69,2026-01-12 23:45:38.0000000,Wire Transfer,Hyderabad,0,1,Medium
289601,C407866172,M1876436120,PAYMENT,167499.30,2026-01-12 18:19:29.0000000,Online Payment,Hyderabad,0,1,Medium
289729,C1223199554,M577162082,PAYMENT,57413.04,2026-01-22 18:58:59.0000000,Online Payment,Chennai,0,1,Medium
289908,C581457295,C979719862,CASH_IN,655244.56,2026-01-02 12:18:21.0000000,Cash Deposit,Kolkata,0,1,Medium
290063,C1536618589,M1479550893,PAYMENT,53378.95,2026-01-06 19:22:35.0000000,Online Payment,Hyderabad,0,1,Medium
290112,C227429614,M61711291,PAYMENT,55112.47,2026-01-14 11:50:19.0000000,Online Payment,Pune,0,1,Medium
290134,C450936010,M1439660364,PAYMENT,61257.28,2026-01-17 18:38:09.0000000,Online Payment,Bangalore,0,1,Medium
290292,C1138349056,C1539831881,CASH_IN,593856.25,2026-01-18 01:00:11.0000000,Cash Deposit,Delhi,0,1,Medium
290673,C696781282,M1272275426,PAYMENT,107198.97,2026-01-13 09:05:46.0000000,Online Payment,Delhi,0,1,Medium
290699,C231770412,M1410162468,PAYMENT,52943.84,2026-01-10 16:20:32.0000000,Online Payment,Mumbai,0,1,Medium
290858,C983286288,C698652941,CASH_IN,636806.75,2026-01-16 15:24:42.0000000,Cash Deposit,Delhi,0,1,Medium
290969,C1475837894,C2119123648,TRANSFER,5857338.00,2026-01-13 15:48:02.0000000,Wire Transfer,Bangalore,0,1,Medium
290990,C708862893,M657206911,PAYMENT,51024.74,2026-01-13 11:28:49.0000000,Online Payment,Hyderabad,0,1,Medium
291120,C192018498,C723232128,CASH_IN,562404.50,2026-01-11 14:37:19.0000000,Cash Deposit,Mumbai,0,1,Medium
291437,C1422597211,C2100587265,CASH_IN,561833.94,2026-01-10 10:53:17.0000000,Cash Deposit,Delhi,0,1,Medium
291483,C910755556,C647836473,CASH_IN,567163.88,2026-01-13 21:13:06.0000000,Cash Deposit,Kolkata,0,1,Medium
291725,C563167360,C459560358,TRANSFER,5538679.00,2026-01-13 17:39:10.0000000,Wire Transfer,Kolkata,0,1,Medium
292009,C1194009535,M733831859,PAYMENT,96755.63,2026-01-14 12:15:59.0000000,Online Payment,Pune,0,1,Medium
292049,C1154821585,M1200077893,PAYMENT,69390.65,2026-01-13 13:31:48.0000000,Online Payment,Hyderabad,0,1,Medium
292132,C81943467,M1626822735,PAYMENT,68344.37,2026-01-17 16:00:05.0000000,Online Payment,Kolkata,0,1,Medium
292326,C1673382922,M170499816,PAYMENT,83239.08,2026-01-10 09:37:42.0000000,Online Payment,Ahmedabad,0,1,Medium
292384,C945537442,M650163783,PAYMENT,52284.75,2026-01-10 11:26:25.0000000,Online Payment,Pune,0,1,Medium
292415,C2139807865,C533619370,CASH_IN,573142.38,2026-01-10 14:28:57.0000000,Cash Deposit,Pune,0,1,Medium
292470,C1836615488,M1366407751,PAYMENT,52287.11,2026-01-15 14:34:12.0000000,Online Payment,Mumbai,0,1,Medium
292487,C293219690,M553434991,PAYMENT,64555.14,2026-01-10 09:29:20.0000000,Online Payment,Kolkata,0,1,Medium
292523,C1186722142,M935097624,PAYMENT,62805.69,2026-01-13 13:06:01.0000000,Online Payment,Kolkata,0,1,Medium
292602,C682817163,M1153113454,PAYMENT,60236.50,2026-01-10 18:55:41.0000000,Online Payment,Pune,0,1,Medium
292666,C1846824835,C264142753,TRANSFER,5383058.00,2026-01-17 19:14:45.0000000,Wire Transfer,Pune,0,1,Medium
292846,C707411382,M348110348,PAYMENT,61127.67,2026-01-15 13:54:03.0000000,Online Payment,Bangalore,0,1,Medium
292905,C1039406697,M1121708881,PAYMENT,50806.61,2026-01-14 16:23:08.0000000,Online Payment,Ahmedabad,0,1,Medium
293100,C1189695953,M1595767538,PAYMENT,55688.09,2026-01-11 11:05:55.0000000,Online Payment,Hyderabad,0,1,Medium
293134,C1618671861,M931546468,PAYMENT,93279.54,2026-01-13 15:54:24.0000000,Online Payment,Hyderabad,0,1,Medium
293166,C471140735,M844834362,PAYMENT,53298.14,2026-01-12 16:05:50.0000000,Online Payment,Chennai,0,1,Medium
293260,C876576070,C1412286749,TRANSFER,6246840.50,2026-01-15 17:04:23.0000000,Wire Transfer,Hyderabad,0,1,Medium
293327,C1956500256,C565196760,CASH_IN,630536.13,2026-01-08 19:11:11.0000000,Cash Deposit,Ahmedabad,0,1,Medium
293428,C1823203813,C1303122895,CASH_IN,558030.38,2026-01-14 17:39:37.0000000,Cash Deposit,Chennai,0,1,Medium
293504,C294381072,M1739016231,PAYMENT,60757.83,2026-01-10 11:02:40.0000000,Online Payment,Chennai,0,1,Medium
293667,C688812685,C593596322,TRANSFER,7633504.50,2026-01-13 19:23:37.0000000,Wire Transfer,Kolkata,0,1,Medium
293737,C1772552647,C1039766107,CASH_IN,629214.56,2026-01-17 15:33:43.0000000,Cash Deposit,Bangalore,0,1,Medium
294313,C1653886429,M2044466948,PAYMENT,56935.76,2026-01-11 16:04:24.0000000,Online Payment,Bangalore,0,1,Medium
294353,C1865784638,M1101186633,PAYMENT,60063.79,2026-01-14 10:23:58.0000000,Online Payment,Pune,0,1,Medium
294406,C324887243,M1646837034,PAYMENT,63035.46,2026-01-14 17:38:57.0000000,Online Payment,Kolkata,0,1,Medium
294487,C755814472,M1482744463,PAYMENT,60712.84,2026-01-01 13:51:08.0000000,Online Payment,Bangalore,0,1,Medium
294506,C596236222,M857421533,PAYMENT,69097.61,2026-01-11 12:49:15.0000000,Online Payment,Bangalore,0,1,Medium
294547,C1742487726,M624047533,PAYMENT,77603.38,2026-01-10 12:49:06.0000000,Online Payment,Ahmedabad,0,1,Medium
294596,C1407628025,M187814405,PAYMENT,83006.66,2026-01-14 20:05:01.0000000,Online Payment,Chennai,0,1,Medium
294719,C1736674838,M1958896890,PAYMENT,59052.77,2026-01-08 13:42:28.0000000,Online Payment,Pune,0,1,Medium
294787,C1125893147,C797178742,DEBIT,124784.10,2026-01-02 14:40:09.0000000,Retail Debit,Chennai,0,1,Medium
294862,C259256944,M945292339,PAYMENT,59547.88,2026-01-11 10:33:37.0000000,Online Payment,Pune,0,1,Medium
294898,C1136772572,M1576569828,PAYMENT,56613.61,2026-01-13 17:52:47.0000000,Online Payment,Delhi,0,1,Medium
295039,C2040690754,C1605967084,CASH_IN,569293.69,2026-01-13 17:57:57.0000000,Cash Deposit,Bangalore,0,1,Medium
295059,C375523485,M1243087941,PAYMENT,51484.93,2026-01-13 10:35:22.0000000,Online Payment,Bangalore,0,1,Medium
295208,C168308512,M841620067,PAYMENT,97715.30,2026-01-15 11:39:57.0000000,Online Payment,Kolkata,0,1,Medium
295399,C1815795753,M1342508292,PAYMENT,54169.22,2026-01-14 10:29:09.0000000,Online Payment,Hyderabad,0,1,Medium
295444,C1955239172,M1421015285,PAYMENT,57044.88,2026-01-06 09:41:07.0000000,Online Payment,Ahmedabad,0,1,Medium
295627,C1733883831,M375002667,PAYMENT,53077.10,2026-01-06 17:19:03.0000000,Online Payment,Bangalore,0,1,Medium
295650,C1662802094,C2134918824,CASH_IN,573696.94,2026-01-02 14:47:48.0000000,Cash Deposit,Kolkata,0,1,Medium
295877,C293993481,M1450919185,PAYMENT,55731.34,2026-01-15 00:48:40.0000000,Online Payment,Ahmedabad,0,1,Medium
295922,C1828931370,C974332436,CASH_IN,653553.13,2026-01-11 12:59:47.0000000,Cash Deposit,Pune,0,1,Medium
295965,C1048211056,C839977149,CASH_IN,650710.38,2026-01-01 17:32:23.0000000,Cash Deposit,Kolkata,0,1,Medium
296059,C1428503421,C1808035518,TRANSFER,5253668.00,2026-01-16 10:28:19.0000000,Wire Transfer,Ahmedabad,0,1,Medium
296179,C930632463,M283605692,PAYMENT,82128.75,2026-01-09 22:26:10.0000000,Online Payment,Ahmedabad,0,1,Medium
296182,C532657466,M475368748,PAYMENT,55600.44,2026-01-13 16:05:22.0000000,Online Payment,Hyderabad,0,1,Medium
296247,C1425082069,C1537072833,CASH_IN,805788.44,2026-01-13 13:18:25.0000000,Cash Deposit,Pune,0,1,Medium
296260,C1230896415,M1048852636,PAYMENT,56778.09,2026-01-01 13:28:19.0000000,Online Payment,Bangalore,0,1,Medium
296276,C1491535671,M1374729643,PAYMENT,56886.26,2026-01-11 11:11:31.0000000,Online Payment,Delhi,0,1,Medium
296392,C1487085915,C28603253,CASH_IN,790830.13,2026-01-16 11:17:40.0000000,Cash Deposit,Mumbai,0,1,Medium
296440,C972071100,C656955633,CASH_IN,564647.25,2026-01-10 12:55:15.0000000,Cash Deposit,Delhi,0,1,Medium
296657,C1472264763,M339827133,PAYMENT,57031.43,2026-01-14 23:56:04.0000000,Online Payment,Delhi,0,1,Medium
296736,C684392716,M1824261503,PAYMENT,56717.39,2026-01-09 20:59:07.0000000,Online Payment,Pune,0,1,Medium
296757,C2030144775,M974023134,PAYMENT,60315.49,2026-01-02 11:57:40.0000000,Online Payment,Mumbai,0,1,Medium
296795,C1981880801,M191170296,PAYMENT,62501.85,2026-01-18 00:28:29.0000000,Online Payment,Delhi,0,1,Medium
297014,C309247362,C1016893923,TRANSFER,4236079.00,2026-01-07 17:29:39.0000000,Wire Transfer,Mumbai,0,1,Medium
297166,C2006273690,M1321700026,PAYMENT,73259.63,2026-01-17 13:49:01.0000000,Online Payment,Chennai,0,1,Medium
297170,C907651003,M485451087,PAYMENT,84172.34,2026-01-09 01:41:14.0000000,Online Payment,Hyderabad,0,1,Medium
297242,C249778693,C1754974710,CASH_IN,622840.19,2026-01-17 17:34:06.0000000,Cash Deposit,Kolkata,0,1,Medium
297635,C2068918722,C1224420756,CASH_IN,604890.38,2026-01-15 14:20:20.0000000,Cash Deposit,Pune,0,1,Medium
297743,C1984810249,M976637903,PAYMENT,56536.70,2026-01-14 21:46:51.0000000,Online Payment,Hyderabad,0,1,Medium
297799,C1770611183,C816388007,CASH_IN,661964.25,2026-01-10 11:34:40.0000000,Cash Deposit,Bangalore,0,1,Medium
297918,C1854635276,C1225825378,TRANSFER,9338033.00,2026-01-14 15:54:52.0000000,Wire Transfer,Pune,0,1,Medium
297929,C2051221475,M1243710869,PAYMENT,52925.48,2026-01-07 16:20:21.0000000,Online Payment,Hyderabad,0,1,Medium
297945,C903629593,M1007701024,PAYMENT,60604.18,2026-01-06 15:54:00.0000000,Online Payment,Ahmedabad,0,1,Medium
297981,C2135411933,C2065540881,CASH_IN,735073.69,2026-01-11 10:03:58.0000000,Wire Transfer,Kolkata,0,1,Medium
298105,C851926470,C993939358,TRANSFER,9370549.00,2026-01-16 16:23:15.0000000,Wire Transfer,Mumbai,0,1,Medium
298324,C2030600578,M1189509796,PAYMENT,74693.52,2026-01-14 10:01:25.0000000,Online Payment,Bangalore,0,1,Medium
298502,C423282950,C1938860968,CASH_IN,635027.88,2026-01-25 22:04:38.0000000,Cash Deposit,Kolkata,0,1,Medium
298518,C1025955814,M1387913312,PAYMENT,65270.36,2026-01-10 10:12:59.0000000,Online Payment,Hyderabad,0,1,Medium
298574,C129733484,M472469956,PAYMENT,51704.04,2026-01-15 09:37:45.0000000,Online Payment,Delhi,0,1,Medium
298644,C2076123250,M788296965,PAYMENT,50852.32,2026-01-17 20:40:19.0000000,Online Payment,Kolkata,0,1,Medium
299000,C1554858054,M1700819353,PAYMENT,72179.64,2026-01-10 12:45:58.0000000,Online Payment,Mumbai,0,1,Medium
299065,C2002792457,M1650241580,PAYMENT,70787.19,2026-01-12 14:18:02.0000000,Online Payment,Bangalore,0,1,Medium
299097,C411821025,C1600835973,CASH_IN,620680.44,2026-01-08 22:29:16.0000000,Cash Deposit,Bangalore,0,1,Medium
299182,C806392397,C1247615506,TRANSFER,4716399.50,2026-01-08 10:58:46.0000000,Wire Transfer,Delhi,0,1,Medium
299339,C1719140940,M1928513764,PAYMENT,66731.41,2026-01-17 13:47:23.0000000,Online Payment,Kolkata,0,1,Medium
299437,C2090262951,C557034698,CASH_IN,597754.50,2026-01-10 10:03:13.0000000,Wire Transfer,Kolkata,0,1,Medium
299525,C1510782354,M1871895150,PAYMENT,50682.71,2026-01-06 12:40:35.0000000,Online Payment,Bangalore,0,1,Medium
299582,C952431267,C398247583,CASH_IN,556454.50,2026-01-11 13:03:23.0000000,Cash Deposit,Bangalore,0,1,Medium
299785,C798552499,M1262668250,PAYMENT,57125.10,2026-01-16 15:05:54.0000000,Online Payment,Mumbai,0,1,Medium
299795,C654910725,C141742790,CASH_IN,640387.63,2026-01-25 20:42:05.0000000,Cash Deposit,Mumbai,0,1,Medium
299917,C1356776480,M1341323475,PAYMENT,57810.39,2026-01-11 10:20:47.0000000,Online Payment,Ahmedabad,0,1,Medium
300052,C1052076113,C1072809263,CASH_IN,735063.88,2026-01-16 10:23:19.0000000,Cash Deposit,Hyderabad,0,1,Medium
300349,C1613728165,M856134031,PAYMENT,56074.62,2026-01-11 09:08:59.0000000,Online Payment,Delhi,0,1,Medium
300432,C1462354470,C1182955221,CASH_IN,583753.94,2026-01-25 18:44:07.0000000,Cash Deposit,Ahmedabad,0,1,Medium
300714,C846975051,C4969926,TRANSFER,6240454.50,2026-01-14 16:26:22.0000000,Wire Transfer,Hyderabad,0,1,Medium
300884,C1996174185,C905401272,CASH_IN,657046.31,2026-01-08 21:08:53.0000000,Cash Deposit,Chennai,0,1,Medium
300924,C1504877780,M530691041,PAYMENT,62526.18,2026-01-14 18:08:27.0000000,Online Payment,Pune,0,1,Medium
300925,C459086108,M1246511724,PAYMENT,56970.73,2026-01-14 14:05:54.0000000,Online Payment,Kolkata,0,1,Medium
300953,C1794834416,M1653282825,PAYMENT,74291.59,2026-01-10 12:31:52.0000000,Online Payment,Pune,0,1,Medium
301022,C1443422804,C183354406,CASH_IN,908091.50,2026-01-01 07:53:12.0000000,Wire Transfer,Mumbai,0,1,Medium
301080,C1166276054,M1438324710,PAYMENT,83064.00,2026-01-14 15:58:38.0000000,Online Payment,Hyderabad,0,1,Medium
301262,C115449173,M359371410,PAYMENT,52632.95,2026-01-13 10:03:34.0000000,Online Payment,Delhi,0,1,Medium
301276,C1725414124,C1144337274,CASH_IN,582872.44,2026-01-08 12:35:25.0000000,Cash Deposit,Ahmedabad,0,1,Medium
301297,C1745661856,M1733584731,PAYMENT,69784.04,2026-01-14 17:04:15.0000000,Online Payment,Kolkata,0,1,Medium
301416,C1372388890,M710219464,PAYMENT,65321.24,2026-01-13 17:51:14.0000000,Online Payment,Chennai,0,1,Medium
301433,C1938101442,C1119322431,CASH_IN,639078.38,2026-01-16 15:31:51.0000000,Cash Deposit,Ahmedabad,0,1,Medium
301492,C1567446316,M1194832300,PAYMENT,69794.06,2026-01-15 13:26:54.0000000,Online Payment,Ahmedabad,0,1,Medium
301659,C1100685027,M2134798822,PAYMENT,81090.05,2026-01-17 10:05:43.0000000,Online Payment,Hyderabad,0,1,Medium
301666,C236898142,C1308466824,CASH_IN,553527.13,2026-01-12 15:27:56.0000000,Cash Deposit,Hyderabad,0,1,Medium
301676,C627923777,M365288229,PAYMENT,70504.04,2026-01-18 14:33:56.0000000,Online Payment,Chennai,0,1,Medium
301719,C520688619,C1708033863,TRANSFER,4626415.50,2026-01-15 21:00:52.0000000,Wire Transfer,Delhi,0,1,Medium
301976,C1209828176,M1501643744,PAYMENT,50898.46,2026-01-13 12:09:31.0000000,Online Payment,Pune,0,1,Medium
302042,C499674179,M535470452,PAYMENT,87177.37,2026-01-14 15:01:25.0000000,Online Payment,Delhi,0,1,Medium
302072,C2049638541,M371122973,PAYMENT,53608.11,2026-01-01 17:14:29.0000000,Online Payment,Kolkata,0,1,Medium
302189,C1408196656,C276008159,CASH_IN,576123.56,2026-01-10 14:37:44.0000000,Cash Deposit,Kolkata,0,1,Medium
302283,C1999446056,C992331579,CASH_IN,597189.06,2026-01-07 11:11:21.0000000,Wire Transfer,Kolkata,0,1,Medium
302322,C388662487,M1779529847,PAYMENT,72761.82,2026-01-15 10:42:50.0000000,Online Payment,Kolkata,0,1,Medium
302324,C633546715,M2145478012,PAYMENT,85253.08,2026-01-15 11:04:01.0000000,Online Payment,Bangalore,0,1,Medium
302343,C854063103,M1988604180,PAYMENT,66381.97,2026-01-07 11:38:18.0000000,Online Payment,Hyderabad,0,1,Medium
302407,C12809358,C770497197,CASH_IN,803944.63,2026-01-08 15:08:58.0000000,Cash Deposit,Hyderabad,0,1,Medium
302489,C771560273,M1331218865,PAYMENT,55826.22,2026-01-15 14:27:55.0000000,Online Payment,Mumbai,0,1,Medium
302510,C714095305,M1277321155,PAYMENT,74008.40,2026-01-14 16:37:28.0000000,Online Payment,Pune,0,1,Medium
302518,C402679509,C53262190,CASH_IN,594633.13,2026-01-17 13:04:30.0000000,Cash Deposit,Pune,0,1,Medium
302591,C1246220129,M302211890,PAYMENT,85428.52,2026-01-19 19:08:32.0000000,Online Payment,Mumbai,0,1,Medium
302635,C415937981,M855805145,PAYMENT,56328.88,2026-01-16 10:33:38.0000000,Online Payment,Chennai,0,1,Medium
302778,C622767115,C484701870,CASH_IN,566522.00,2026-01-01 16:29:33.0000000,Wire Transfer,Chennai,0,1,Medium
302910,C979902324,M640153629,PAYMENT,94574.03,2026-01-10 20:08:30.0000000,Online Payment,Hyderabad,0,1,Medium
303020,C1208653922,M133634193,PAYMENT,82484.53,2026-01-17 10:33:26.0000000,Online Payment,Pune,0,1,Medium
303080,C665463033,C1028002387,CASH_IN,576495.44,2026-01-10 13:57:44.0000000,Cash Deposit,Delhi,0,1,Medium
303175,C959891718,C1722067317,CASH_IN,741515.63,2026-01-12 16:01:48.0000000,Cash Deposit,Kolkata,0,1,Medium
303222,C321410123,C1085348267,CASH_IN,607667.94,2026-01-10 18:46:20.0000000,Cash Deposit,Delhi,0,1,Medium
303236,C629091440,C562022251,CASH_IN,554082.75,2026-01-16 12:30:18.0000000,Cash Deposit,Kolkata,0,1,Medium
303339,C30137374,C677726441,TRANSFER,7543864.50,2026-01-13 13:34:11.0000000,Wire Transfer,Hyderabad,0,1,Medium
303385,C1773076882,M1966703986,PAYMENT,78611.85,2026-01-09 23:18:28.0000000,Online Payment,Ahmedabad,0,1,Medium
303496,C1188249614,M2083844006,PAYMENT,63100.75,2026-01-02 19:17:25.0000000,Online Payment,Bangalore,0,1,Medium
303576,C1617189384,C1439661734,CASH_IN,567094.69,2026-01-14 16:09:21.0000000,Cash Deposit,Hyderabad,0,1,Medium
303743,C618253910,M1707059711,PAYMENT,83566.52,2026-01-13 14:27:41.0000000,Online Payment,Delhi,0,1,Medium
303804,C1932532962,M1085835073,PAYMENT,62092.54,2026-01-10 12:20:38.0000000,Online Payment,Chennai,0,1,Medium
303860,C185134784,C723509030,TRANSFER,7913057.00,2026-01-13 17:10:04.0000000,Wire Transfer,Kolkata,0,1,Medium
303867,C353600787,M2106891472,PAYMENT,61898.34,2026-01-17 17:10:24.0000000,Online Payment,Chennai,0,1,Medium
303934,C1442831882,C1441283114,TRANSFER,4690940.00,2026-01-16 15:22:35.0000000,Wire Transfer,Ahmedabad,0,1,Medium
304053,C676124842,C1213978959,CASH_IN,604693.25,2026-01-08 14:17:01.0000000,Cash Deposit,Ahmedabad,0,1,Medium
304073,C1612229214,M645744421,PAYMENT,66200.09,2026-01-15 10:28:53.0000000,Online Payment,Bangalore,0,1,Medium
304098,C1146752663,M462349716,PAYMENT,64870.47,2026-01-13 15:11:13.0000000,Online Payment,Ahmedabad,0,1,Medium
304288,C1885566813,C4773245,CASH_IN,623845.69,2026-01-14 18:22:35.0000000,Cash Deposit,Hyderabad,0,1,Medium
304712,C635352820,M2073305075,PAYMENT,63238.17,2026-01-09 16:54:51.0000000,Online Payment,Ahmedabad,0,1,Medium
304973,C1522974672,M195461852,PAYMENT,62516.66,2026-01-06 09:22:43.0000000,Online Payment,Ahmedabad,0,1,Medium
305073,C88057206,M1204977180,PAYMENT,56793.01,2026-01-10 09:32:33.0000000,Online Payment,Kolkata,0,1,Medium
305109,C1319274385,M1861315989,PAYMENT,58901.83,2026-01-15 10:59:40.0000000,Online Payment,Chennai,0,1,Medium
305206,C1032607671,M2140621922,PAYMENT,76324.56,2026-01-10 01:24:38.0000000,Online Payment,Pune,0,1,Medium
305298,C206196165,M36098054,PAYMENT,51829.01,2026-01-13 21:48:31.0000000,Online Payment,Hyderabad,0,1,Medium
305339,C1165686346,M853605055,PAYMENT,53309.33,2026-01-06 09:18:06.0000000,Online Payment,Delhi,0,1,Medium
305486,C1206578050,M1252269454,PAYMENT,60507.62,2026-01-14 17:04:35.0000000,Online Payment,Kolkata,0,1,Medium
305596,C728360592,M1538795178,PAYMENT,81251.69,2026-01-13 00:00:10.0000000,Online Payment,Chennai,0,1,Medium
305791,C901953998,M237009791,PAYMENT,66915.23,2026-01-08 18:15:25.0000000,Online Payment,Delhi,0,1,Medium
305806,C642910255,M1003364422,PAYMENT,62057.89,2026-01-17 18:04:50.0000000,Online Payment,Kolkata,0,1,Medium
305874,C1755842798,M249448892,PAYMENT,64769.98,2026-01-15 12:34:42.0000000,Online Payment,Delhi,0,1,Medium
305903,C635998251,M924763762,PAYMENT,58750.23,2026-01-17 17:48:51.0000000,Online Payment,Bangalore,0,1,Medium
305907,C488419812,M1969097759,PAYMENT,60037.80,2026-01-14 11:28:28.0000000,Online Payment,Kolkata,0,1,Medium
305914,C487344950,M650209815,PAYMENT,53019.38,2026-01-17 11:32:46.0000000,Online Payment,Ahmedabad,0,1,Medium
305975,C625899849,M250016765,PAYMENT,60819.64,2026-01-08 13:41:30.0000000,Online Payment,Pune,0,1,Medium
306019,C819826164,C1630975556,CASH_IN,601530.06,2026-01-17 12:43:50.0000000,Cash Deposit,Delhi,0,1,Medium
306138,C2036601910,M1432105502,PAYMENT,89079.66,2026-01-11 10:53:40.0000000,Online Payment,Delhi,0,1,Medium
306177,C1318898987,M441268012,PAYMENT,53595.87,2026-01-22 18:51:57.0000000,Online Payment,Bangalore,0,1,Medium
306231,C1907063631,M1411932689,PAYMENT,54512.89,2026-01-13 21:03:29.0000000,Online Payment,Bangalore,0,1,Medium
306257,C643064638,C1464984894,DEBIT,77527.30,2026-01-01 12:03:15.0000000,Retail Debit,Chennai,0,1,Medium
306268,C618638951,C1171530213,CASH_IN,569006.56,2026-01-06 14:34:56.0000000,Cash Deposit,Chennai,0,1,Medium
306315,C1655802563,M1252155770,PAYMENT,74441.07,2026-01-12 17:04:56.0000000,Online Payment,Ahmedabad,0,1,Medium
306318,C864536629,C1595216598,CASH_IN,568077.50,2026-01-01 16:42:19.0000000,Cash Deposit,Hyderabad,0,1,Medium
306455,C1011063041,M150029046,PAYMENT,80378.46,2026-01-15 13:55:01.0000000,Online Payment,Kolkata,0,1,Medium
306459,C523161887,C454317647,CASH_IN,559582.75,2026-01-07 14:15:40.0000000,Cash Deposit,Bangalore,0,1,Medium
306463,C340042545,C577924039,TRANSFER,6211246.50,2026-01-14 12:40:49.0000000,Wire Transfer,Delhi,0,1,Medium
306569,C538926958,C1514453373,TRANSFER,5126096.50,2026-01-17 10:38:53.0000000,Wire Transfer,Delhi,0,1,Medium
306675,C362444625,M1981210503,PAYMENT,74022.74,2026-01-17 12:32:10.0000000,Online Payment,Ahmedabad,0,1,Medium
306677,C55896321,C189327596,TRANSFER,7420615.50,2026-01-15 11:01:30.0000000,Wire Transfer,Delhi,0,1,Medium
306687,C489154556,M468673489,PAYMENT,53522.25,2026-01-14 17:38:08.0000000,Online Payment,Pune,0,1,Medium
306737,C1328891560,M376013465,PAYMENT,58993.59,2026-01-06 09:52:47.0000000,Online Payment,Mumbai,0,1,Medium
307115,C1034045825,M991338602,PAYMENT,57222.72,2026-01-12 23:49:25.0000000,Online Payment,Chennai,0,1,Medium
307129,C571123807,M1356665950,PAYMENT,66511.09,2026-01-13 21:12:15.0000000,Online Payment,Delhi,0,1,Medium
307192,C1840406809,M925863439,PAYMENT,68096.39,2026-01-17 17:05:13.0000000,Online Payment,Mumbai,0,1,Medium
307368,C343280759,M849694287,PAYMENT,67356.93,2026-01-17 13:24:56.0000000,Online Payment,Chennai,0,1,Medium
307541,C1386559814,C1697188146,TRANSFER,6875138.50,2026-01-13 14:55:42.0000000,Wire Transfer,Bangalore,0,1,Medium
307544,C1469431301,C935294042,CASH_IN,600937.50,2026-01-06 12:46:33.0000000,Cash Deposit,Pune,0,1,Medium
307761,C493275533,M865703063,PAYMENT,53828.61,2026-01-14 21:28:11.0000000,Online Payment,Delhi,0,1,Medium
307877,C1526081095,C1731773592,CASH_IN,686665.38,2026-01-12 10:43:42.0000000,Wire Transfer,Pune,0,1,Medium
307926,C1835202183,M1193122030,PAYMENT,69409.69,2026-01-09 14:04:06.0000000,Online Payment,Hyderabad,0,1,Medium
307969,C2115069762,C801736599,TRANSFER,6253680.50,2026-01-14 15:33:12.0000000,Wire Transfer,Hyderabad,0,1,Medium
307979,C589445396,M939655414,PAYMENT,62668.22,2026-01-06 13:41:59.0000000,Online Payment,Mumbai,0,1,Medium
